0.0,-0.4621148116228032,-1.7043246670622736e-06,0.0,-1.2782435002689496e-06
0.0,-0.46208141854652796,-4.3582051289070556e-05,0.0,-1.860209507320576e-06
0.0,-0.4620624063661781,-6.0315396108734376e-05,0.0,-9.300333197792554e-06
0.0,-0.46209376369287325,-2.961441765270134e-05,0.0,-1.310372462759446e-07
0.0,-0.46210436611842376,-1.573967418211364e-05,0.0,-5.24655806022345e-07
0.0,-0.46210494729333573,-1.503636600019842e-05,0.0,-4.889875120372977e-07
0.0,-0.4621114713798914,-7.1150428990751635e-06,0.0,-1.1475875638655708e-07
0.0,-0.4620919512584042,-3.169777508726934e-05,0.0,-3.521975012743539e-07
0.0,-0.46211164527318516,0.0,-7.008690776633131e-06,0.0
0.0,-0.46211520080087953,-1.8657853524395307e-06,0.0,-6.219284509612066e-07
0.0,-0.4621171572600098,0.0,0.0,0.0
0.0,-0.4621171572600098,0.0,0.0,0.0
0.0,-0.4621007986758423,-2.0800399364584443e-05,0.0,0.0
0.0,-0.4621171572600098,0.0,0.0,0.0
0.0,-0.4621171572600098,0.0,0.0,0.0
0.0,-0.4621171572600098,0.0,0.0,0.0
0.0,-0.46210099467545473,0.0,0.0,-2.055118271748757e-05
0.0,-0.4621171572600098,0.0,0.0,0.0
0.0,-0.4621171572600098,0.0,0.0,0.0
0.0,-0.4621171572600098,0.0,0.0,0.0
0.0,-0.4621171572600098,0.0,0.0,0.0
0.0,-0.46211414743535306,0.0,0.0,-3.827106630827082e-06
0.0,-0.4621171572600098,0.0,0.0,0.0
0.0,-0.4621171572600098,0.0,0.0,0.0
-8.995718038029565e-06,-0.46210300781825553,0.0,0.0,-8.995718038029565e-06
-1.0365487073893398e-05,-0.46210900530715104,0.0,0.0,0.0
0.0,-0.46210920816760304,-1.0107544270554492e-05,0.0,0.0
0.0,-0.4621171572600098,0.0,0.0,0.0
-9.843488531946498e-06,-0.46210941583555476,0.0,0.0,0.0
0.0,-0.4621171572600098,0.0,0.0,0.0
0.0,-0.4621171572600098,0.0,0.0,0.0
0.0,-0.4621024067198565,-9.37787197308193e-06,0.0,-9.37787197308193e-06
-2.2336884894391673e-05,-0.4620995902861922,0.0,0.0,0.0
-1.1535089742498172e-05,-0.4621080854664744,0.0,0.0,0.0
0.0,-0.4621171572600098,0.0,0.0,0.0
0.0,-0.4621171572600098,0.0,0.0,0.0
-4.586693086006122e-06,-0.46211174645123787,-2.293346543003061e-06,0.0,0.0
0.0,-0.4621171572600098,0.0,0.0,0.0
0.0,-0.4621171572600098,0.0,0.0,0.0
-4.300927279876632e-06,-0.46211377479877813,0.0,0.0,0.0
0.0,-0.4621171572600098,0.0,0.0,0.0
0.0,-0.4621171572600098,0.0,0.0,0.0
0.0,-0.4621171572600098,0.0,0.0,0.0
0.0,-0.4621171572600098,0.0,0.0,0.0
0.0,-0.4621171572600098,0.0,0.0,0.0
0.0,-0.4621171572600098,0.0,0.0,0.0
0.0,-0.4621171572600098,0.0,0.0,0.0
0.0,-0.4621171572600098,0.0,0.0,0.0
0.0,-0.4621171572600098,0.0,0.0,0.0
0.0,-0.4621171572600098,0.0,0.0,0.0
-1.0745293560932012e-05,-0.4621087066062862,0.0,0.0,0.0
0.0,-0.4621171572600098,0.0,0.0,0.0
0.0,-0.4621171572600098,0.0,0.0,0.0
-8.029935599562776e-06,-0.46211084211192743,0.0,0.0,0.0
0.0,-0.4621171572600098,0.0,0.0,0.0
0.0,-0.4621171572600098,0.0,0.0,0.0
-9.888067080354723e-06,-0.4621016042219963,-9.888067080354723e-06,0.0,0.0
0.0,-0.4621171572600098,0.0,0.0,0.0
0.0,-0.4621171572600098,0.0,0.0,0.0
0.0,-0.4621171572600098,0.0,0.0,0.0
0.0,-0.4621171572600098,0.0,0.0,0.0
0.0,-0.4621171572600098,0.0,0.0,0.0
-1.5408557911933407e-05,-0.46210503914828394,0.0,0.0,0.0
-8.326533330937913e-06,-0.462110608851551,0.0,0.0,0.0
0.0,-0.4621098552925127,0.0,0.0,-9.284706231627027e-06
0.0,-0.4621171572600098,0.0,0.0,0.0
-9.732738986967249e-06,-0.46210950293507125,0.0,0.0,0.0
0.0,-0.4621171572600098,0.0,0.0,0.0
0.0,-0.4621171572600098,0.0,0.0,0.0
-8.187594157105238e-06,-0.4621107181207832,0.0,0.0,0.0
0.0,-0.4621171572600098,0.0,0.0,0.0
0.0,-0.4621171572600098,0.0,0.0,0.0
0.0,-0.4621171572600098,0.0,0.0,0.0
0.0,-0.4621009061701482,-1.0331859320977799e-05,0.0,-1.0331859320977799e-05
0.0,-0.46210238233354817,0.0,0.0,-1.878675158073495e-05
-1.2471627047649925e-05,-0.46210734892066263,0.0,0.0,0.0
0.0,-0.4621171572600098,0.0,0.0,0.0
0.0,-0.4621171572600098,0.0,0.0,0.0
0.0,-0.4621171572600098,0.0,0.0,0.0
0.0,-0.4621088434668802,0.0,0.0,-1.0571271512271885e-05
0.0,-0.4621171572600098,0.0,0.0,0.0
0.0,-0.4621171572600098,0.0,0.0,0.0
0.0,-0.4621171572600098,0.0,0.0,0.0
0.0,-0.4621171572600098,0.0,0.0,0.0
0.0,-0.4621171572600098,0.0,0.0,0.0
0.0,-0.4620867606439557,0.0,-3.864983249823872e-05,0.0
0.0,-0.4621171572600098,0.0,0.0,0.0
0.0,-0.4621171572600098,0.0,0.0,0.0
0.0,-0.4621031944693248,-8.877052818156983e-06,0.0,-8.877052818156983e-06
0.0,-0.4621171572600098,0.0,0.0,0.0
0.0,-0.4621171572600098,0.0,0.0,0.0
0.0,-0.4621070954347921,0.0,0.0,-1.2793940788791147e-05
0.0,-0.4621171572600098,0.0,0.0,0.0
0.0,-0.4621171572600098,0.0,0.0,0.0
0.0,-0.4621171572600098,0.0,0.0,0.0
0.0,-0.4621171572600098,0.0,0.0,0.0
0.0,-0.4621171572600098,0.0,0.0,0.0
0.0,-0.4621171572600098,0.0,0.0,0.0
0.0,-0.4621171572600098,0.0,0.0,0.0
0.0,-0.4621171572600098,0.0,0.0,0.0
0.0,-0.4621022991504131,-9.446260225365322e-06,0.0,-9.446260225365322e-06
0.0,-0.4621171572600098,0.0,0.0,0.0
-8.84188933469865e-06,-0.46209629595282964,-8.84188933469865e-06,0.0,-8.84188933469865e-06
0.0,-0.4621171572600098,0.0,0.0,0.0
0.0,-0.4621171572600098,0.0,0.0,0.0
0.0,-0.4458397435283199,-0.012582861747295726,0.0,-0.007920482172812826
0.0,-0.4621171572600098,0.0,0.0,0.0
0.0,-0.4621171572600098,0.0,0.0,0.0
0.0,-0.4621171572600098,0.0,0.0,0.0
0.0,-0.4621171572600098,0.0,0.0,0.0
0.0,-0.4621171572600098,0.0,0.0,0.0
0.0,-0.4621171572600098,0.0,0.0,0.0
0.0,-0.4621171572600098,0.0,0.0,0.0
0.0,-0.4621107929487256,-8.092448127161589e-06,0.0,0.0
-1.0724780677873191e-05,-0.46210028813390014,-1.0724780677873191e-05,0.0,0.0
0.0,-0.4621171572600098,0.0,0.0,0.0
0.0,-0.4621171572600098,0.0,0.0,0.0
-1.0828370329951653e-05,-0.4621086412700983,0.0,0.0,0.0
0.0,-0.4621171572600098,0.0,0.0,0.0
-1.0512594087463967e-05,-0.4621088896140576,0.0,0.0,0.0
-1.0967317393806297e-05,-0.4621085319943943,0.0,0.0,0.0
0.0,-0.4621171572600098,0.0,0.0,0.0
0.0,-0.4621171572600098,0.0,0.0,0.0
0.0,-0.4621171572600098,0.0,0.0,0.0
0.0,-0.4621171572600098,0.0,0.0,0.0
0.0,-0.4621171572600098,0.0,0.0,0.0
-1.0306303334539635e-05,-0.46210905185251316,0.0,0.0,0.0
0.0,-0.4621171572600098,0.0,0.0,0.0
0.0,-0.4621023801126122,-9.394787771621615e-06,0.0,-9.394787771621615e-06
-1.1215791834384703e-05,-0.4621083365802304,0.0,0.0,0.0
0.0,-0.4621171572600098,0.0,0.0,0.0
0.0,-0.4621171572600098,0.0,0.0,0.0
0.0,-0.4621171572600098,0.0,0.0,0.0
0.0,-0.4621171572600098,0.0,0.0,0.0
0.0,-0.4621171572600098,0.0,0.0,0.0
0.0,-0.4621171572600098,0.0,0.0,0.0
-8.12334486832711e-06,-0.46211076864987155,0.0,0.0,0.0
0.0,-0.46208696370140334,0.0,-3.839164595886846e-05,0.0
0.0,-0.4621171572600098,0.0,0.0,0.0
0.0,-0.4621171572600098,0.0,0.0,0.0
0.0,-0.4621171572600098,0.0,0.0,0.0
0.0,-0.4621171572600098,0.0,0.0,0.0
0.0,-0.45845677034597,0.0,0.0,-0.004644340279957304
0.0,-0.4621067057853828,-1.328938975042604e-05,0.0,0.0
0.0,-0.4621171572600098,0.0,0.0,0.0
0.0,-0.4621171572600098,0.0,0.0,0.0
0.0,-0.4621171572600098,0.0,0.0,0.0
0.0,-0.4621171572600098,0.0,0.0,0.0
0.0,-0.4621171572600098,0.0,0.0,0.0
0.0,-0.4621171572600098,0.0,0.0,0.0
0.0,-0.4621097475560668,-9.42169628204148e-06,0.0,0.0
0.0,-0.4621171572600098,0.0,0.0,0.0
0.0,-0.4621171572600098,0.0,0.0,0.0
-1.097357562940271e-05,-0.4621085270725691,0.0,0.0,0.0
0.0,-0.4621171572600098,0.0,0.0,0.0
0.0,-0.4621171572600098,0.0,0.0,0.0
0.0,-0.4621171572600098,0.0,0.0,0.0
0.0,-0.4616834816882094,0.0,0.0,-0.0005512954886786048
0.0,-0.4621171572600098,0.0,0.0,0.0
0.0,-0.4621171572600098,0.0,0.0,0.0
-1.0167768174418335e-05,-0.4621091608042066,0.0,0.0,0.0
0.0,-0.4621171572600098,0.0,0.0,0.0
0.0,-0.4621171572600098,0.0,0.0,0.0
0.0,-0.4621171572600098,0.0,0.0,0.0
0.0,-0.4621171572600098,0.0,0.0,0.0
0.0,-0.4621171572600098,0.0,0.0,0.0
-1.3404466367439305e-05,-0.46210661528252184,0.0,0.0,0.0
0.0,-0.4621095182509274,0.0,0.0,-9.71326443377496e-06
-1.9736322725782962e-05,-0.4621016355321792,0.0,0.0,0.0
0.0,-0.4621171572600098,0.0,0.0,0.0
0.0,-0.4621171572600098,0.0,0.0,0.0
0.0,-0.46210881560125117,0.0,0.0,-1.0606703436222276e-05
0.0,-0.4621171572600098,0.0,0.0,0.0
0.0,-0.4621171572600098,0.0,0.0,0.0
0.0,-0.4621171572600098,0.0,0.0,0.0
0.0,-0.4621171572600098,0.0,0.0,0.0
0.0,-0.4621171572600098,0.0,0.0,0.0
-1.0559662090514621e-05,-0.4621088525971727,0.0,0.0,0.0
-1.079097874134849e-05,-0.4621086706769221,0.0,0.0,0.0
0.0,-0.4621171572600098,0.0,0.0,0.0
0.0,-0.4621171572600098,0.0,0.0,0.0
0.0,-0.4621171572600098,0.0,0.0,0.0
0.0,-0.4621171572600098,0.0,0.0,0.0
0.0,-0.4621171572600098,0.0,0.0,0.0
0.0,-0.4621171572600098,0.0,0.0,0.0
0.0,-0.4621171572600098,0.0,0.0,0.0
0.0,-0.4621171572600098,0.0,0.0,0.0
0.0,-0.4621171572600098,0.0,0.0,0.0
0.0,-0.4621171572600098,0.0,0.0,0.0
0.0,-0.4621171572600098,0.0,0.0,0.0
0.0,-0.46210953439235836,-9.692740137290379e-06,0.0,0.0
0.0,-0.4621102203537313,-8.820520057684078e-06,0.0,0.0
0.0,-0.4621171572600098,0.0,0.0,0.0
0.0,-0.4621171572600098,0.0,0.0,0.0
0.0,-0.4621171572600098,0.0,0.0,0.0
0.0,-0.4620976779729805,-2.476841531173779e-05,0.0,0.0
0.0,-0.4621095569348601,0.0,0.0,-9.664076693782775e-06
0.0,-0.46209801367938097,-2.4341560775908988e-05,0.0,0.0
0.0,-0.4621171572600098,0.0,0.0,0.0
0.0,-0.46210100562941747,-1.0268627289478083e-05,0.0,-1.0268627289478083e-05
0.0,-0.4621171572600098,0.0,0.0,0.0
0.0,-0.4621171572600098,0.0,0.0,0.0
0.0,-0.4621171572600098,0.0,0.0,0.0
0.0,-0.4621171572600098,0.0,0.0,0.0
0.0,-0.4621109228125124,-7.92732230892046e-06,0.0,0.0
0.0,-0.4621171572600098,0.0,0.0,0.0
0.0,-0.462017272336556,0.0,0.0,-0.00012700025331768838
0.0,-0.4621171572600098,0.0,0.0,0.0
-1.2836311356845265e-05,-0.46210706211216024,0.0,0.0,0.0
0.0,-0.4621171572600098,0.0,0.0,0.0
0.0,-0.46210692099210293,-1.3015749055544923e-05,0.0,0.0
0.0,-0.4621171572600098,0.0,0.0,0.0
0.0,-0.462108687311629,-1.0769827251677633e-05,0.0,0.0
0.0,-0.4621171572600098,0.0,0.0,0.0
0.0,-0.4621171572600098,0.0,0.0,0.0
0.0,-0.4621171572600098,0.0,0.0,0.0
0.0,-0.4621171572600098,0.0,0.0,0.0
-9.38508897030399e-06,-0.4621023953680773,-9.38508897030399e-06,0.0,0.0
0.0,-0.4621171572600098,0.0,0.0,0.0
-1.032119560695488e-05,-0.4459191976702772,-0.012570554058827343,0.0,-0.007823306658253149
0.0,-0.4621171572600098,0.0,0.0,0.0
0.0,-0.4621171572600098,0.0,0.0,0.0
0.0,-0.4621171572600098,0.0,0.0,0.0
0.0,-0.4621171572600098,0.0,0.0,0.0
0.0,-0.4621171572600098,0.0,0.0,0.0
0.0,-0.4621171572600098,0.0,0.0,0.0
0.0,-0.46210904382500073,0.0,0.0,-1.0316510542951463e-05
0.0,-0.4621171572600098,0.0,0.0,0.0
0.0,-0.4621171572600098,0.0,0.0,0.0
0.0,-0.4621171572600098,0.0,0.0,0.0
0.0,-0.46210220707197425,-1.9009599845687397e-05,0.0,0.0
0.0,-0.4621171572600098,0.0,0.0,0.0
0.0,-0.4621171572600098,0.0,0.0,0.0
0.0,-0.4621171572600098,0.0,0.0,0.0
0.0,-0.46169460078405955,0.0,0.0,-0.00053716422066441
0.0,-0.4621171572600098,0.0,0.0,0.0
0.0,-0.45849036294398493,0.0,0.0,-0.004601808252270634
0.0,-0.4621171572600098,0.0,0.0,0.0
0.0,-0.4621171572600098,0.0,0.0,0.0
0.0,-0.4621171572600098,0.0,0.0,0.0
0.0,-0.4621171572600098,0.0,0.0,0.0
0.0,-0.4621171572600098,0.0,0.0,0.0
0.0,-0.4621171572600098,0.0,0.0,0.0
0.0,-0.4621022391176902,-1.8968853140899355e-05,0.0,0.0
-8.284866862107165e-06,-0.4620910944018376,-2.4854600581436515e-05,0.0,0.0
0.0,-0.4621171572600098,0.0,0.0,0.0
0.0,-0.4621171572600098,0.0,0.0,0.0
0.0,-0.4621171572600098,0.0,0.0,0.0
-3.6391691047299446e-06,-0.46211429523890424,0.0,0.0,0.0
0.0,-0.4621171572600098,0.0,0.0,0.0
0.0,-0.46210964700662627,-9.549547828613392e-06,0.0,0.0
-8.031805951436155e-06,-0.4621108406409826,0.0,0.0,0.0
0.0,-0.4621171572600098,0.0,0.0,0.0
-7.895775759769741e-06,-0.46210473793948736,-7.895775759769741e-06,0.0,0.0
0.0,-0.4621171572600098,0.0,0.0,0.0
0.0,-0.4621171572600098,0.0,0.0,0.0
-4.533831450159731e-06,-0.4620886318101731,-2.720298869496318e-05,0.0,-4.533831450159731e-06
0.0,-0.4621171572600098,0.0,0.0,0.0
0.0,-0.46208937400598227,-2.6495213191868316e-05,0.0,-8.831737732473144e-06
0.0,-0.4621171572600098,0.0,0.0,0.0
0.0,-0.4621171572600098,0.0,0.0,0.0
0.0,-0.4617845308835863,-0.0004228651986363241,0.0,0.0
0.0,-0.4621171572600098,0.0,0.0,0.0
0.0,-0.4621171572600098,0.0,0.0,0.0
0.0,-0.4620759962411565,-5.233662915116177e-05,0.0,0.0
-4.389044943819975e-06,-0.4621068019336628,-8.778089887528928e-06,0.0,0.0
0.0,-0.46209840889544507,-1.1919519404268719e-05,0.0,-1.1919519404268719e-05
0.0,-0.46210966032286394,-9.532615844798364e-06,0.0,0.0
0.0,-0.46210642050901696,-1.3652125635088552e-05,0.0,0.0
0.0,-0.4621171572600098,0.0,0.0,0.0
0.0,-0.4621171572600098,0.0,0.0,0.0
0.0,-0.4621171572600098,0.0,0.0,0.0
0.0,-0.4621171572600098,0.0,0.0,0.0
0.0,-0.4621171572600098,0.0,0.0,0.0
-3.8067104690675535e-06,-0.4621141634759247,0.0,0.0,0.0
0.0,-0.4621171572600098,0.0,0.0,0.0
-3.892231883573238e-06,-0.46203756657772865,-3.892231883573238e-06,0.0,-9.341356493497432e-05
0.0,-0.4621171572600098,0.0,0.0,0.0
0.0,-0.4621171572600098,0.0,0.0,0.0
0.0,-0.46207429565778246,-5.449888271880088e-05,0.0,0.0
0.0,-0.4617853866157484,-0.00042177752536032287,0.0,0.0
0.0,-0.4621142976740332,-3.6360727505568846e-06,0.0,0.0
0.0,-0.4621099315723364,-9.18771418834119e-06,0.0,0.0
0.0,-0.4621171572600098,0.0,0.0,0.0
0.0,-0.462113878885555,-4.168577264596074e-06,0.0,0.0
0.0,-0.4621171572600098,0.0,0.0,0.0
0.0,-0.4621171572600098,0.0,0.0,0.0
-4.30507482229725e-06,-0.46211038580039865,0.0,0.0,-4.30507482229725e-06
0.0,-0.4621171572600098,0.0,0.0,0.0
0.0,-0.4621171572600098,0.0,0.0,0.0
0.0,-0.4619108599051024,-0.00022342678029652063,0.0,-3.8856831982791995e-05
0.0,-0.4620956098836383,-1.8265340600787106e-05,0.0,-9.132670301115198e-06
0.0,-0.4621108486974076,-8.02156195833792e-06,0.0,0.0
0.0,-0.4621066443123153,-1.3367554271503934e-05,0.0,0.0
0.0,-0.4621171572600098,0.0,0.0,0.0
-7.816530398385702e-06,-0.4621110099451933,0.0,0.0,0.0
-7.618409123666403e-06,-0.462111165758332,0.0,0.0,0.0
0.0,-0.4620975741727965,-2.4900398401306312e-05,0.0,0.0
0.0,-0.4621145866110433,-3.268678865353536e-06,0.0,0.0
0.0,-0.4621171572600098,0.0,0.0,0.0
0.0,-0.4621171572600098,0.0,0.0,0.0
0.0,-0.4621171572600098,0.0,0.0,0.0
0.0,-0.4621171572600098,0.0,0.0,0.0
0.0,-0.4621171572600098,0.0,0.0,0.0
0.0,-0.4621171572600098,0.0,0.0,0.0
-3.508058009304982e-06,-0.4621116394335826,-3.508058009304982e-06,0.0,0.0
0.0,-0.4621171572600098,0.0,0.0,0.0
0.0,-0.4621171572600098,0.0,0.0,0.0
0.0,-0.4621171572600098,0.0,0.0,0.0
0.0,-0.46210663784380734,-1.33757791384026e-05,0.0,0.0
0.0,-0.4621171572600098,0.0,0.0,0.0
0.0,-0.4621171572600098,0.0,0.0,0.0
0.0,-0.4621171572600098,0.0,0.0,0.0
0.0,-0.4621171572600098,0.0,0.0,0.0
0.0,-0.4621171572600098,0.0,0.0,0.0
0.0,-0.4621143905672698,-3.517955645682136e-06,0.0,0.0
0.0,-0.4621171572600098,0.0,0.0,0.0
0.0,-0.4621171572600098,0.0,0.0,0.0
0.0,-0.4621171572600098,0.0,0.0,0.0
0.0,-0.4621171572600098,0.0,0.0,0.0
0.0,-0.4621171572600098,0.0,0.0,0.0
0.0,-0.4621171572600098,0.0,0.0,0.0
0.0,-0.46211092784955043,-7.920917558856821e-06,0.0,0.0
-4.0267051081288585e-06,-0.46209498941953864,-2.4160230644998393e-05,0.0,0.0
-1.1958861515948271e-05,-0.46209834701305086,0.0,0.0,-1.1958861515948271e-05
0.0,-0.46211090039313973,-7.955829235961609e-06,0.0,0.0
0.0,-0.4621171572600098,0.0,0.0,0.0
0.0,-0.4621171572600098,0.0,0.0,0.0
0.0,-0.4621171572600098,0.0,0.0,0.0
0.0,-0.46211082512909885,-8.051529790442657e-06,0.0,0.0
0.0,-0.4621171572600098,0.0,0.0,0.0
0.0,-0.4621171572600098,0.0,0.0,0.0
0.0,-0.46211428945711797,-3.6465208543834393e-06,0.0,0.0
-3.857667499884698e-06,-0.46211412340074143,0.0,0.0,0.0
0.0,-0.4621171572600098,0.0,0.0,0.0
0.0,-0.4621171572600098,0.0,0.0,0.0
0.0,-0.4621171572600098,0.0,0.0,0.0
0.0,-0.4621171572600098,0.0,0.0,0.0
0.0,-0.4621171572600098,0.0,0.0,0.0
0.0,-0.46211032853251066,-8.682967490791782e-06,0.0,0.0
-6.890564061556859e-06,-0.4621117381742691,0.0,0.0,0.0
0.0,-0.4621110425421001,-7.775082415784063e-06,0.0,0.0
0.0,-0.4621171572600098,0.0,0.0,0.0
0.0,-0.4621171572600098,0.0,0.0,0.0
0.0,-0.46207288756323994,-5.6289240035756194e-05,0.0,0.0
-3.864584943724658e-06,-0.46211411796051416,0.0,0.0,0.0
0.0,-0.4621171572600098,0.0,0.0,0.0
0.0,-0.4621171572600098,0.0,0.0,0.0
0.0,-0.4621171572600098,0.0,0.0,0.0
0.0,-0.4621171572600098,0.0,0.0,0.0
0.0,-0.4621103931386801,-8.600818797721566e-06,0.0,0.0
0.0,-0.4621171572600098,0.0,0.0,0.0
-7.606760888956288e-06,-0.46211117491912423,0.0,0.0,0.0
-3.013627624004478e-06,-0.4621147871960961,0.0,0.0,0.0
-4.144424919583223e-06,-0.46211389788018487,0.0,0.0,0.0
0.0,-0.4621110638616801,-7.747973904681515e-06,0.0,0.0
0.0,-0.4621171572600098,0.0,0.0,0.0
0.0,-0.4620831112225321,-2.5974025968156234e-05,0.0,-1.7316017314250587e-05
0.0,-0.4621171572600098,0.0,0.0,0.0
0.0,-0.4621171572600098,0.0,0.0,0.0
0.0,-0.46188733649291136,-0.00025322866007215783,0.0,-3.895825620869875e-05
0.0,-0.4621171572600098,0.0,0.0,0.0
0.0,-0.46211005778888126,-9.02722611362261e-06,0.0,0.0
-3.690145834567282e-06,-0.462114255148235,0.0,0.0,0.0
0.0,-0.4621171572600098,0.0,0.0,0.0
0.0,-0.4621171572600098,0.0,0.0,0.0
0.0,-0.4621104292474676,-8.554905382540667e-06,0.0,0.0
-7.981992624528367e-06,-0.4621108798168506,0.0,0.0,0.0
0.0,-0.4621171572600098,0.0,0.0,0.0
-3.994152560582442e-06,-0.46211401606198543,0.0,0.0,0.0
-3.0252609288794474e-06,-0.46211477804708445,0.0,0.0,0.0
0.0,-0.46211348507687,-4.6693188396895735e-06,0.0,0.0
0.0,-0.46209624843976427,-2.2155067746720825e-05,0.0,-4.43101354996589e-06
0.0,-0.46211415329856864,0.0,0.0,-3.8196513422184e-06
0.0,-0.4621171572600098,0.0,0.0,0.0
0.0,-0.4621171572600098,0.0,0.0,0.0
0.0,-0.4621171572600098,0.0,0.0,0.0
0.0,-0.4621171572600098,0.0,0.0,0.0
0.0,-0.46210321847417735,-1.772358299767518e-05,0.0,0.0
0.0,-0.4621171572600098,0.0,0.0,0.0
0.0,-0.4621171572600098,0.0,0.0,0.0
0.0,-0.46211312782198954,0.0,0.0,-5.123580768096048e-06
-4.1329145314961124e-06,-0.4621106565926514,-4.1329145314961124e-06,0.0,0.0
-4.001376473383722e-06,-0.46211086348982156,-4.001376473383722e-06,0.0,0.0
0.0,-0.4621171572600098,0.0,0.0,0.0
-3.53959747700916e-06,-0.4621143735470451,0.0,0.0,0.0
0.0,-0.46210415458588683,-1.653329806083903e-05,0.0,0.0
0.0,-0.4620898244585221,-2.606565067964084e-05,0.0,-8.688550228175274e-06
0.0,-0.4621134774479497,-4.67901927758696e-06,0.0,0.0
-5.111690436043759e-06,-0.46210911706731495,0.0,0.0,-5.111690436043759e-06
0.0,-0.4621171572600098,0.0,0.0,0.0
0.0,-0.4621171572600098,0.0,0.0,0.0
-8.287613332935706e-06,-0.46211063946033026,0.0,0.0,0.0
0.0,-0.4621171572600098,0.0,0.0,0.0
0.0,-0.46209630480294384,-2.2095345832640056e-05,0.0,-4.419069167149736e-06
0.0,-0.4621171572600098,0.0,0.0,0.0
0.0,-0.4621171572600098,0.0,0.0,0.0
0.0,-0.4621171572600098,0.0,0.0,0.0
0.0,-0.4621171572600098,0.0,0.0,0.0
0.0,-0.4621171572600098,0.0,0.0,0.0
0.0,-0.4621171572600098,0.0,0.0,0.0
0.0,-0.4621141609665955,0.0,0.0,-3.809901171103469e-06
0.0,-0.4621171572600098,0.0,0.0,0.0
0.0,-0.4621171572600098,0.0,0.0,0.0
0.0,-0.4621171572600098,0.0,0.0,0.0
0.0,-0.4621171572600098,0.0,0.0,0.0
0.0,-0.4621171572600098,0.0,0.0,0.0
0.0,-0.4621171572600098,0.0,0.0,0.0
0.0,-0.46207416522650724,-5.466472297754876e-05,0.0,0.0
0.0,-0.4621171572600098,0.0,0.0,0.0
0.0,-0.4620750408824952,-5.355134676521267e-05,0.0,0.0
-6.517417798890257e-06,-0.4621094688125964,-3.2587088995006397e-06,0.0,0.0
0.0,-0.4621100235291077,-9.070788432818944e-06,0.0,0.0
0.0,-0.4621171572600098,0.0,0.0,0.0
0.0,-0.4620729381663088,-5.622489953904797e-05,0.0,0.0
0.0,-0.46211097923217026,-7.855582962790209e-06,0.0,0.0
-3.2130785146966545e-06,-0.46211463033794387,0.0,0.0,0.0
0.0,-0.4621171572600098,0.0,0.0,0.0
0.0,-0.4621171572600098,0.0,0.0,0.0
-5.860428045623145e-06,-0.4621125483271772,0.0,0.0,0.0
0.0,-0.4620404277917056,0.0,0.0,-9.756021385454172e-05
-3.3343336334201723e-06,-0.4621119126855937,-3.3343336334201723e-06,0.0,0.0
0.0,-0.4621171572600098,0.0,0.0,0.0
-8.899964400010951e-06,-0.46206816035168097,-5.3399786350216694e-05,0.0,0.0
0.0,-0.4620699461559571,-6.002915694702793e-05,0.0,0.0
0.0,-0.4621171572600098,0.0,0.0,0.0
0.0,-0.4621104151740024,-8.572800219153187e-06,0.0,0.0
0.0,-0.4621171572600098,0.0,0.0,0.0
0.0,-0.4621171572600098,0.0,0.0,0.0
0.0,-0.4621171572600098,0.0,0.0,0.0
0.0,-0.4621171572600098,0.0,0.0,0.0
0.0,-0.4621171572600098,0.0,0.0,0.0
0.0,-0.4621171572600098,0.0,0.0,0.0
0.0,-0.4621171572600098,0.0,0.0,0.0
0.0,-0.46210756770534145,-1.2193436678797909e-05,0.0,0.0
0.0,-0.4621171572600098,0.0,0.0,0.0
0.0,-0.4621171572600098,0.0,0.0,0.0
0.0,-0.4621171572600098,0.0,0.0,0.0
-3.527585720308757e-06,-0.4621143829936947,0.0,0.0,0.0
-4.8791436128015064e-06,-0.4621133200599249,0.0,0.0,0.0
0.0,-0.4621162957323256,-1.0954666304074934e-06,0.0,0.0
-6.795915927781948e-07,-0.46211555386869707,-6.795915927781948e-07,0.0,-6.795915927781948e-07
0.0,-0.4621162561955615,-1.1457391679847717e-06,0.0,0.0
-9.328984781342697e-07,-0.4621134888726358,-3.731593912981168e-06,0.0,0.0
-3.3301652357931033e-07,-0.46211584775855197,-1.332066094539286e-06,0.0,0.0
0.0,-0.46211122623343626,-6.961396734506131e-06,0.0,-5.801163945884369e-07
-3.458826476343546e-07,-0.4619484890007086,-0.00019265663230272345,-3.1129438280430577e-06,-1.83317803181815e-05
-1.070475083908562e-06,-0.4621149122631737,-1.7841251399586255e-06,0.0,0.0
0.0,-0.4621171572600098,0.0,0.0,0.0
-6.728524233334809e-07,-0.4621129239433762,-4.037114539667819e-06,0.0,-6.728524233334809e-07
-1.9805013045104403e-06,-0.46211196537496724,-4.621169710450346e-06,0.0,0.0
0.0,-0.46211373331303596,-4.353677862667382e-06,0.0,0.0
-7.348316060085125e-07,-0.4620830600845023,-4.2252817319288205e-05,-3.6741580311527855e-07,0.0
0.0,-0.46211577793861314,-1.753861345044072e-06,0.0,0.0
0.0,-0.46211408354808825,-3.908341573377605e-06,0.0,0.0
-4.875694176176282e-07,-0.46211524001853377,-1.9502776706925573e-06,0.0,0.0
-2.5124138358645354e-07,-0.46211478619810686,-2.7636552203391673e-06,0.0,0.0
-3.20843330237075e-07,-0.4621161479533723,-9.62529990711225e-07,0.0,0.0
-5.516602213928579e-07,-0.4621132525836763,-3.3099613285791918e-06,0.0,-1.103320442896738e-06
-1.2494705368126802e-06,-0.462115191971198,-1.2494705368126802e-06,0.0,0.0
-3.472627361222891e-07,-0.46206198846542934,-5.59093004711686e-05,-1.3890509448222232e-06,-1.250145850295592e-05
0.0,-0.4621003182734039,-1.6177380214643655e-05,0.0,-5.233858305198069e-06
0.0,-0.4621164961620873,-4.2030616775878826e-07,0.0,-4.2030616775878826e-07
0.0,-0.46211670480413536,-5.753157331644942e-07,0.0,0.0
0.0,-0.46210695957267844,-1.0805577406625133e-05,0.0,-2.161115481347231e-06
-7.027367379119909e-07,-0.46211439392695064,-2.810946951870008e-06,0.0,0.0
0.0,-0.462116603485795,-7.041460117207521e-07,0.0,0.0
0.0,-0.4621151269199444,-2.5816561709524066e-06,0.0,0.0
-3.2929659610214657e-07,-0.4621104238947703,-4.939448941865265e-06,-3.2929659610214657e-07,-2.9636693651413637e-06
-1.228562606425676e-06,-0.4621158689919992,-4.0952086888257355e-07,0.0,0.0
-1.6697389864095413e-06,-0.4621151875140692,-8.34869493315793e-07,0.0,0.0
-7.405745230393279e-07,-0.4621151187765268,-1.8514363072652529e-06,0.0,0.0
0.0,-0.4621139526097522,-2.546771457834218e-06,0.0,-1.5280628746783265e-06
-5.990118698839808e-07,-0.4621166861683522,0.0,0.0,0.0
0.0,-0.46211464862709706,-2.7910952895560115e-06,0.0,-3.98727898476281e-07
0.0,-0.4621145336734013,-3.3359910061037112e-06,0.0,0.0
-5.119148174248522e-07,-0.46211594947640977,-1.0238296346276599e-06,0.0,0.0
0.0,-0.4621162234061219,-1.1874322174421081e-06,0.0,0.0
0.0,-0.46211546607289833,-2.1504104594782802e-06,0.0,0.0
0.0,-0.4620476654130383,-8.089927850041256e-05,0.0,-7.458798743198436e-06
-4.955040441290137e-07,-0.45975413191636294,-0.0027235312440830883,-5.37621887283235e-05,-0.00022272906412024174
-5.538423365480938e-07,-0.4621058324153491,-1.2184531404502152e-05,0.0,-1.6615270097553037e-06
-2.169489172088035e-06,-0.46211260740826965,-2.892652229413706e-06,0.0,-7.231630574366932e-07
0.0,-0.46211306785610395,-5.199829445690085e-06,0.0,0.0
-7.52730907827015e-07,-0.46211538130760865,-1.5054618154319854e-06,0.0,0.0
-3.3745888061709195e-07,-0.4621123801587108,-5.061883209478424e-06,0.0,-6.749177613452062e-07
-6.938161551950373e-07,-0.46211142791422566,-3.815988854571906e-06,0.0,-2.775264621446283e-06
0.0,-0.4621167079690164,-5.712914614708353e-07,0.0,0.0
0.0,-0.46210412522530386,-1.4361213234281855e-05,0.0,-2.209417420906412e-06
-4.0773655640702344e-07,-0.4621149126126155,-2.4464193391082745e-06,0.0,0.0
-1.8822360209336253e-06,-0.46211419669435616,-1.8822360209336253e-06,0.0,0.0
-8.722768608526721e-07,-0.46211441325494695,-2.6168305820029047e-06,0.0,0.0
-8.195995763182751e-07,-0.4621158681145756,-8.195995763182751e-07,0.0,0.0
-5.478341377207485e-07,-0.4621167264169851,0.0,0.0,0.0
0.0,-0.46211686519574624,-3.7137142272491985e-07,0.0,0.0
-9.288914979421747e-07,-0.46211569620952986,-9.288914979421747e-07,0.0,0.0
-2.3995408238164373e-06,-0.462112628175698,-3.3593571534540345e-06,0.0,0.0
0.0,-0.4621165075708872,-8.261055978175946e-07,0.0,0.0
0.0,-0.46209369640850173,-2.343864862253131e-05,-7.102620795951253e-07,-5.682096636761003e-06
-7.77897746884193e-07,-0.46210614522220417,-1.0890568456156657e-05,0.0,-2.333693240652579e-06
0.0,-0.4621171572600098,0.0,0.0,0.0
0.0,-0.46196479032190374,-0.00019372336061418416,0.0,0.0
0.0,-0.4621171572600098,0.0,0.0,0.0
0.0,-0.46207542158716974,-5.3067289273012186e-05,0.0,0.0
0.0,-0.4621171572600098,0.0,0.0,0.0
0.0,-0.4621171572600098,0.0,0.0,0.0
0.0,-0.4621171572600098,0.0,0.0,0.0
0.0,-0.46205049523790886,-8.47601286325661e-05,0.0,0.0
0.0,-0.4621171572600098,0.0,0.0,0.0
0.0,-0.4621171572600098,0.0,0.0,0.0
0.0,-0.4621171572600098,0.0,0.0,0.0
0.0,-0.4621171572600098,0.0,0.0,0.0
0.0,-0.46193369660993144,-0.00023325246824601464,0.0,0.0
0.0,-0.4621171572600098,0.0,0.0,0.0
0.0,-0.4621171572600098,0.0,0.0,0.0
0.0,-0.4621171572600098,0.0,0.0,0.0
0.0,-0.4621171572600098,0.0,0.0,0.0
0.0,-0.4620132517097727,-0.00013211203023366647,0.0,0.0
0.0,-0.4621171572600098,0.0,0.0,0.0
0.0,-0.4620532160177677,-8.130081282886614e-05,0.0,0.0
0.0,-0.46202989574278097,-0.0001109508483185806,0.0,0.0
0.0,-0.4621171572600098,0.0,0.0,0.0
0.0,-0.4621171572600098,0.0,0.0,0.0
0.0,-0.4619825204214366,-0.00017118262573667664,0.0,0.0
0.0,-0.4621171572600098,0.0,0.0,0.0
0.0,-0.4621171572600098,0.0,0.0,0.0
0.0,-0.4621171572600098,0.0,0.0,0.0
0.0,-0.46201969842898893,0.0,0.0,-0.0001239157366643706
0.0,-0.4621171572600098,0.0,0.0,0.0
0.0,-0.4621171572600098,0.0,0.0,0.0
0.0,-0.4621171572600098,0.0,0.0,0.0
0.0,-0.4621171572600098,0.0,0.0,0.0
0.0,-0.4621171572600098,0.0,0.0,0.0
0.0,-0.4621171572600098,0.0,0.0,0.0
0.0,-0.4621171572600098,0.0,0.0,0.0
0.0,-0.4621171572600098,0.0,0.0,0.0
0.0,-0.4621171572600098,0.0,0.0,0.0
0.0,-0.4621171572600098,0.0,0.0,0.0
0.0,-0.4621171572600098,0.0,0.0,0.0
0.0,-0.4621171572600098,0.0,0.0,0.0
0.0,-0.4621171572600098,0.0,0.0,0.0
0.0,-0.4621171572600098,0.0,0.0,0.0
0.0,-0.4621171572600098,0.0,0.0,0.0
0.0,-0.4621171572600098,0.0,0.0,0.0
0.0,-0.4621171572600098,0.0,0.0,0.0
0.0,-0.4621171572600098,0.0,0.0,0.0
0.0,-0.4621171572600098,0.0,0.0,0.0
0.0,-0.4621171572600098,0.0,0.0,0.0
0.0,-0.4621171572600098,0.0,0.0,0.0
0.0,-0.4621171572600098,0.0,0.0,0.0
0.0,-0.4621171572600098,0.0,0.0,0.0
0.0,-0.4621171572600098,0.0,0.0,0.0
0.0,-0.4621171572600098,0.0,0.0,0.0
0.0,-0.4621171572600098,0.0,0.0,0.0
0.0,-0.4621171572600098,0.0,0.0,0.0
0.0,-0.4621171572600098,0.0,0.0,0.0
0.0,-0.4621171572600098,0.0,0.0,0.0
0.0,-0.4621171572600098,0.0,0.0,0.0
0.0,-0.4621171572600098,0.0,0.0,0.0
0.0,-0.4621171572600098,0.0,0.0,0.0
0.0,-0.46204914626381,-8.647526785798831e-05,0.0,0.0
0.0,-0.4621171572600098,0.0,0.0,0.0
0.0,-0.4621171572600098,0.0,0.0,0.0
0.0,-0.4621171572600098,0.0,0.0,0.0
0.0,-0.4621171572600098,0.0,0.0,0.0
0.0,-0.4613976704383571,-0.0009144698903292836,0.0,0.0
0.0,-0.4621171572600098,0.0,0.0,0.0
0.0,-0.4621171572600098,0.0,0.0,0.0
0.0,-0.4621171572600098,0.0,0.0,0.0
0.0,-0.4621171572600098,0.0,0.0,0.0
0.0,-0.4621171572600098,0.0,0.0,0.0
0.0,-0.4621171572600098,0.0,0.0,0.0
0.0,-0.4621171572600098,0.0,0.0,0.0
0.0,-0.4621171572600098,0.0,0.0,0.0
0.0,-0.4621171572600098,0.0,0.0,0.0
0.0,-0.46206382263512125,-6.781500057440049e-05,0.0,0.0
0.0,-0.4621171572600098,0.0,0.0,0.0
0.0,-0.4621171572600098,0.0,0.0,0.0
0.0,-0.4621171572600098,0.0,0.0,0.0
0.0,-0.4621171572600098,0.0,0.0,0.0
0.0,-0.4621171572600098,0.0,0.0,0.0
0.0,-0.4621171572600098,0.0,0.0,0.0
0.0,-0.4621171572600098,0.0,0.0,0.0
0.0,-0.4619866977097963,-0.00016587186246375119,0.0,0.0
0.0,-0.4621171572600098,0.0,0.0,0.0
0.0,-0.4620557234120952,-7.811279471703347e-05,0.0,0.0
0.0,-0.4621171572600098,0.0,0.0,0.0
0.0,-0.4621171572600098,0.0,0.0,0.0
0.0,-0.4621171572600098,0.0,0.0,0.0
0.0,-0.4621171572600098,0.0,0.0,0.0
0.0,-0.4621171572600098,0.0,0.0,0.0
0.0,-0.4621171572600098,0.0,0.0,0.0
0.0,-0.4620080022585782,-0.00013878608349104926,0.0,0.0
0.0,-0.4621171572600098,0.0,0.0,0.0
0.0,-0.4621171572600098,0.0,0.0,0.0
0.0,-0.4621171572600098,0.0,0.0,0.0
0.0,-0.4621171572600098,0.0,0.0,0.0
0.0,-0.4621171572600098,0.0,0.0,0.0
0.0,-0.4621171572600098,0.0,0.0,0.0
0.0,-0.4621171572600098,0.0,0.0,0.0
0.0,-0.4620545978029419,-7.954394786335861e-05,0.0,0.0
0.0,-0.4621171572600098,0.0,0.0,0.0
0.0,-0.4621171572600098,0.0,0.0,0.0
0.0,-0.4621171572600098,0.0,0.0,0.0
0.0,-0.4621171572600098,0.0,0.0,0.0
0.0,-0.462084954221188,-4.0946687390075454e-05,0.0,0.0
0.0,-0.4621171572600098,0.0,0.0,0.0
0.0,-0.4621171572600098,0.0,0.0,0.0
0.0,-0.4621171572600098,0.0,0.0,0.0
0.0,-0.4621171572600098,0.0,0.0,0.0
0.0,-0.46204120282751227,-9.657481298841475e-05,0.0,0.0
0.0,-0.4621171572600098,0.0,0.0,0.0
0.0,-0.4621171572600098,0.0,0.0,0.0
0.0,-0.4621171572600098,0.0,0.0,0.0
0.0,-0.46209576869278657,-2.7196083757341505e-05,0.0,0.0
0.0,-0.4621171572600098,0.0,0.0,0.0
0.0,-0.4618380466348625,-0.00035484221679171757,0.0,0.0
0.0,-0.4621171572600098,0.0,0.0,0.0
0.0,-0.4621171572600098,0.0,0.0,0.0
0.0,-0.4621171572600098,0.0,0.0,0.0
0.0,-0.4621171572600098,0.0,0.0,0.0
0.0,-0.4621171572600098,0.0,0.0,0.0
0.0,-0.4621171572600098,0.0,0.0,0.0
0.0,-0.4621171572600098,0.0,0.0,0.0
0.0,-0.4620115021615051,-0.0001343363774831685,0.0,0.0
0.0,-0.4620626187256387,-6.934572299144293e-05,0.0,0.0
0.0,-0.4621171572600098,0.0,0.0,0.0
0.0,-0.4621171572600098,0.0,0.0,0.0
0.0,-0.4612238912209258,-0.0011352279202830884,0.0,0.0
0.0,-0.4621171572600098,0.0,0.0,0.0
0.0,-0.4621171572600098,0.0,0.0,0.0
0.0,-0.4621171572600098,0.0,0.0,0.0
0.0,-0.4621171572600098,0.0,0.0,0.0
0.0,-0.4621171572600098,0.0,0.0,0.0
0.0,-0.4621171572600098,0.0,0.0,0.0
0.0,-0.4621171572600098,0.0,0.0,0.0
0.0,-0.4621171572600098,0.0,0.0,0.0
0.0,-0.4559021692812215,0.0,0.0,-0.007873853022082877
0.0,-0.4621171572600098,0.0,0.0,0.0
0.0,-0.4621171572600098,0.0,0.0,0.0
0.0,-0.4621171572600098,0.0,0.0,0.0
0.0,-0.4621171572600098,0.0,0.0,0.0
0.0,-0.4621171572600098,0.0,0.0,0.0
0.0,-0.461750179297467,-0.0004665266748080654,0.0,0.0
0.0,-0.4621171572600098,0.0,0.0,0.0
0.0,-0.4621171572600098,0.0,0.0,0.0
0.0,-0.4621171572600098,0.0,0.0,0.0
0.0,-0.4621171572600098,0.0,0.0,0.0
0.0,-0.4621171572600098,0.0,0.0,0.0
0.0,-0.4621171572600098,0.0,0.0,0.0
0.0,-0.4621171572600098,0.0,0.0,0.0
0.0,-0.4609419603062884,-0.001493279128977676,0.0,0.0
0.0,-0.4619404884906011,0.0,0.0,-0.00022461814536889335
0.0,-0.4621171572600098,0.0,0.0,0.0
0.0,-0.4621171572600098,0.0,0.0,0.0
0.0,-0.4621171572600098,0.0,0.0,0.0
0.0,-0.4621171572600098,0.0,0.0,0.0
0.0,-0.4621171572600098,0.0,0.0,0.0
0.0,-0.4621171572600098,0.0,0.0,0.0
0.0,-0.4621171572600098,0.0,0.0,0.0
0.0,-0.4621171572600098,0.0,0.0,0.0
0.0,-0.4621171572600098,0.0,0.0,0.0
0.0,-0.4621171572600098,0.0,0.0,0.0
0.0,-0.4619942275109463,-0.00015629884211565415,0.0,0.0
0.0,-0.4621171572600098,0.0,0.0,0.0
0.0,-0.45994741809516715,-0.0025434451300345717,0.0,-0.00021195421471498221
0.0,-0.4621171572600098,0.0,0.0,0.0
0.0,-0.4621171572600098,0.0,0.0,0.0
0.0,-0.4621171572600098,0.0,0.0,0.0
0.0,-0.4621171572600098,0.0,0.0,0.0
0.0,-0.4621171572600098,0.0,0.0,0.0
0.0,-0.4621171572600098,0.0,0.0,0.0
0.0,-0.4621171572600098,0.0,0.0,0.0
0.0,-0.4621171572600098,0.0,0.0,0.0
0.0,-0.4621171572600098,0.0,0.0,0.0
0.0,-0.4621171572600098,0.0,0.0,0.0
0.0,-0.4621171572600098,0.0,0.0,0.0
0.0,-0.4621171572600098,0.0,0.0,0.0
0.0,-0.4621171572600098,0.0,0.0,0.0
0.0,-0.4621171572600098,0.0,0.0,0.0
0.0,-0.4621171572600098,0.0,0.0,0.0
-9.731602374940529e-05,-0.46203602738837124,-3.892640962233074e-06,0.0,-1.946320481116537e-06
-3.330180762373125e-06,-0.4620143547864032,-9.740778698674735e-05,0.0,-2.997162685092203e-05
0.0,-0.4621171572600098,0.0,0.0,0.0
-4.6418790325963855e-06,-0.46210803072296225,-2.3209395161316593e-06,0.0,-4.6418790325963855e-06
-7.934178058777164e-06,-0.4620869976132046,-2.644726018985466e-05,0.0,-3.967089029499604e-06
-3.503029528717505e-05,-0.4620871308747173,-2.7551917650692204e-06,0.0,-3.935988236447585e-07
0.0,-0.4603568273509713,-0.002150564947326572,0.0,-8.545304334461878e-05
-2.8165047169070867e-05,-0.46206620995868253,-1.9715533020825404e-05,0.0,-1.6899028304262487e-05
0.0,-0.4621171572600098,0.0,0.0,0.0
-4.8866084677134936e-05,-0.4620589270533132,-2.221185668527248e-05,0.0,-2.961580891858162e-06
-6.697818966894253e-06,-0.4621057443002977,-4.465212644633176e-06,0.0,-3.3489094832805932e-06
-1.1326640906084151e-05,-0.4620993414513822,-8.090457790377314e-06,0.0,-3.236183116150926e-06
-1.5820732118809744e-06,-0.4618508529765911,-0.00022307231919471704,-3.955183029979992e-06,-0.00010995408779224114
0.0,-0.4621031439638217,-1.781832436276165e-05,0.0,0.0
-0.0009357088703189076,-0.46138020124626844,-9.548052483099312e-07,0.0,0.0
-1.217525055596802e-05,-0.462103592287774,-3.043812639047516e-06,0.0,-2.029208426068685e-06
-9.144529285021186e-06,-0.46204523727772895,-2.895767606203581e-05,0.0,-5.3343087447310644e-05
0.0,-0.4621105117959057,0.0,0.0,-8.449942540234012e-06
0.0,-0.4621171572600098,0.0,0.0,0.0
-2.225698551039379e-05,-0.4620921512414534,-1.0598564530450716e-06,0.0,-8.47885162424955e-06
-1.0804479969594993e-06,-0.4621052611545665,-1.1884927965777337e-05,0.0,-2.1608959938079764e-06
-2.0105432887551622e-05,-0.4620997640229223,-1.0052716445940746e-06,0.0,-1.0052716445940746e-06
-0.0001245169403309987,-0.46200960665969126,-1.0005825613501607e-05,0.0,-2.223516803123715e-06
0.0,-0.46171961423255703,-0.0003802813899109747,0.0,-0.00012509256784831724
0.0,-0.4614357631475934,-0.0004199144177515768,0.0,-0.00044615906548051143
-2.1915782409065443e-05,-0.46155494068184155,-0.0005040629527965912,-9.528601048192087e-07,-0.00018771343845869204
-9.923194474348307e-06,-0.46110983640703374,-0.0006053147890303645,0.0,-0.0006648539318472313
0.0,-0.46204290168524753,-6.294322512767625e-05,0.0,-3.147161259497988e-05
-0.0016907504192208433,-0.46078336352214944,-1.5575790237587483e-06,0.0,-2.3363685356381225e-06
-0.005003636327744587,-0.4578140056217317,-0.0004245844001372623,0.0,-2.962216922297589e-05
0.0,-0.4621107351572765,-8.16593173269542e-06,0.0,0.0
-1.1708203470073286e-06,-0.4621107117125449,-4.683281387918292e-06,0.0,-2.3416406941256795e-06
-2.7519401178954794e-06,-0.4621020073256782,-1.1007760470582717e-05,0.0,-5.50388023534687e-06
-1.497790758520079e-05,-0.4620818185018394,-7.488953793211017e-06,0.0,-2.246686137563625e-05
-0.0009236030653126948,-0.46138348007378205,-7.412546773055695e-06,0.0,-1.4825093548331836e-06
-0.001554649689774923,-0.46046628067296247,-0.0004785237286853983,0.0,-6.395018051685852e-05
-2.5502483941286513e-06,-0.4615493727011898,-0.0005806064858365767,0.0,-0.00013856349519780764
-6.099600566999985e-05,-0.4620629956665868,-5.902839265603532e-06,0.0,-1.967613088571518e-06
-0.00010208508756626156,-0.4620067587939264,-3.0990115965856546e-05,0.0,-7.291791994212815e-06
-2.90934481472771e-05,-0.46186335414045654,-0.0001957195578194959,0.0,-9.785977984677618e-05
-3.5501782188473996e-06,-0.46208225617415044,-3.5501782174485186e-05,0.0,-5.325267328437633e-06
0.0,-0.4621074205661998,-1.2380527905087035e-05,0.0,0.0
-9.27592156252377e-06,-0.46210165518540025,-6.956941171920583e-06,0.0,-3.478470586126825e-06
-0.00024049092294531338,-0.4619255979194592,0.0,0.0,-3.057088062474733e-06
0.0,-0.4621171572600098,0.0,0.0,0.0
0.0,-0.4621171572600098,0.0,0.0,0.0
0.0,-0.4621171572600098,0.0,0.0,0.0
0.0,-0.4621171572600098,0.0,0.0,0.0
-3.377009319271984e-05,-0.4620109169758492,-6.754018630827918e-05,0.0,-3.377009319271984e-05
0.0,-0.4621171572600098,0.0,0.0,0.0
0.0,-0.4620856584499855,-4.005126559847305e-05,0.0,0.0
0.0,-0.4621171572600098,0.0,0.0,0.0
0.0,-0.4618694471472482,-0.0002309468781110935,0.0,-8.398068424497751e-05
0.0,-0.4621171572600098,0.0,0.0,0.0
0.0,-0.46127908699930376,-0.001007541831904324,0.0,-5.757383838422836e-05
0.0,-0.4621171572600098,0.0,0.0,0.0
0.0,-0.4621171572600098,0.0,0.0,0.0
0.0,-0.4621171572600098,0.0,0.0,0.0
0.0,-0.4621171572600098,0.0,0.0,0.0
0.0,-0.4621171572600098,0.0,0.0,0.0
0.0,-0.4621171572600098,0.0,0.0,0.0
0.0,-0.4621171572600098,0.0,0.0,0.0
0.0,-0.4621171572600098,0.0,0.0,0.0
0.0,-0.4621171572600098,0.0,0.0,0.0
0.0,-0.4621171572600098,0.0,0.0,0.0
0.0,-0.4621171572600098,0.0,0.0,0.0
0.0,-0.4621171572600098,0.0,0.0,0.0
0.0,-0.4621171572600098,0.0,0.0,0.0
0.0,-0.4621171572600098,0.0,0.0,0.0
0.0,-0.4621171572600098,0.0,0.0,0.0
0.0,-0.4621171572600098,0.0,0.0,0.0
0.0,-0.4620813633280322,-4.551247038553363e-05,0.0,0.0
0.0,-0.4620822498537176,0.0,0.0,-4.4385264063251384e-05
0.0,-0.4621171572600098,0.0,0.0,0.0
0.0,-0.4621171572600098,0.0,0.0,0.0
0.0,-0.46201642281155153,0.0,0.0,-0.00012808033128375307
0.0,-0.4621171572600098,0.0,0.0,0.0
0.0,-0.4621171572600098,0.0,0.0,0.0
0.0,-0.4621171572600098,0.0,0.0,0.0
0.0,-0.4621171572600098,0.0,0.0,0.0
0.0,-0.4621171572600098,0.0,0.0,0.0
0.0,-0.4621171572600098,0.0,0.0,0.0
0.0,-0.4621171572600098,0.0,0.0,0.0
-4.765535642592411e-05,-0.46207967798760297,0.0,0.0,0.0
0.0,-0.4620618769284106,-7.028888721116733e-05,0.0,0.0
0.0,-0.4621171572600098,0.0,0.0,0.0
0.0,-0.4621171572600098,0.0,0.0,0.0
0.0,-0.4621083022166045,-1.1259486116577122e-05,0.0,0.0
0.0,-0.46209320322728886,0.0,0.0,-3.0458089659068932e-05
0.0,-0.4621171572600098,0.0,0.0,0.0
0.0,-0.4621171572600098,0.0,0.0,0.0
0.0,-0.4621171572600098,0.0,0.0,0.0
0.0,-0.4620837802215768,-4.243941770576409e-05,0.0,0.0
0.0,-0.4621171572600098,0.0,0.0,0.0
0.0,-0.46193060682920195,0.0,0.0,-0.0002371803949642315
-7.21426361728339e-05,-0.4620604189557799,0.0,0.0,0.0
0.0,-0.4621171572600098,0.0,0.0,0.0
0.0,-0.4621171572600098,0.0,0.0,0.0
0.0,-0.4621171572600098,0.0,0.0,0.0
0.0,-0.4621171572600098,0.0,0.0,0.0
0.0,-0.4621171572600098,0.0,0.0,0.0
0.0,-0.4620805036323571,0.0,0.0,-4.660556156321771e-05
0.0,-0.4621171572600098,0.0,0.0,0.0
0.0,-0.4621171572600098,0.0,0.0,0.0
0.0,-0.4621171572600098,0.0,0.0,0.0
0.0,-0.4621171572600098,0.0,0.0,0.0
0.0,-0.4621171572600098,0.0,0.0,0.0
0.0,-0.4621171572600098,0.0,0.0,0.0
0.0,-0.4621171572600098,0.0,0.0,0.0
0.0,-0.4621171572600098,0.0,0.0,0.0
0.0,-0.4621171572600098,0.0,0.0,0.0
0.0,-0.4621171572600098,0.0,0.0,0.0
0.0,-0.4621171572600098,0.0,0.0,0.0
0.0,-0.4621171572600098,0.0,0.0,0.0
0.0,-0.4621171572600098,0.0,0.0,0.0
0.0,-0.4613358589434755,-2.6131493670367156e-05,0.0,-0.0009668649647344152
0.0,-0.4621171572600098,0.0,0.0,0.0
0.0,-0.4621171572600098,0.0,0.0,0.0
0.0,-0.4616854982646659,0.0,0.0,-0.0005487326337141329
0.0,-0.4621171572600098,0.0,0.0,0.0
0.0,-0.4620571117966201,0.0,0.0,-7.634753382634862e-05
0.0,-0.4621171572600098,0.0,0.0,0.0
0.0,-0.4621171572600098,0.0,0.0,0.0
0.0,-0.46209273837538534,-1.5524575401548724e-05,0.0,-1.5524575401548724e-05
0.0,-0.4621171572600098,0.0,0.0,0.0
0.0,-0.4621171572600098,0.0,0.0,0.0
0.0,-0.4621171572600098,0.0,0.0,0.0
0.0,-0.4621171572600098,0.0,0.0,0.0
0.0,-0.46199851408531944,0.0,0.0,-0.0001508490635916404
0.0,-0.4621171572600098,0.0,0.0,0.0
0.0,-0.4621171572600098,0.0,0.0,0.0
0.0,-0.4621171572600098,0.0,0.0,0.0
-1.7466435331625618e-05,-0.4620942628879099,-1.1644290221823894e-05,0.0,0.0
-5.178127589045012e-06,-0.46211308492356173,0.0,0.0,0.0
0.0,-0.46210762751015166,-6.05869665315506e-06,0.0,-6.05869665315506e-06
0.0,-0.46207993651992907,-4.141080701369759e-05,0.0,-5.91582957676362e-06
-0.00021666124674502019,-0.4619230767245984,-2.4073472232766235e-05,-6.018368059246271e-06,0.0
0.0,-0.4620834918141592,-4.280612491880387e-05,0.0,0.0
0.0,-0.46210355753407995,-1.7292461637952172e-05,0.0,0.0
0.0,-0.4620231681279824,-0.0001195043707750143,0.0,0.0
0.0,-0.462052995616852,-8.158104038524794e-05,0.0,0.0
-9.036688932573256e-05,-0.4620223935367611,-3.012229651477849e-05,0.0,0.0
0.0,-0.4621007968041523,-1.560208443729394e-05,0.0,-5.20069481291241e-06
0.0,-0.4621171572600098,0.0,0.0,0.0
-0.00010123848377652234,-0.4620154160754447,-2.249744091242789e-05,0.0,-5.624360228884129e-06
0.0,-0.4621124619806468,-5.970220539941451e-06,0.0,0.0
-1.445017099277468e-05,-0.462086851909123,-1.445017099277468e-05,0.0,-9.633447328960543e-06
0.0,-0.4621129435347623,-5.357908272496381e-06,0.0,0.0
0.0,-0.4619993997896046,-0.00012476917637493923,0.0,-2.495383539935503e-05
0.0,-0.4619037957524882,-0.00021590380319547187,0.0,-5.535995034089414e-05
-5.9114931248993585e-06,-0.46209856073533895,-1.1822986249354628e-05,0.0,-5.9114931248993585e-06
0.0,-0.46208204334286773,-4.464784013102907e-05,0.0,0.0
-1.6860373624361102e-05,-0.46206853659478664,-3.9340871773596575e-05,0.0,-5.620124542082827e-06
0.0,-0.4621171572600098,0.0,0.0,0.0
0.0,-0.4621171572600098,0.0,0.0,0.0
0.0,-0.4621171572600098,0.0,0.0,0.0
0.0,-0.4621171572600098,0.0,0.0,0.0
0.0,-0.4621171572600098,0.0,0.0,0.0
0.0,-0.4577850598133366,0.0,-0.005494450202882861,0.0
0.0,-0.4621171572600098,0.0,0.0,0.0
0.0,-0.4546655741955129,0.0,-0.009433682401019605,0.0
0.0,-0.4621171572600098,0.0,0.0,0.0
0.0,-0.4621171572600098,0.0,0.0,0.0
0.0,-0.4621171572600098,0.0,0.0,0.0
0.0,-0.4621171572600098,0.0,0.0,0.0
0.0,-0.4621171572600098,0.0,0.0,0.0
0.0,-0.4621171572600098,0.0,0.0,0.0
0.0,-0.4621171572600098,0.0,0.0,0.0
0.0,-0.4621171572600098,0.0,0.0,0.0
0.0,-0.4621171572600098,0.0,0.0,0.0
0.0,-0.4621171572600098,0.0,0.0,0.0
0.0,-0.4621171572600098,0.0,0.0,0.0
0.0,-0.4621171572600098,0.0,0.0,0.0
0.0,-0.4621171572600098,0.0,0.0,0.0
0.0,-0.4621171572600098,0.0,0.0,0.0
0.0,-0.4621171572600098,0.0,0.0,0.0
0.0,-0.4621171572600098,0.0,0.0,0.0
0.0,-0.4621171572600098,0.0,0.0,0.0
0.0,-0.4621171572600098,0.0,0.0,0.0
0.0,-0.4621171572600098,0.0,0.0,0.0
0.0,-0.4621171572600098,0.0,0.0,0.0
0.0,-0.4621171572600098,0.0,0.0,0.0
0.0,-0.4621171572600098,0.0,0.0,0.0
0.0,-0.4621171572600098,0.0,0.0,0.0
0.0,-0.4621171572600098,0.0,0.0,0.0
0.0,-0.4621171572600098,0.0,0.0,0.0
0.0,-0.4621171572600098,0.0,0.0,0.0
0.0,-0.4621171572600098,0.0,0.0,0.0
0.0,-0.4621171572600098,0.0,0.0,0.0
0.0,-0.4575853568341183,0.0,-0.005747063162785615,0.0
0.0,-0.4621171572600098,0.0,0.0,0.0
0.0,-0.4621171572600098,0.0,0.0,0.0
0.0,-0.4621171572600098,0.0,0.0,0.0
0.0,-0.4621171572600098,0.0,0.0,0.0
0.0,-0.4621171572600098,0.0,0.0,0.0
0.0,-0.4621171572600098,0.0,0.0,0.0
0.0,-0.4621171572600098,0.0,0.0,0.0
0.0,-0.4621171572600098,0.0,0.0,0.0
0.0,-0.4621171572600098,0.0,0.0,0.0
0.0,-0.4621171572600098,0.0,0.0,0.0
0.0,-0.4621171572600098,0.0,0.0,0.0
0.0,-0.4621171572600098,0.0,0.0,0.0
0.0,-0.4545216437442867,0.0,-0.009615088294223528,0.0
0.0,-0.4621171572600098,0.0,0.0,0.0
0.0,-0.4621171572600098,0.0,0.0,0.0
0.0,-0.4621171572600098,0.0,0.0,0.0
0.0,-0.4621171572600098,0.0,0.0,0.0
0.0,-0.4621171572600098,0.0,0.0,0.0
0.0,-0.4444621429396447,0.0,-0.02221856496567498,0.0
0.0,-0.4621171572600098,0.0,0.0,0.0
0.0,-0.45639921319034304,0.0,-0.007246249978565378,0.0
0.0,-0.45692745593040274,0.0,-0.0065788524521949165,0.0
0.0,-0.4621171572600098,0.0,0.0,0.0
0.0,-0.4621171572600098,0.0,0.0,0.0
0.0,-0.4621171572600098,0.0,0.0,0.0
0.0,-0.4621171572600098,0.0,0.0,0.0
0.0,-0.4621171572600098,0.0,0.0,0.0
0.0,-0.4621171572600098,0.0,0.0,0.0
0.0,-0.43718878514171233,0.0,-0.031239831446031152,0.0
0.0,-0.4621171572600098,0.0,0.0,0.0
0.0,-0.4459166663743124,0.0,-0.020405330450660175,0.0
0.0,-0.4621171572600098,0.0,0.0,0.0
0.0,-0.4621171572600098,0.0,0.0,0.0
0.0,-0.4621171572600098,0.0,0.0,0.0
0.0,-0.4621171572600098,0.0,0.0,0.0
0.0,-0.4621171572600098,0.0,0.0,0.0
0.0,-0.4621171572600098,0.0,0.0,0.0
0.0,-0.4621171572600098,0.0,0.0,0.0
0.0,-0.4621171572600098,0.0,0.0,0.0
0.0,-0.4621171572600098,0.0,0.0,0.0
0.0,-0.4621171572600098,0.0,0.0,0.0
0.0,-0.4621171572600098,0.0,0.0,0.0
0.0,-0.4621171572600098,0.0,0.0,0.0
0.0,-0.4621171572600098,0.0,0.0,0.0
0.0,-0.4431875092007125,0.0,-0.023805025675347036,0.0
0.0,-0.4497405523536496,0.0,-0.015623728558408767,0.0
0.0,-0.4621171572600098,0.0,0.0,0.0
0.0,-0.4621171572600098,0.0,0.0,0.0
0.0,-0.4146191418507985,0.0,-0.05875577597851067,0.0
0.0,-0.4621171572600098,0.0,0.0,0.0
0.0,-0.4621171572600098,0.0,0.0,0.0
0.0,-0.4621171572600098,0.0,0.0,0.0
0.0,-0.4621171572600098,0.0,0.0,0.0
0.0,-0.4621171572600098,0.0,0.0,0.0
0.0,-0.4621171572600098,0.0,0.0,0.0
0.0,-0.4621171572600098,0.0,0.0,0.0
0.0,-0.4501181866048478,0.0,-0.01515035582155222,0.0
0.0,-0.4621171572600098,0.0,0.0,0.0
0.0,-0.4621171572600098,0.0,0.0,0.0
0.0,-0.4621171572600098,0.0,0.0,0.0
0.0,-0.4621171572600098,0.0,0.0,0.0
0.0,-0.4621171572600098,0.0,0.0,0.0
0.0,-0.4621171572600098,0.0,0.0,0.0
0.0,-0.4621171572600098,0.0,0.0,0.0
0.0,-0.4621171572600098,0.0,0.0,0.0
0.0,-0.4621171572600098,0.0,0.0,0.0
0.0,-0.4621171572600098,0.0,0.0,0.0
0.0,-0.43867447545174054,0.0,-0.029403286738412193,0.0
0.0,-0.4621171572600098,0.0,0.0,0.0
0.0,-0.4556464994267668,0.0,-0.00819653774744622,0.0
0.0,-0.4621171572600098,0.0,0.0,0.0
0.0,-0.4621171572600098,0.0,0.0,0.0
0.0,-0.4621171572600098,0.0,0.0,0.0
0.0,-0.4621171572600098,0.0,0.0,0.0
0.0,-0.4452206451040981,0.0,-0.02127338573355364,0.0
0.0,-0.4621171572600098,0.0,0.0,0.0
0.0,-0.4538856670049475,0.0,-0.01041628992279453,0.0
0.0,-0.4621171572600098,0.0,0.0,0.0
0.0,-0.4621171572600098,0.0,0.0,0.0
0.0,-0.4621171572600098,0.0,0.0,0.0
0.0,-0.4621171572600098,0.0,0.0,0.0
0.0,-0.4621171572600098,0.0,0.0,0.0
0.0,-0.4431875092007125,0.0,-0.023805025675347036,0.0
0.0,-0.4621171572600098,0.0,0.0,0.0
0.0,-0.4621171572600098,0.0,0.0,0.0
0.0,-0.4621171572600098,0.0,0.0,0.0
0.0,-0.4621171572600098,0.0,0.0,0.0
0.0,-0.4621171572600098,0.0,0.0,0.0
0.0,-0.4621171572600098,0.0,0.0,0.0
0.0,-0.4621171572600098,0.0,0.0,0.0
0.0,-0.4621171572600098,0.0,0.0,0.0
0.0,-0.4621171572600098,0.0,0.0,0.0
0.0,-0.4621171572600098,0.0,0.0,0.0
0.0,-0.4621171572600098,0.0,0.0,0.0
0.0,-0.4621171572600098,0.0,0.0,0.0
0.0,-0.4621171572600098,0.0,0.0,0.0
0.0,-0.4621171572600098,0.0,0.0,0.0
0.0,-0.4621171572600098,0.0,0.0,0.0
0.0,-0.4621171572600098,0.0,0.0,0.0
0.0,-0.44059828923708433,0.0,-0.02702044822680927,0.0
0.0,-0.4621171572600098,0.0,0.0,0.0
0.0,-0.4621171572600098,0.0,0.0,0.0
0.0,-0.4621171572600098,0.0,0.0,0.0
