-0.4621171572600098,0.0,0.0,0.0
-0.4621171572600098,0.0,0.0,0.0
-0.4621171572600098,0.0,0.0,0.0
-0.4621171572600098,0.0,0.0,0.0
-0.4621171572600098,0.0,0.0,0.0
-0.4621171572600098,0.0,0.0,0.0
-0.4621171572600098,0.0,0.0,0.0
-0.4621171572600098,0.0,0.0,0.0
-0.4621111957708588,-7.580247253780037e-06,0.0,0.0
-0.4621171572600098,0.0,0.0,0.0
-0.4621171572600098,0.0,0.0,0.0
-0.4621171572600098,0.0,0.0,0.0
-0.4621171572600098,0.0,0.0,0.0
-0.4621171572600098,0.0,0.0,0.0
-0.4621171572600098,0.0,0.0,0.0
-0.4621171572600098,0.0,0.0,0.0
-0.4621171572600098,0.0,0.0,0.0
-0.4621171572600098,0.0,0.0,0.0
-0.4621171572600098,0.0,0.0,0.0
-0.4621171572600098,0.0,0.0,0.0
-0.4621171572600098,0.0,0.0,0.0
-0.4621171572600098,0.0,0.0,0.0
-0.4621171572600098,0.0,0.0,0.0
-0.4621171572600098,0.0,0.0,0.0
-0.4621171572600098,0.0,0.0,0.0
-0.4621171572600098,0.0,0.0,0.0
-0.4621171572600098,0.0,0.0,0.0
-0.4621171572600098,0.0,0.0,0.0
-0.4621171572600098,0.0,0.0,0.0
-0.4621171572600098,0.0,0.0,0.0
-0.4621171572600098,0.0,0.0,0.0
-0.4621171572600098,0.0,0.0,0.0
-0.4621171572600098,0.0,0.0,0.0
-0.4621171572600098,0.0,0.0,0.0
-0.4621171572600098,0.0,0.0,0.0
-0.4621171572600098,0.0,0.0,0.0
-0.4621171572600098,0.0,0.0,0.0
-0.4621171572600098,0.0,0.0,0.0
-0.4621171572600098,0.0,0.0,0.0
-0.4621171572600098,0.0,0.0,0.0
-0.4621171572600098,0.0,0.0,0.0
-0.4621171572600098,0.0,0.0,0.0
-0.4621171572600098,0.0,0.0,0.0
-0.4621171572600098,0.0,0.0,0.0
-0.4621171572600098,0.0,0.0,0.0
-0.4621171572600098,0.0,0.0,0.0
-0.4621171572600098,0.0,0.0,0.0
-0.4621171572600098,0.0,0.0,0.0
-0.4621171572600098,0.0,0.0,0.0
-0.4621171572600098,0.0,0.0,0.0
-0.4621171572600098,0.0,0.0,0.0
-0.4621171572600098,0.0,0.0,0.0
-0.4621171572600098,0.0,0.0,0.0
-0.4621171572600098,0.0,0.0,0.0
-0.4621171572600098,0.0,0.0,0.0
-0.4621171572600098,0.0,0.0,0.0
-0.4621171572600098,0.0,0.0,0.0
-0.4621171572600098,0.0,0.0,0.0
-0.4621171572600098,0.0,0.0,0.0
-0.4621171572600098,0.0,0.0,0.0
-0.4621171572600098,0.0,0.0,0.0
-0.4621171572600098,0.0,0.0,0.0
-0.4621171572600098,0.0,0.0,0.0
-0.4621171572600098,0.0,0.0,0.0
-0.4621171572600098,0.0,0.0,0.0
-0.4621171572600098,0.0,0.0,0.0
-0.4621171572600098,0.0,0.0,0.0
-0.4621171572600098,0.0,0.0,0.0
-0.4621171572600098,0.0,0.0,0.0
-0.4621171572600098,0.0,0.0,0.0
-0.4621171572600098,0.0,0.0,0.0
-0.4621171572600098,0.0,0.0,0.0
-0.4621171572600098,0.0,0.0,0.0
-0.4621171572600098,0.0,0.0,0.0
-0.4621171572600098,0.0,0.0,0.0
-0.4621171572600098,0.0,0.0,0.0
-0.4621171572600098,0.0,0.0,0.0
-0.4621171572600098,0.0,0.0,0.0
-0.4621171572600098,0.0,0.0,0.0
-0.4621171572600098,0.0,0.0,0.0
-0.4621171572600098,0.0,0.0,0.0
-0.4621171572600098,0.0,0.0,0.0
-0.4621171572600098,0.0,0.0,0.0
-0.4621171572600098,0.0,0.0,0.0
-0.4621171572600098,0.0,0.0,0.0
-0.46208674261898175,-3.8672751160206964e-05,0.0,0.0
-0.4621171572600098,0.0,0.0,0.0
-0.4621171572600098,0.0,0.0,0.0
-0.4621171572600098,0.0,0.0,0.0
-0.4621171572600098,0.0,0.0,0.0
-0.4621171572600098,0.0,0.0,0.0
-0.4621171572600098,0.0,0.0,0.0
-0.4621171572600098,0.0,0.0,0.0
-0.4621171572600098,0.0,0.0,0.0
-0.4621171572600098,0.0,0.0,0.0
-0.4621171572600098,0.0,0.0,0.0
-0.4621171572600098,0.0,0.0,0.0
-0.4621171572600098,0.0,0.0,0.0
-0.4621171572600098,0.0,0.0,0.0
-0.4621171572600098,0.0,0.0,0.0
-0.4621171572600098,0.0,0.0,0.0
-0.4621171572600098,0.0,0.0,0.0
-0.4621171572600098,0.0,0.0,0.0
-0.4621171572600098,0.0,0.0,0.0
-0.4621171572600098,0.0,0.0,0.0
-0.4621171572600098,0.0,0.0,0.0
-0.4621171572600098,0.0,0.0,0.0
-0.4621171572600098,0.0,0.0,0.0
-0.4621171572600098,0.0,0.0,0.0
-0.4621171572600098,0.0,0.0,0.0
-0.4621171572600098,0.0,0.0,0.0
-0.4621171572600098,0.0,0.0,0.0
-0.4621171572600098,0.0,0.0,0.0
-0.4621171572600098,0.0,0.0,0.0
-0.4621171572600098,0.0,0.0,0.0
-0.4621171572600098,0.0,0.0,0.0
-0.4621171572600098,0.0,0.0,0.0
-0.4621171572600098,0.0,0.0,0.0
-0.4621171572600098,0.0,0.0,0.0
-0.4621171572600098,0.0,0.0,0.0
-0.4621171572600098,0.0,0.0,0.0
-0.4621171572600098,0.0,0.0,0.0
-0.4621171572600098,0.0,0.0,0.0
-0.4621171572600098,0.0,0.0,0.0
-0.4621171572600098,0.0,0.0,0.0
-0.4621171572600098,0.0,0.0,0.0
-0.4621171572600098,0.0,0.0,0.0
-0.4621171572600098,0.0,0.0,0.0
-0.4621171572600098,0.0,0.0,0.0
-0.4621171572600098,0.0,0.0,0.0
-0.4621171572600098,0.0,0.0,0.0
-0.4621171572600098,0.0,0.0,0.0
-0.4621171572600098,0.0,0.0,0.0
-0.4621171572600098,0.0,0.0,0.0
-0.4621171572600098,0.0,0.0,0.0
-0.4621171572600098,0.0,0.0,0.0
-0.4621171572600098,0.0,0.0,0.0
-0.46208693353206287,-3.843000612979708e-05,0.0,0.0
-0.4621171572600098,0.0,0.0,0.0
-0.4621171572600098,0.0,0.0,0.0
-0.4621171572600098,0.0,0.0,0.0
-0.4621171572600098,0.0,0.0,0.0
-0.4621171572600098,0.0,0.0,0.0
-0.4621171572600098,0.0,0.0,0.0
-0.4621171572600098,0.0,0.0,0.0
-0.4621171572600098,0.0,0.0,0.0
-0.4621171572600098,0.0,0.0,0.0
-0.4621171572600098,0.0,0.0,0.0
-0.4621171572600098,0.0,0.0,0.0
-0.4621171572600098,0.0,0.0,0.0
-0.4621171572600098,0.0,0.0,0.0
-0.4621171572600098,0.0,0.0,0.0
-0.4621171572600098,0.0,0.0,0.0
-0.4621171572600098,0.0,0.0,0.0
-0.4621171572600098,0.0,0.0,0.0
-0.4621171572600098,0.0,0.0,0.0
-0.4621171572600098,0.0,0.0,0.0
-0.4621171572600098,0.0,0.0,0.0
-0.4621171572600098,0.0,0.0,0.0
-0.4621171572600098,0.0,0.0,0.0
-0.4621171572600098,0.0,0.0,0.0
-0.4621171572600098,0.0,0.0,0.0
-0.4621171572600098,0.0,0.0,0.0
-0.4621171572600098,0.0,0.0,0.0
-0.4621171572600098,0.0,0.0,0.0
-0.4621171572600098,0.0,0.0,0.0
-0.4621171572600098,0.0,0.0,0.0
-0.4621171572600098,0.0,0.0,0.0
-0.4621171572600098,0.0,0.0,0.0
-0.4621171572600098,0.0,0.0,0.0
-0.4621171572600098,0.0,0.0,0.0
-0.4621171572600098,0.0,0.0,0.0
-0.4621171572600098,0.0,0.0,0.0
-0.4621171572600098,0.0,0.0,0.0
-0.4621171572600098,0.0,0.0,0.0
-0.4621171572600098,0.0,0.0,0.0
-0.4621171572600098,0.0,0.0,0.0
-0.4621171572600098,0.0,0.0,0.0
-0.4621171572600098,0.0,0.0,0.0
-0.4621171572600098,0.0,0.0,0.0
-0.4621171572600098,0.0,0.0,0.0
-0.4621171572600098,0.0,0.0,0.0
-0.4621171572600098,0.0,0.0,0.0
-0.4621171572600098,0.0,0.0,0.0
-0.4621171572600098,0.0,0.0,0.0
-0.4621171572600098,0.0,0.0,0.0
-0.4621171572600098,0.0,0.0,0.0
-0.4621171572600098,0.0,0.0,0.0
-0.4621171572600098,0.0,0.0,0.0
-0.4621171572600098,0.0,0.0,0.0
-0.4621171572600098,0.0,0.0,0.0
-0.4621171572600098,0.0,0.0,0.0
-0.4621171572600098,0.0,0.0,0.0
-0.4621171572600098,0.0,0.0,0.0
-0.4621171572600098,0.0,0.0,0.0
-0.4621171572600098,0.0,0.0,0.0
-0.4621171572600098,0.0,0.0,0.0
-0.4621171572600098,0.0,0.0,0.0
-0.4621171572600098,0.0,0.0,0.0
-0.4621171572600098,0.0,0.0,0.0
-0.4621171572600098,0.0,0.0,0.0
-0.4621171572600098,0.0,0.0,0.0
-0.4621171572600098,0.0,0.0,0.0
-0.4621171572600098,0.0,0.0,0.0
-0.4621171572600098,0.0,0.0,0.0
-0.4621171572600098,0.0,0.0,0.0
-0.4621171572600098,0.0,0.0,0.0
-0.4621171572600098,0.0,0.0,0.0
-0.4621171572600098,0.0,0.0,0.0
-0.4621171572600098,0.0,0.0,0.0
-0.4621171572600098,0.0,0.0,0.0
-0.4621171572600098,0.0,0.0,0.0
-0.4621171572600098,0.0,0.0,0.0
-0.4621171572600098,0.0,0.0,0.0
-0.4621171572600098,0.0,0.0,0.0
-0.4621171572600098,0.0,0.0,0.0
-0.4621171572600098,0.0,0.0,0.0
-0.4621171572600098,0.0,0.0,0.0
-0.4621171572600098,0.0,0.0,0.0
-0.4621171572600098,0.0,0.0,0.0
-0.4621171572600098,0.0,0.0,0.0
-0.4621171572600098,0.0,0.0,0.0
-0.4621171572600098,0.0,0.0,0.0
-0.4621171572600098,0.0,0.0,0.0
-0.4621171572600098,0.0,0.0,0.0
-0.4621171572600098,0.0,0.0,0.0
-0.4621171572600098,0.0,0.0,0.0
-0.4621171572600098,0.0,0.0,0.0
-0.4621171572600098,0.0,0.0,0.0
-0.4621171572600098,0.0,0.0,0.0
-0.4621171572600098,0.0,0.0,0.0
-0.4621171572600098,0.0,0.0,0.0
-0.4621171572600098,0.0,0.0,0.0
-0.4621171572600098,0.0,0.0,0.0
-0.4621171572600098,0.0,0.0,0.0
-0.4621171572600098,0.0,0.0,0.0
-0.4621171572600098,0.0,0.0,0.0
-0.4621171572600098,0.0,0.0,0.0
-0.4621171572600098,0.0,0.0,0.0
-0.4621171572600098,0.0,0.0,0.0
-0.4621171572600098,0.0,0.0,0.0
-0.4621171572600098,0.0,0.0,0.0
-0.4621171572600098,0.0,0.0,0.0
-0.4621171572600098,0.0,0.0,0.0
-0.4621171572600098,0.0,0.0,0.0
-0.4621171572600098,0.0,0.0,0.0
-0.4621171572600098,0.0,0.0,0.0
-0.4621171572600098,0.0,0.0,0.0
-0.4621171572600098,0.0,0.0,0.0
-0.4621171572600098,0.0,0.0,0.0
-0.4621171572600098,0.0,0.0,0.0
-0.4621171572600098,0.0,0.0,0.0
-0.4621171572600098,0.0,0.0,0.0
-0.4621171572600098,0.0,0.0,0.0
-0.4621171572600098,0.0,0.0,0.0
-0.4621171572600098,0.0,0.0,0.0
-0.4621171572600098,0.0,0.0,0.0
-0.4621171572600098,0.0,0.0,0.0
-0.4621171572600098,0.0,0.0,0.0
-0.4621171572600098,0.0,0.0,0.0
-0.4621171572600098,0.0,0.0,0.0
-0.4621171572600098,0.0,0.0,0.0
-0.4621171572600098,0.0,0.0,0.0
-0.4621171572600098,0.0,0.0,0.0
-0.4621171572600098,0.0,0.0,0.0
-0.4621171572600098,0.0,0.0,0.0
-0.4621171572600098,0.0,0.0,0.0
-0.4621171572600098,0.0,0.0,0.0
-0.4621171572600098,0.0,0.0,0.0
-0.4621171572600098,0.0,0.0,0.0
-0.4621171572600098,0.0,0.0,0.0
-0.4621171572600098,0.0,0.0,0.0
-0.4621171572600098,0.0,0.0,0.0
-0.4621171572600098,0.0,0.0,0.0
-0.4621171572600098,0.0,0.0,0.0
-0.4621171572600098,0.0,0.0,0.0
-0.4621171572600098,0.0,0.0,0.0
-0.4621171572600098,0.0,0.0,0.0
-0.4621171572600098,0.0,0.0,0.0
-0.4621171572600098,0.0,0.0,0.0
-0.4621171572600098,0.0,0.0,0.0
-0.4621171572600098,0.0,0.0,0.0
-0.4621171572600098,0.0,0.0,0.0
-0.4621171572600098,0.0,0.0,0.0
-0.4621171572600098,0.0,0.0,0.0
-0.4621171572600098,0.0,0.0,0.0
-0.4621171572600098,0.0,0.0,0.0
-0.4621171572600098,0.0,0.0,0.0
-0.4621171572600098,0.0,0.0,0.0
-0.4621171572600098,0.0,0.0,0.0
-0.4621171572600098,0.0,0.0,0.0
-0.4621171572600098,0.0,0.0,0.0
-0.4621171572600098,0.0,0.0,0.0
-0.4621171572600098,0.0,0.0,0.0
-0.4621171572600098,0.0,0.0,0.0
-0.4621171572600098,0.0,0.0,0.0
-0.4621171572600098,0.0,0.0,0.0
-0.4621171572600098,0.0,0.0,0.0
-0.4621171572600098,0.0,0.0,0.0
-0.4621171572600098,0.0,0.0,0.0
-0.4621171572600098,0.0,0.0,0.0
-0.4621171572600098,0.0,0.0,0.0
-0.4621171572600098,0.0,0.0,0.0
-0.4621171572600098,0.0,0.0,0.0
-0.4621171572600098,0.0,0.0,0.0
-0.4621171572600098,0.0,0.0,0.0
-0.4621171572600098,0.0,0.0,0.0
-0.4621171572600098,0.0,0.0,0.0
-0.4621171572600098,0.0,0.0,0.0
-0.4621171572600098,0.0,0.0,0.0
-0.4621171572600098,0.0,0.0,0.0
-0.4621171572600098,0.0,0.0,0.0
-0.4621171572600098,0.0,0.0,0.0
-0.4621171572600098,0.0,0.0,0.0
-0.4621171572600098,0.0,0.0,0.0
-0.4621171572600098,0.0,0.0,0.0
-0.4621171572600098,0.0,0.0,0.0
-0.4621171572600098,0.0,0.0,0.0
-0.4621171572600098,0.0,0.0,0.0
-0.4621171572600098,0.0,0.0,0.0
-0.4621171572600098,0.0,0.0,0.0
-0.4621171572600098,0.0,0.0,0.0
-0.4621171572600098,0.0,0.0,0.0
-0.4621171572600098,0.0,0.0,0.0
-0.4621171572600098,0.0,0.0,0.0
-0.4621171572600098,0.0,0.0,0.0
-0.4621171572600098,0.0,0.0,0.0
-0.4621171572600098,0.0,0.0,0.0
-0.4621171572600098,0.0,0.0,0.0
-0.4621171572600098,0.0,0.0,0.0
-0.4621171572600098,0.0,0.0,0.0
-0.4621171572600098,0.0,0.0,0.0
-0.4621171572600098,0.0,0.0,0.0
-0.4621171572600098,0.0,0.0,0.0
-0.4621171572600098,0.0,0.0,0.0
-0.4621171572600098,0.0,0.0,0.0
-0.4621171572600098,0.0,0.0,0.0
-0.4621171572600098,0.0,0.0,0.0
-0.4621171572600098,0.0,0.0,0.0
-0.4621171572600098,0.0,0.0,0.0
-0.4621171572600098,0.0,0.0,0.0
-0.4621171572600098,0.0,0.0,0.0
-0.4621171572600098,0.0,0.0,0.0
-0.4621171572600098,0.0,0.0,0.0
-0.4621171572600098,0.0,0.0,0.0
-0.4621171572600098,0.0,0.0,0.0
-0.4621171572600098,0.0,0.0,0.0
-0.4621171572600098,0.0,0.0,0.0
-0.4621171572600098,0.0,0.0,0.0
-0.4621171572600098,0.0,0.0,0.0
-0.4621171572600098,0.0,0.0,0.0
-0.4621171572600098,0.0,0.0,0.0
-0.4621171572600098,0.0,0.0,0.0
-0.4621171572600098,0.0,0.0,0.0
-0.4621171572600098,0.0,0.0,0.0
-0.4621171572600098,0.0,0.0,0.0
-0.4621171572600098,0.0,0.0,0.0
-0.4621171572600098,0.0,0.0,0.0
-0.4621171572600098,0.0,0.0,0.0
-0.4621171572600098,0.0,0.0,0.0
-0.4621171572600098,0.0,0.0,0.0
-0.4621171572600098,0.0,0.0,0.0
-0.4621171572600098,0.0,0.0,0.0
-0.4621171572600098,0.0,0.0,0.0
-0.4621171572600098,0.0,0.0,0.0
-0.4621171572600098,0.0,0.0,0.0
-0.4621171572600098,0.0,0.0,0.0
-0.4621171572600098,0.0,0.0,0.0
-0.4621171572600098,0.0,0.0,0.0
-0.4621171572600098,0.0,0.0,0.0
-0.4621171572600098,0.0,0.0,0.0
-0.4621171572600098,0.0,0.0,0.0
-0.4621171572600098,0.0,0.0,0.0
-0.4621171572600098,0.0,0.0,0.0
-0.4621171572600098,0.0,0.0,0.0
-0.4621171572600098,0.0,0.0,0.0
-0.4621171572600098,0.0,0.0,0.0
-0.4621171572600098,0.0,0.0,0.0
-0.4621171572600098,0.0,0.0,0.0
-0.4621171572600098,0.0,0.0,0.0
-0.4621171572600098,0.0,0.0,0.0
-0.4621171572600098,0.0,0.0,0.0
-0.4621171572600098,0.0,0.0,0.0
-0.4621171572600098,0.0,0.0,0.0
-0.4621171572600098,0.0,0.0,0.0
-0.4621171572600098,0.0,0.0,0.0
-0.4621171572600098,0.0,0.0,0.0
-0.4621171572600098,0.0,0.0,0.0
-0.4621171572600098,0.0,0.0,0.0
-0.4621171572600098,0.0,0.0,0.0
-0.4621171572600098,0.0,0.0,0.0
-0.4621171572600098,0.0,0.0,0.0
-0.4621171572600098,0.0,0.0,0.0
-0.4621171572600098,0.0,0.0,0.0
-0.4621171572600098,0.0,0.0,0.0
-0.4621171572600098,0.0,0.0,0.0
-0.4621171572600098,0.0,0.0,0.0
-0.4621171572600098,0.0,0.0,0.0
-0.4621171572600098,0.0,0.0,0.0
-0.4621171572600098,0.0,0.0,0.0
-0.4621171572600098,0.0,0.0,0.0
-0.4621171572600098,0.0,0.0,0.0
-0.4621171572600098,0.0,0.0,0.0
-0.4621171572600098,0.0,0.0,0.0
-0.4621171572600098,0.0,0.0,0.0
-0.4621171572600098,0.0,0.0,0.0
-0.4621171572600098,0.0,0.0,0.0
-0.4621171572600098,0.0,0.0,0.0
-0.4621171572600098,0.0,0.0,0.0
-0.4621171572600098,0.0,0.0,0.0
-0.4621171572600098,0.0,0.0,0.0
-0.4621171572600098,0.0,0.0,0.0
-0.4621171572600098,0.0,0.0,0.0
-0.4621171572600098,0.0,0.0,0.0
-0.4621171572600098,0.0,0.0,0.0
-0.4621171572600098,0.0,0.0,0.0
-0.4621171572600098,0.0,0.0,0.0
-0.4621171572600098,0.0,0.0,0.0
-0.4621171572600098,0.0,0.0,0.0
-0.4621171572600098,0.0,0.0,0.0
-0.4621171572600098,0.0,0.0,0.0
-0.4621171572600098,0.0,0.0,0.0
-0.4621171572600098,0.0,0.0,0.0
-0.4621171572600098,0.0,0.0,0.0
-0.4621171572600098,0.0,0.0,0.0
-0.4621171572600098,0.0,0.0,0.0
-0.4621171572600098,0.0,0.0,0.0
-0.4621171572600098,0.0,0.0,0.0
-0.4621171572600098,0.0,0.0,0.0
-0.4621171572600098,0.0,0.0,0.0
-0.4621171572600098,0.0,0.0,0.0
-0.4621171572600098,0.0,0.0,0.0
-0.4621171572600098,0.0,0.0,0.0
-0.4621171572600098,0.0,0.0,0.0
-0.4621171572600098,0.0,0.0,0.0
-0.4621171572600098,0.0,0.0,0.0
-0.4621171572600098,0.0,0.0,0.0
-0.4621171572600098,0.0,0.0,0.0
-0.4621171572600098,0.0,0.0,0.0
-0.4621171572600098,0.0,0.0,0.0
-0.4621171572600098,0.0,0.0,0.0
-0.4621171572600098,0.0,0.0,0.0
-0.4621171572600098,0.0,0.0,0.0
-0.4621171572600098,0.0,0.0,0.0
-0.4621171572600098,0.0,0.0,0.0
-0.4621171572600098,0.0,0.0,0.0
-0.46211469043549125,0.0,0.0,-3.1366622846862313e-06
-0.4621171572600098,0.0,0.0,0.0
-0.4621171572600098,0.0,0.0,0.0
-0.4621171572600098,0.0,0.0,0.0
-0.4621171572600098,0.0,0.0,0.0
-0.4621171572600098,0.0,0.0,0.0
-0.4621168675756423,0.0,0.0,-3.683452898251005e-07
-0.4621171572600098,0.0,0.0,0.0
-0.4621171572600098,0.0,0.0,0.0
-0.4621171572600098,0.0,0.0,0.0
-0.4621171572600098,0.0,0.0,0.0
-0.4621171572600098,0.0,0.0,0.0
-0.4621171572600098,0.0,0.0,0.0
-0.4621171572600098,0.0,0.0,0.0
-0.46211606105719194,0.0,0.0,-1.3938651810541103e-06
-0.4621171572600098,0.0,0.0,0.0
-0.4621171572600098,0.0,0.0,0.0
-0.4621171572600098,0.0,0.0,0.0
-0.4621171572600098,0.0,0.0,0.0
-0.4621171572600098,0.0,0.0,0.0
-0.4621171572600098,0.0,0.0,0.0
-0.4621171572600098,0.0,0.0,0.0
-0.46211689733962935,0.0,0.0,-3.304991924579781e-07
-0.4621171572600098,0.0,0.0,0.0
-0.4621171572600098,0.0,0.0,0.0
-0.4621171572600098,0.0,0.0,0.0
-0.4621171572600098,0.0,0.0,0.0
-0.4621171572600098,0.0,0.0,0.0
-0.4621171572600098,0.0,0.0,0.0
-0.4621171572600098,0.0,0.0,0.0
-0.4621171572600098,0.0,0.0,0.0
-0.4621171572600098,0.0,0.0,0.0
-0.4621171572600098,0.0,0.0,0.0
-0.4621171572600098,0.0,0.0,0.0
-0.46207434272370695,0.0,0.0,-5.4439039511189335e-05
-0.4621171572600098,0.0,0.0,0.0
-0.4621171572600098,0.0,0.0,0.0
-0.4621171572600098,0.0,0.0,0.0
-0.4621171572600098,0.0,0.0,0.0
-0.4621171572600098,0.0,0.0,0.0
-0.4621171572600098,0.0,0.0,0.0
-0.4621171572600098,0.0,0.0,0.0
-0.4621171572600098,0.0,0.0,0.0
-0.4621171572600098,0.0,0.0,0.0
-0.4621171572600098,0.0,0.0,0.0
-0.4621171572600098,0.0,0.0,0.0
-0.4621171572600098,0.0,0.0,0.0
-0.4621171572600098,0.0,0.0,0.0
-0.4621171572600098,0.0,0.0,0.0
-0.4621171572600098,0.0,0.0,0.0
-0.4621171572600098,0.0,0.0,0.0
-0.4621171572600098,0.0,0.0,0.0
-0.4621165965107793,0.0,0.0,-7.130150195822083e-07
-0.4621171572600098,0.0,0.0,0.0
-0.4621171572600098,0.0,0.0,0.0
-0.4621171572600098,0.0,0.0,0.0
-0.4621171572600098,0.0,0.0,0.0
-0.4621171572600098,0.0,0.0,0.0
-0.4621171572600098,0.0,0.0,0.0
-0.4621171572600098,0.0,0.0,0.0
-0.4621171572600098,0.0,0.0,0.0
-0.4621171572600098,0.0,0.0,0.0
-0.4621171572600098,0.0,0.0,0.0
-0.4621171572600098,0.0,0.0,0.0
-0.4621171572600098,0.0,0.0,0.0
-0.4621171572600098,0.0,0.0,0.0
-0.4621171572600098,0.0,0.0,0.0
-0.4621171572600098,0.0,0.0,0.0
-0.4621171572600098,0.0,0.0,0.0
-0.4621171572600098,0.0,0.0,0.0
-0.4621171572600098,0.0,0.0,0.0
-0.4621171572600098,0.0,0.0,0.0
-0.4621171572600098,0.0,0.0,0.0
-0.4621171572600098,0.0,0.0,0.0
-0.4621171572600098,0.0,0.0,0.0
-0.4621171572600098,0.0,0.0,0.0
-0.4621171572600098,0.0,0.0,0.0
-0.4621171572600098,0.0,0.0,0.0
-0.4621171572600098,0.0,0.0,0.0
-0.4621171572600098,0.0,0.0,0.0
-0.4621171572600098,0.0,0.0,0.0
-0.4621171572600098,0.0,0.0,0.0
-0.4621171572600098,0.0,0.0,0.0
-0.4621171572600098,0.0,0.0,0.0
-0.4621171572600098,0.0,0.0,0.0
-0.4621171572600098,0.0,0.0,0.0
-0.4621171572600098,0.0,0.0,0.0
-0.4621171572600098,0.0,0.0,0.0
-0.4621171572600098,0.0,0.0,0.0
-0.4621171572600098,0.0,0.0,0.0
-0.4621171572600098,0.0,0.0,0.0
-0.4621171572600098,0.0,0.0,0.0
-0.4621171572600098,0.0,0.0,0.0
-0.4621171572600098,0.0,0.0,0.0
-0.4621171572600098,0.0,0.0,0.0
-0.4621171572600098,0.0,0.0,0.0
-0.4621171572600098,0.0,0.0,0.0
-0.4621171572600098,0.0,0.0,0.0
-0.4621171572600098,0.0,0.0,0.0
-0.4621171572600098,0.0,0.0,0.0
-0.4621171572600098,0.0,0.0,0.0
-0.4621171572600098,0.0,0.0,0.0
-0.4621171572600098,0.0,0.0,0.0
-0.4621171572600098,0.0,0.0,0.0
-0.4621171572600098,0.0,0.0,0.0
-0.4621171572600098,0.0,0.0,0.0
-0.4621171572600098,0.0,0.0,0.0
-0.4621171572600098,0.0,0.0,0.0
-0.4621171572600098,0.0,0.0,0.0
-0.4621171572600098,0.0,0.0,0.0
-0.4621171572600098,0.0,0.0,0.0
-0.4621171572600098,0.0,0.0,0.0
-0.4621171572600098,0.0,0.0,0.0
-0.4621171572600098,0.0,0.0,0.0
-0.4621171572600098,0.0,0.0,0.0
-0.4621171572600098,0.0,0.0,0.0
-0.4621171572600098,0.0,0.0,0.0
-0.4621171572600098,0.0,0.0,0.0
-0.4621171572600098,0.0,0.0,0.0
-0.4621171572600098,0.0,0.0,0.0
-0.4621171572600098,0.0,0.0,0.0
-0.4621171572600098,0.0,0.0,0.0
-0.4621171572600098,0.0,0.0,0.0
-0.4621171572600098,0.0,0.0,0.0
-0.4621171572600098,0.0,0.0,0.0
-0.4621171572600098,0.0,0.0,0.0
-0.4621171572600098,0.0,0.0,0.0
-0.4621171572600098,0.0,0.0,0.0
-0.4621171572600098,0.0,0.0,0.0
-0.4621171572600098,0.0,0.0,0.0
-0.4621171572600098,0.0,0.0,0.0
-0.4621171572600098,0.0,0.0,0.0
-0.4621171572600098,0.0,0.0,0.0
-0.4621171572600098,0.0,0.0,0.0
-0.4621171572600098,0.0,0.0,0.0
-0.4621171572600098,0.0,0.0,0.0
-0.4621171572600098,0.0,0.0,0.0
-0.4621171572600098,0.0,0.0,0.0
-0.4621171572600098,0.0,0.0,0.0
-0.4621171572600098,0.0,0.0,0.0
-0.4621171572600098,0.0,0.0,0.0
-0.4621171572600098,0.0,0.0,0.0
-0.4621171572600098,0.0,0.0,0.0
-0.4621171572600098,0.0,0.0,0.0
-0.4621171572600098,0.0,0.0,0.0
-0.4621171572600098,0.0,0.0,0.0
-0.4621171572600098,0.0,0.0,0.0
-0.4621171572600098,0.0,0.0,0.0
-0.4621171572600098,0.0,0.0,0.0
-0.4621171572600098,0.0,0.0,0.0
-0.4621171572600098,0.0,0.0,0.0
-0.4621171572600098,0.0,0.0,0.0
-0.4621171572600098,0.0,0.0,0.0
-0.4621171572600098,0.0,0.0,0.0
-0.4621171572600098,0.0,0.0,0.0
-0.4621171572600098,0.0,0.0,0.0
-0.4621171572600098,0.0,0.0,0.0
-0.4621171572600098,0.0,0.0,0.0
-0.4621171572600098,0.0,0.0,0.0
-0.4621171572600098,0.0,0.0,0.0
-0.4621171572600098,0.0,0.0,0.0
-0.4621171572600098,0.0,0.0,0.0
-0.4621171572600098,0.0,0.0,0.0
-0.4621171572600098,0.0,0.0,0.0
-0.4621171572600098,0.0,0.0,0.0
-0.4621171572600098,0.0,0.0,0.0
-0.4621171572600098,0.0,0.0,0.0
-0.4621171572600098,0.0,0.0,0.0
-0.4621171572600098,0.0,0.0,0.0
-0.4621171572600098,0.0,0.0,0.0
-0.4621171572600098,0.0,0.0,0.0
-0.4621171572600098,0.0,0.0,0.0
-0.4621171572600098,0.0,0.0,0.0
-0.4621171572600098,0.0,0.0,0.0
-0.4621171572600098,0.0,0.0,0.0
-0.4621171572600098,0.0,0.0,0.0
-0.4621171572600098,0.0,0.0,0.0
-0.4621171572600098,0.0,0.0,0.0
-0.4621171572600098,0.0,0.0,0.0
-0.4621171572600098,0.0,0.0,0.0
-0.4621171572600098,0.0,0.0,0.0
-0.4621171572600098,0.0,0.0,0.0
-0.4621171572600098,0.0,0.0,0.0
-0.4621171572600098,0.0,0.0,0.0
-0.4621171572600098,0.0,0.0,0.0
-0.4621171572600098,0.0,0.0,0.0
-0.4621171572600098,0.0,0.0,0.0
-0.4621171572600098,0.0,0.0,0.0
-0.4621171572600098,0.0,0.0,0.0
-0.4621171572600098,0.0,0.0,0.0
-0.4621171572600098,0.0,0.0,0.0
-0.4621171572600098,0.0,0.0,0.0
-0.4621171572600098,0.0,0.0,0.0
-0.4621171572600098,0.0,0.0,0.0
-0.4621171572600098,0.0,0.0,0.0
-0.4621171572600098,0.0,0.0,0.0
-0.4621171572600098,0.0,0.0,0.0
-0.4621171572600098,0.0,0.0,0.0
-0.4621171572600098,0.0,0.0,0.0
-0.4621171572600098,0.0,0.0,0.0
-0.4621171572600098,0.0,0.0,0.0
-0.4621171572600098,0.0,0.0,0.0
-0.4621171572600098,0.0,0.0,0.0
-0.4621171572600098,0.0,0.0,0.0
-0.4621171572600098,0.0,0.0,0.0
-0.4621171572600098,0.0,0.0,0.0
-0.4621171572600098,0.0,0.0,0.0
-0.4621171572600098,0.0,0.0,0.0
-0.4621171572600098,0.0,0.0,0.0
-0.4621171572600098,0.0,0.0,0.0
-0.4621171572600098,0.0,0.0,0.0
-0.4621171572600098,0.0,0.0,0.0
-0.4621171572600098,0.0,0.0,0.0
-0.4621171572600098,0.0,0.0,0.0
-0.4621171572600098,0.0,0.0,0.0
-0.4621171572600098,0.0,0.0,0.0
-0.4621171572600098,0.0,0.0,0.0
-0.4621171572600098,0.0,0.0,0.0
-0.4621171572600098,0.0,0.0,0.0
-0.4621171572600098,0.0,0.0,0.0
-0.4621171572600098,0.0,0.0,0.0
-0.4621171572600098,0.0,0.0,0.0
-0.4621171572600098,0.0,0.0,0.0
-0.4621171572600098,0.0,0.0,0.0
-0.4621171572600098,0.0,0.0,0.0
-0.4621171572600098,0.0,0.0,0.0
-0.4621171572600098,0.0,0.0,0.0
-0.4621171572600098,0.0,0.0,0.0
-0.4621171572600098,0.0,0.0,0.0
-0.4621171572600098,0.0,0.0,0.0
-0.4621171572600098,0.0,0.0,0.0
-0.4621171572600098,0.0,0.0,0.0
-0.4621171572600098,0.0,0.0,0.0
-0.4621171572600098,0.0,0.0,0.0
-0.4621171572600098,0.0,0.0,0.0
-0.4621171572600098,0.0,0.0,0.0
-0.4621171572600098,0.0,0.0,0.0
-0.4621171572600098,0.0,0.0,0.0
-0.4621171572600098,0.0,0.0,0.0
-0.4621171572600098,0.0,0.0,0.0
-0.4621171572600098,0.0,0.0,0.0
-0.4621171572600098,0.0,0.0,0.0
-0.4621171572600098,0.0,0.0,0.0
-0.4621171572600098,0.0,0.0,0.0
-0.4621171572600098,0.0,0.0,0.0
-0.4621171572600098,0.0,0.0,0.0
-0.4621171572600098,0.0,0.0,0.0
-0.46211395842910774,-4.0674348151803486e-06,0.0,0.0
-0.4621171572600098,0.0,0.0,0.0
-0.4621171572600098,0.0,0.0,0.0
-0.4621171572600098,0.0,0.0,0.0
-0.4621171572600098,0.0,0.0,0.0
-0.4621171572600098,0.0,0.0,0.0
-0.4621171572600098,0.0,0.0,0.0
-0.4621171572600098,0.0,0.0,0.0
-0.4621171572600098,0.0,0.0,0.0
-0.4621171572600098,0.0,0.0,0.0
-0.4621171572600098,0.0,0.0,0.0
-0.4621171572600098,0.0,0.0,0.0
-0.4621171572600098,0.0,0.0,0.0
-0.46211638114817555,-9.868570378657182e-07,0.0,0.0
-0.4621171572600098,0.0,0.0,0.0
-0.4621171572600098,0.0,0.0,0.0
-0.4621171572600098,0.0,0.0,0.0
-0.4621171572600098,0.0,0.0,0.0
-0.4621171572600098,0.0,0.0,0.0
-0.4621171572600098,0.0,0.0,0.0
-0.4621171572600098,0.0,0.0,0.0
-0.4621171572600098,0.0,0.0,0.0
-0.4621171572600098,0.0,0.0,0.0
-0.4621171572600098,0.0,0.0,0.0
-0.4621171572600098,0.0,0.0,0.0
-0.4621171572600098,0.0,0.0,0.0
-0.4621171572600098,0.0,0.0,0.0
-0.4621171572600098,0.0,0.0,0.0
-0.4621171572600098,0.0,0.0,0.0
-0.4621171572600098,0.0,0.0,0.0
-0.4621171572600098,0.0,0.0,0.0
-0.4621171572600098,0.0,0.0,0.0
-0.4621171572600098,0.0,0.0,0.0
-0.4621171572600098,0.0,0.0,0.0
-0.4621171572600098,0.0,0.0,0.0
-0.4621171572600098,0.0,0.0,0.0
-0.4621171572600098,0.0,0.0,0.0
-0.4621171572600098,0.0,0.0,0.0
-0.4621171572600098,0.0,0.0,0.0
-0.4621171572600098,0.0,0.0,0.0
-0.4621171572600098,0.0,0.0,0.0
-0.4621171572600098,0.0,0.0,0.0
-0.4621171572600098,0.0,0.0,0.0
-0.4621171572600098,0.0,0.0,0.0
-0.4621171572600098,0.0,0.0,0.0
-0.4621171572600098,0.0,0.0,0.0
-0.4621171572600098,0.0,0.0,0.0
-0.4621171572600098,0.0,0.0,0.0
-0.4621171572600098,0.0,0.0,0.0
-0.4621171572600098,0.0,0.0,0.0
-0.4621171572600098,0.0,0.0,0.0
-0.4621171572600098,0.0,0.0,0.0
-0.4621171572600098,0.0,0.0,0.0
-0.4621171572600098,0.0,0.0,0.0
-0.4621171572600098,0.0,0.0,0.0
-0.4621171572600098,0.0,0.0,0.0
-0.4621171572600098,0.0,0.0,0.0
-0.4621171572600098,0.0,0.0,0.0
-0.4621171572600098,0.0,0.0,0.0
-0.4621171572600098,0.0,0.0,0.0
-0.4621171572600098,0.0,0.0,0.0
-0.4621171572600098,0.0,0.0,0.0
-0.4621171572600098,0.0,0.0,0.0
-0.4621171572600098,0.0,0.0,0.0
-0.4621171572600098,0.0,0.0,0.0
-0.4621171572600098,0.0,0.0,0.0
-0.4621171572600098,0.0,0.0,0.0
-0.4621171572600098,0.0,0.0,0.0
-0.4621171572600098,0.0,0.0,0.0
-0.4621171572600098,0.0,0.0,0.0
-0.4621171572600098,0.0,0.0,0.0
-0.4621171572600098,0.0,0.0,0.0
-0.4621171572600098,0.0,0.0,0.0
-0.4621171572600098,0.0,0.0,0.0
-0.4621171572600098,0.0,0.0,0.0
-0.4621171572600098,0.0,0.0,0.0
-0.4621171572600098,0.0,0.0,0.0
-0.4621171572600098,0.0,0.0,0.0
-0.4621171572600098,0.0,0.0,0.0
-0.4621171572600098,0.0,0.0,0.0
-0.4621171572600098,0.0,0.0,0.0
-0.4621171572600098,0.0,0.0,0.0
-0.4621171572600098,0.0,0.0,0.0
-0.4621171572600098,0.0,0.0,0.0
-0.4621171572600098,0.0,0.0,0.0
-0.4621171572600098,0.0,0.0,0.0
-0.4621171572600098,0.0,0.0,0.0
-0.4621171572600098,0.0,0.0,0.0
-0.4621171572600098,0.0,0.0,0.0
-0.4621171572600098,0.0,0.0,0.0
-0.4621171572600098,0.0,0.0,0.0
-0.4621171572600098,0.0,0.0,0.0
-0.4621171572600098,0.0,0.0,0.0
-0.4621171572600098,0.0,0.0,0.0
-0.4621171572600098,0.0,0.0,0.0
-0.4621171572600098,0.0,0.0,0.0
-0.4621171572600098,0.0,0.0,0.0
-0.4621171572600098,0.0,0.0,0.0
-0.4621171572600098,0.0,0.0,0.0
-0.4621171572600098,0.0,0.0,0.0
-0.4621171572600098,0.0,0.0,0.0
-0.4621171572600098,0.0,0.0,0.0
-0.4621171572600098,0.0,0.0,0.0
-0.4621171572600098,0.0,0.0,0.0
-0.4621171572600098,0.0,0.0,0.0
-0.4621171572600098,0.0,0.0,0.0
-0.4621171572600098,0.0,0.0,0.0
-0.4621171572600098,0.0,0.0,0.0
-0.4621171572600098,0.0,0.0,0.0
-0.4621171572600098,0.0,0.0,0.0
-0.4621171572600098,0.0,0.0,0.0
-0.4621171572600098,0.0,0.0,0.0
-0.4621171572600098,0.0,0.0,0.0
-0.4621171572600098,0.0,0.0,0.0
-0.4621171572600098,0.0,0.0,0.0
-0.4621171572600098,0.0,0.0,0.0
-0.4621171572600098,0.0,0.0,0.0
-0.4621171572600098,0.0,0.0,0.0
-0.4621171572600098,0.0,0.0,0.0
-0.4621171572600098,0.0,0.0,0.0
-0.4621171572600098,0.0,0.0,0.0
-0.4621171572600098,0.0,0.0,0.0
-0.4621171572600098,0.0,0.0,0.0
-0.4621171572600098,0.0,0.0,0.0
-0.46211188388423274,0.0,0.0,-6.705289132047376e-06
-0.4621171572600098,0.0,0.0,0.0
-0.4621171572600098,0.0,0.0,0.0
-0.4621171572600098,0.0,0.0,0.0
-0.4621171572600098,0.0,0.0,0.0
-0.4621171572600098,0.0,0.0,0.0
-0.4621171572600098,0.0,0.0,0.0
-0.4621171572600098,0.0,0.0,0.0
-0.4621171572600098,0.0,0.0,0.0
-0.4621171572600098,0.0,0.0,0.0
-0.4621171572600098,0.0,0.0,0.0
-0.4621171572600098,0.0,0.0,0.0
-0.4621171572600098,0.0,0.0,0.0
-0.4621171572600098,0.0,0.0,0.0
-0.4621171572600098,0.0,0.0,0.0
-0.4621171572600098,0.0,0.0,0.0
-0.4621171572600098,0.0,0.0,0.0
-0.4621171572600098,0.0,0.0,0.0
-0.4621171572600098,0.0,0.0,0.0
-0.4621171572600098,0.0,0.0,0.0
-0.4621171572600098,0.0,0.0,0.0
-0.4621171572600098,0.0,0.0,0.0
-0.45712510590671596,0.0,-0.006329029415524823,0.0
-0.4621171572600098,0.0,0.0,0.0
-0.453525997169815,-0.01086913716715665,0.0,0.0
-0.4621171572600098,0.0,0.0,0.0
-0.4621171572600098,0.0,0.0,0.0
-0.4621171572600098,0.0,0.0,0.0
-0.4621171572600098,0.0,0.0,0.0
-0.4621171572600098,0.0,0.0,0.0
-0.4621171572600098,0.0,0.0,0.0
-0.4621171572600098,0.0,0.0,0.0
-0.4621171572600098,0.0,0.0,0.0
-0.4621171572600098,0.0,0.0,0.0
-0.4621171572600098,0.0,0.0,0.0
-0.4621171572600098,0.0,0.0,0.0
-0.4621171572600098,0.0,0.0,0.0
-0.4621171572600098,0.0,0.0,0.0
-0.4621171572600098,0.0,0.0,0.0
-0.4621171572600098,0.0,0.0,0.0
-0.4621171572600098,0.0,0.0,0.0
-0.4621171572600098,0.0,0.0,0.0
-0.4621171572600098,0.0,0.0,0.0
0.0,0.0,0.0,0.0
-0.4621171572600098,0.0,0.0,0.0
-0.4621171572600098,0.0,0.0,0.0
-0.4621171572600098,0.0,0.0,0.0
-0.4621171572600098,0.0,0.0,0.0
-0.4621171572600098,0.0,0.0,0.0
-0.4621171572600098,0.0,0.0,0.0
-0.4621171572600098,0.0,0.0,0.0
-0.4621171572600098,0.0,0.0,0.0
-0.4621171572600098,0.0,0.0,0.0
-0.4621171572600098,0.0,0.0,0.0
-0.4621171572600098,0.0,0.0,0.0
-0.4621171572600098,0.0,0.0,0.0
-0.4621171572600098,0.0,0.0,0.0
-0.4621171572600098,0.0,0.0,0.0
-0.4621171572600098,0.0,0.0,0.0
-0.4621171572600098,0.0,0.0,0.0
-0.4621171572600098,0.0,0.0,0.0
-0.4621171572600098,0.0,0.0,0.0
-0.4621171572600098,0.0,0.0,0.0
-0.4621171572600098,0.0,0.0,0.0
-0.4621171572600098,0.0,0.0,0.0
-0.4621171572600098,0.0,0.0,0.0
-0.4621171572600098,0.0,0.0,0.0
-0.4621171572600098,0.0,0.0,0.0
-0.4621171572600098,0.0,0.0,0.0
-0.4621171572600098,0.0,0.0,0.0
-0.4621171572600098,0.0,0.0,0.0
-0.4621171572600098,0.0,0.0,0.0
-0.4621171572600098,0.0,0.0,0.0
-0.4621171572600098,0.0,0.0,0.0
-0.4621171572600098,0.0,0.0,0.0
-0.4621171572600098,0.0,0.0,0.0
-0.4621171572600098,0.0,0.0,0.0
-0.4621171572600098,0.0,0.0,0.0
-0.4621171572600098,0.0,0.0,0.0
-0.4621171572600098,0.0,0.0,0.0
-0.4621171572600098,0.0,0.0,0.0
-0.4621171572600098,0.0,0.0,0.0
-0.4621171572600098,0.0,0.0,0.0
-0.4621171572600098,0.0,0.0,0.0
-0.4621171572600098,0.0,0.0,0.0
-0.4621171572600098,0.0,0.0,0.0
-0.4621171572600098,0.0,0.0,0.0
-0.4621171572600098,0.0,0.0,0.0
-0.4621171572600098,0.0,0.0,0.0
-0.4621171572600098,0.0,0.0,0.0
-0.4621171572600098,0.0,0.0,0.0
-0.4621171572600098,0.0,0.0,0.0
-0.4621171572600098,0.0,0.0,0.0
-0.4621171572600098,0.0,0.0,0.0
-0.4621171572600098,0.0,0.0,0.0
-0.4621171572600098,0.0,0.0,0.0
-0.4621171572600098,0.0,0.0,0.0
-0.4621171572600098,0.0,0.0,0.0
-0.4621171572600098,0.0,0.0,0.0
-0.4621171572600098,0.0,0.0,0.0
-0.4621171572600098,0.0,0.0,0.0
-0.4621171572600098,0.0,0.0,0.0
-0.4621171572600098,0.0,0.0,0.0
-0.4621171572600098,0.0,0.0,0.0
-0.4621171572600098,0.0,0.0,0.0
-0.4621171572600098,0.0,0.0,0.0
-0.4621171572600098,0.0,0.0,0.0
-0.4621171572600098,0.0,0.0,0.0
-0.4621171572600098,0.0,0.0,0.0
-0.4621171572600098,0.0,0.0,0.0
-0.4621171572600098,0.0,0.0,0.0
-0.4621171572600098,0.0,0.0,0.0
-0.4621171572600098,0.0,0.0,0.0
-0.4621171572600098,0.0,0.0,0.0
-0.4621171572600098,0.0,0.0,0.0
-0.4621171572600098,0.0,0.0,0.0
-0.4621171572600098,0.0,0.0,0.0
-0.4621171572600098,0.0,0.0,0.0
-0.4621171572600098,0.0,0.0,0.0
-0.4621171572600098,0.0,0.0,0.0
-0.4621171572600098,0.0,0.0,0.0
-0.4621171572600098,0.0,0.0,0.0
-0.4621171572600098,0.0,0.0,0.0
-0.4621171572600098,0.0,0.0,0.0
-0.4621171572600098,0.0,0.0,0.0
-0.4621171572600098,0.0,0.0,0.0
-0.4621171572600098,0.0,0.0,0.0
-0.4621171572600098,0.0,0.0,0.0
-0.4621171572600098,0.0,0.0,0.0
-0.4621171572600098,0.0,0.0,0.0
-0.4621171572600098,0.0,0.0,0.0
-0.4621171572600098,0.0,0.0,0.0
-0.4621171572600098,0.0,0.0,0.0
-0.4621171572600098,0.0,0.0,0.0
-0.4621171572600098,0.0,0.0,0.0
-0.4621171572600098,0.0,0.0,0.0
-0.4621171572600098,0.0,0.0,0.0
-0.4621171572600098,0.0,0.0,0.0
-0.4621171572600098,0.0,0.0,0.0
-0.4621171572600098,0.0,0.0,0.0
-0.4621171572600098,0.0,0.0,0.0
-0.4621171572600098,0.0,0.0,0.0
-0.4621171572600098,0.0,0.0,0.0
-0.4621171572600098,0.0,0.0,0.0
-0.4621171572600098,0.0,0.0,0.0
-0.4621171572600098,0.0,0.0,0.0
-0.4621171572600098,0.0,0.0,0.0
-0.4621171572600098,0.0,0.0,0.0
-0.4621171572600098,0.0,0.0,0.0
-0.4621171572600098,0.0,0.0,0.0
-0.4621171572600098,0.0,0.0,0.0
-0.4621171572600098,0.0,0.0,0.0
-0.4621171572600098,0.0,0.0,0.0
-0.4504734600675335,-0.014704822332012202,0.0,0.0
-0.4621171572600098,0.0,0.0,0.0
-0.4621171572600098,0.0,0.0,0.0
-0.4621171572600098,0.0,0.0,0.0
