3.722295714044246e-44,1.0,3.723564730394232e-44,3.722295714044246e-44,3.7232474357527864e-44
3.754039814153605e-44,1.0,3.786904588670656e-44,3.754039814153605e-44,3.7554367341045773e-44
3.772233391583289e-44,1.0,3.8180137125504517e-44,3.772233391583289e-44,3.7792565267966867e-44
3.7422730070731437e-44,1.0,3.7645038245221813e-44,3.7422730070731437e-44,3.7423710837882503e-44
3.7321965873476644e-44,1.0,3.7439638105109836e-44,3.7321965873476644e-44,3.732588231616973e-44
3.731645027011234e-44,1.0,3.742883993945723e-44,3.731645027011234e-44,3.7320099904208604e-44
3.7254589491557956e-44,1.0,3.730764082934447e-44,3.7254589491557956e-44,3.7255444559442897e-44
3.7439982314938564e-44,1.0,3.7678089090801714e-44,3.7439982314938564e-44,3.744261966146658e-44
3.725294204897904e-44,1.0,3.725294204897904e-44,3.730519753494472e-44,3.725294204897904e-44
3.721927333418495e-44,1.0,3.7233164560832667e-44,3.721927333418495e-44,3.7223903167122863e-44
3.7200759760208356e-44,1.0,3.7200759760208356e-44,3.7200759760208356e-44,3.7200759760208356e-44
3.7200759760208356e-44,1.0,3.7200759760208356e-44,3.7200759760208356e-44,3.7200759760208356e-44
3.735584024210782e-44,1.0,3.751156721499316e-44,3.735584024210782e-44,3.735584024210782e-44
3.7200759760208356e-44,1.0,3.7200759760208356e-44,3.7200759760208356e-44,3.7200759760208356e-44
3.7200759760208356e-44,1.0,3.7200759760208356e-44,3.7200759760208356e-44,3.7200759760208356e-44
3.7200759760208356e-44,1.0,3.7200759760208356e-44,3.7200759760208356e-44,3.7200759760208356e-44
3.735397834905816e-44,1.0,3.735397834905816e-44,3.735397834905816e-44,3.750782799856715e-44
3.7200759760208356e-44,1.0,3.7200759760208356e-44,3.7200759760208356e-44,3.7200759760208356e-44
3.7200759760208356e-44,1.0,3.7200759760208356e-44,3.7200759760208356e-44,3.7200759760208356e-44
3.7200759760208356e-44,1.0,3.7200759760208356e-44,3.7200759760208356e-44,3.7200759760208356e-44
3.7200759760208356e-44,1.0,3.7200759760208356e-44,3.7200759760208356e-44,3.7200759760208356e-44
3.722924491526021e-44,1.0,3.722924491526021e-44,3.722924491526021e-44,3.7257751881803804e-44
3.7200759760208356e-44,1.0,3.7200759760208356e-44,3.7200759760208356e-44,3.7200759760208356e-44
3.7200759760208356e-44,1.0,3.7200759760208356e-44,3.7200759760208356e-44,3.7200759760208356e-44
3.7402091134888433e-44,1.0,3.733485989916978e-44,3.733485989916978e-44,3.7402091134888433e-44
3.7355321558229175e-44,1.0,3.727796055383154e-44,3.727796055383154e-44,3.727796055383154e-44
3.727603748710761e-44,1.0,3.735146754251299e-44,3.727603748710761e-44,3.727603748710761e-44
3.7200759760208356e-44,1.0,3.7200759760208356e-44,3.7200759760208356e-44,3.7200759760208356e-44
3.734752260311201e-44,1.0,3.727406894876558e-44,3.727406894876558e-44,3.727406894876558e-44
3.7200759760208356e-44,1.0,3.7200759760208356e-44,3.7200759760208356e-44,3.7200759760208356e-44
3.7200759760208356e-44,1.0,3.7200759760208356e-44,3.7200759760208356e-44,3.7200759760208356e-44
3.734056740083815e-44,1.0,3.741066813195544e-44,3.734056740083815e-44,3.741066813195544e-44
3.7534628693091174e-44,1.0,3.736732134767364e-44,3.736732134767364e-44,3.736732134767364e-44
3.7372802000459214e-44,1.0,3.7286681654243675e-44,3.7286681654243675e-44,3.7286681654243675e-44
3.7200759760208356e-44,1.0,3.7200759760208356e-44,3.7200759760208356e-44,3.7200759760208356e-44
3.7200759760208356e-44,1.0,3.7200759760208356e-44,3.7200759760208356e-44,3.7200759760208356e-44
3.728617189638014e-44,1.0,3.7269073795182904e-44,3.725198353456166e-44,3.725198353456166e-44
3.7200759760208356e-44,1.0,3.7200759760208356e-44,3.7200759760208356e-44,3.7200759760208356e-44
3.7200759760208356e-44,1.0,3.7200759760208356e-44,3.7200759760208356e-44,3.7200759760208356e-44
3.7264813947885547e-44,1.0,3.723277307942778e-44,3.723277307942778e-44,3.723277307942778e-44
3.7200759760208356e-44,1.0,3.7200759760208356e-44,3.7200759760208356e-44,3.7200759760208356e-44
3.7200759760208356e-44,1.0,3.7200759760208356e-44,3.7200759760208356e-44,3.7200759760208356e-44
3.7200759760208356e-44,1.0,3.7200759760208356e-44,3.7200759760208356e-44,3.7200759760208356e-44
3.7200759760208356e-44,1.0,3.7200759760208356e-44,3.7200759760208356e-44,3.7200759760208356e-44
3.7200759760208356e-44,1.0,3.7200759760208356e-44,3.7200759760208356e-44,3.7200759760208356e-44
3.7200759760208356e-44,1.0,3.7200759760208356e-44,3.7200759760208356e-44,3.7200759760208356e-44
3.7200759760208356e-44,1.0,3.7200759760208356e-44,3.7200759760208356e-44,3.7200759760208356e-44
3.7200759760208356e-44,1.0,3.7200759760208356e-44,3.7200759760208356e-44,3.7200759760208356e-44
3.7200759760208356e-44,1.0,3.7200759760208356e-44,3.7200759760208356e-44,3.7200759760208356e-44
3.7200759760208356e-44,1.0,3.7200759760208356e-44,3.7200759760208356e-44,3.7200759760208356e-44
3.736099710672389e-44,1.0,3.7280792343632995e-44,3.7280792343632995e-44,3.7280792343632995e-44
3.7200759760208356e-44,1.0,3.7200759760208356e-44,3.7200759760208356e-44,3.7200759760208356e-44
3.7200759760208356e-44,1.0,3.7200759760208356e-44,3.7200759760208356e-44,3.7200759760208356e-44
3.7320439743884613e-44,1.0,3.726055170092854e-44,3.726055170092854e-44,3.726055170092854e-44
3.7200759760208356e-44,1.0,3.7200759760208356e-44,3.7200759760208356e-44,3.7200759760208356e-44
3.7200759760208356e-44,1.0,3.7200759760208356e-44,3.7200759760208356e-44,3.7200759760208356e-44
3.742212192887359e-44,1.0,3.742212192887359e-44,3.734818856838565e-44,3.734818856838565e-44
3.7200759760208356e-44,1.0,3.7200759760208356e-44,3.7200759760208356e-44,3.7200759760208356e-44
3.7200759760208356e-44,1.0,3.7200759760208356e-44,3.7200759760208356e-44,3.7200759760208356e-44
3.7200759760208356e-44,1.0,3.7200759760208356e-44,3.7200759760208356e-44,3.7200759760208356e-44
3.7200759760208356e-44,1.0,3.7200759760208356e-44,3.7200759760208356e-44,3.7200759760208356e-44
3.7200759760208356e-44,1.0,3.7200759760208356e-44,3.7200759760208356e-44,3.7200759760208356e-44
3.743075182581717e-44,1.0,3.731557860084981e-44,3.731557860084981e-44,3.731557860084981e-44
3.7324867669644587e-44,1.0,3.7262762045506244e-44,3.7262762045506244e-44,3.7262762045506244e-44
3.726990356352555e-44,1.0,3.726990356352555e-44,3.726990356352555e-44,3.7339175882108453e-44
3.7200759760208356e-44,1.0,3.7200759760208356e-44,3.7200759760208356e-44,3.7200759760208356e-44
3.734586815130522e-44,1.0,3.727324334067443e-44,3.727324334067443e-44,3.727324334067443e-44
3.7200759760208356e-44,1.0,3.7200759760208356e-44,3.7200759760208356e-44,3.7200759760208356e-44
3.7200759760208356e-44,1.0,3.7200759760208356e-44,3.7200759760208356e-44,3.7200759760208356e-44
3.7322793372775255e-44,1.0,3.726172660841842e-44,3.726172660841842e-44,3.726172660841842e-44
3.7200759760208356e-44,1.0,3.7200759760208356e-44,3.7200759760208356e-44,3.7200759760208356e-44
3.7200759760208356e-44,1.0,3.7200759760208356e-44,3.7200759760208356e-44,3.7200759760208356e-44
3.7200759760208356e-44,1.0,3.7200759760208356e-44,3.7200759760208356e-44,3.7200759760208356e-44
3.7354819091400286e-44,1.0,3.743208784406019e-44,3.7354819091400286e-44,3.743208784406019e-44
3.7340798970102153e-44,1.0,3.7340798970102153e-44,3.7340798970102153e-44,3.748136534611909e-44
3.7386805032481527e-44,1.0,3.729366638204272e-44,3.729366638204272e-44,3.729366638204272e-44
3.7200759760208356e-44,1.0,3.7200759760208356e-44,3.7200759760208356e-44,3.7200759760208356e-44
3.7200759760208356e-44,1.0,3.7200759760208356e-44,3.7200759760208356e-44,3.7200759760208356e-44
3.7200759760208356e-44,1.0,3.7200759760208356e-44,3.7200759760208356e-44,3.7200759760208356e-44
3.7279494830239106e-44,1.0,3.7279494830239106e-44,3.7279494830239106e-44,3.735839654233003e-44
3.7200759760208356e-44,1.0,3.7200759760208356e-44,3.7200759760208356e-44,3.7200759760208356e-44
3.7200759760208356e-44,1.0,3.7200759760208356e-44,3.7200759760208356e-44,3.7200759760208356e-44
3.7200759760208356e-44,1.0,3.7200759760208356e-44,3.7200759760208356e-44,3.7200759760208356e-44
3.7200759760208356e-44,1.0,3.7200759760208356e-44,3.7200759760208356e-44,3.7200759760208356e-44
3.7200759760208356e-44,1.0,3.7200759760208356e-44,3.7200759760208356e-44,3.7200759760208356e-44
3.748943467334672e-44,1.0,3.748943467334672e-44,3.778034968066639e-44,3.748943467334672e-44
3.7200759760208356e-44,1.0,3.7200759760208356e-44,3.7200759760208356e-44,3.7200759760208356e-44
3.7200759760208356e-44,1.0,3.7200759760208356e-44,3.7200759760208356e-44,3.7200759760208356e-44
3.733308780148597e-44,1.0,3.7399428233269817e-44,3.733308780148597e-44,3.7399428233269817e-44
3.7200759760208356e-44,1.0,3.7200759760208356e-44,3.7200759760208356e-44,3.7200759760208356e-44
3.7200759760208356e-44,1.0,3.7200759760208356e-44,3.7200759760208356e-44,3.7200759760208356e-44
3.7296070511756756e-44,1.0,3.7296070511756756e-44,3.7296070511756756e-44,3.739162545561255e-44
3.7200759760208356e-44,1.0,3.7200759760208356e-44,3.7200759760208356e-44,3.7200759760208356e-44
3.7200759760208356e-44,1.0,3.7200759760208356e-44,3.7200759760208356e-44,3.7200759760208356e-44
3.7200759760208356e-44,1.0,3.7200759760208356e-44,3.7200759760208356e-44,3.7200759760208356e-44
3.7200759760208356e-44,1.0,3.7200759760208356e-44,3.7200759760208356e-44,3.7200759760208356e-44
3.7200759760208356e-44,1.0,3.7200759760208356e-44,3.7200759760208356e-44,3.7200759760208356e-44
3.7200759760208356e-44,1.0,3.7200759760208356e-44,3.7200759760208356e-44,3.7200759760208356e-44
3.7200759760208356e-44,1.0,3.7200759760208356e-44,3.7200759760208356e-44,3.7200759760208356e-44
3.7200759760208356e-44,1.0,3.7200759760208356e-44,3.7200759760208356e-44,3.7200759760208356e-44
3.7341588877267074e-44,1.0,3.741220323357635e-44,3.7341588877267074e-44,3.741220323357635e-44
3.7200759760208356e-44,1.0,3.7200759760208356e-44,3.7200759760208356e-44,3.7200759760208356e-44
3.746483262112997e-44,1.0,3.746483262112997e-44,3.7398639185085966e-44,3.746483262112997e-44
3.7200759760208356e-44,1.0,3.7200759760208356e-44,3.7200759760208356e-44,3.7200759760208356e-44
3.7200759760208356e-44,1.0,3.7200759760208356e-44,3.7200759760208356e-44,3.7200759760208356e-44
2.2465790662029385e-42,1.0,2.7829979007767895e-41,2.2465790662029385e-42,1.0952176521415843e-41
3.7200759760208356e-44,1.0,3.7200759760208356e-44,3.7200759760208356e-44,3.7200759760208356e-44
3.7200759760208356e-44,1.0,3.7200759760208356e-44,3.7200759760208356e-44,3.7200759760208356e-44
3.7200759760208356e-44,1.0,3.7200759760208356e-44,3.7200759760208356e-44,3.7200759760208356e-44
3.7200759760208356e-44,1.0,3.7200759760208356e-44,3.7200759760208356e-44,3.7200759760208356e-44
3.7200759760208356e-44,1.0,3.7200759760208356e-44,3.7200759760208356e-44,3.7200759760208356e-44
3.7200759760208356e-44,1.0,3.7200759760208356e-44,3.7200759760208356e-44,3.7200759760208356e-44
3.7200759760208356e-44,1.0,3.7200759760208356e-44,3.7200759760208356e-44,3.7200759760208356e-44
3.7261017554093225e-44,1.0,3.7321372953558227e-44,3.7261017554093225e-44,3.7261017554093225e-44
3.7440913604414896e-44,1.0,3.7440913604414896e-44,3.7360690555273376e-44,3.7360690555273376e-44
3.7200759760208356e-44,1.0,3.7200759760208356e-44,3.7200759760208356e-44,3.7200759760208356e-44
3.7200759760208356e-44,1.0,3.7200759760208356e-44,3.7200759760208356e-44,3.7200759760208356e-44
3.73622386597209e-44,1.0,3.728141178233277e-44,3.728141178233277e-44,3.728141178233277e-44
3.7200759760208356e-44,1.0,3.7200759760208356e-44,3.7200759760208356e-44,3.7200759760208356e-44
3.735751971481837e-44,1.0,3.7279057339855265e-44,3.7279057339855265e-44,3.7279057339855265e-44
3.736431526677266e-44,1.0,3.728244782526885e-44,3.728244782526885e-44,3.728244782526885e-44
3.7200759760208356e-44,1.0,3.7200759760208356e-44,3.7200759760208356e-44,3.7200759760208356e-44
3.7200759760208356e-44,1.0,3.7200759760208356e-44,3.7200759760208356e-44,3.7200759760208356e-44
3.7200759760208356e-44,1.0,3.7200759760208356e-44,3.7200759760208356e-44,3.7200759760208356e-44
3.7200759760208356e-44,1.0,3.7200759760208356e-44,3.7200759760208356e-44,3.7200759760208356e-44
3.7200759760208356e-44,1.0,3.7200759760208356e-44,3.7200759760208356e-44,3.7200759760208356e-44
3.7354437237654126e-44,1.0,3.727751930662429e-44,3.727751930662429e-44,3.727751930662429e-44
3.7200759760208356e-44,1.0,3.7200759760208356e-44,3.7200759760208356e-44,3.7200759760208356e-44
3.7340820059897544e-44,1.0,3.741104783267527e-44,3.7340820059897544e-44,3.741104783267527e-44
3.736802908226304e-44,1.0,3.728430061838019e-44,3.728430061838019e-44,3.728430061838019e-44
3.7200759760208356e-44,1.0,3.7200759760208356e-44,3.7200759760208356e-44,3.7200759760208356e-44
3.7200759760208356e-44,1.0,3.7200759760208356e-44,3.7200759760208356e-44,3.7200759760208356e-44
3.7200759760208356e-44,1.0,3.7200759760208356e-44,3.7200759760208356e-44,3.7200759760208356e-44
3.7200759760208356e-44,1.0,3.7200759760208356e-44,3.7200759760208356e-44,3.7200759760208356e-44
3.7200759760208356e-44,1.0,3.7200759760208356e-44,3.7200759760208356e-44,3.7200759760208356e-44
3.7200759760208356e-44,1.0,3.7200759760208356e-44,3.7200759760208356e-44,3.7200759760208356e-44
3.732183419992778e-44,1.0,3.7261247803607604e-44,3.7261247803607604e-44,3.7261247803607604e-44
3.7487498869845567e-44,1.0,3.7487498869845567e-44,3.7776448131036686e-44,3.7487498869845567e-44
3.7200759760208356e-44,1.0,3.7200759760208356e-44,3.7200759760208356e-44,3.7200759760208356e-44
3.7200759760208356e-44,1.0,3.7200759760208356e-44,3.7200759760208356e-44,3.7200759760208356e-44
3.7200759760208356e-44,1.0,3.7200759760208356e-44,3.7200759760208356e-44,3.7200759760208356e-44
3.7200759760208356e-44,1.0,3.7200759760208356e-44,3.7200759760208356e-44,3.7200759760208356e-44
9.417963029938343e-44,1.0,9.417963029938343e-44,9.417963029938343e-44,2.3843068852631555e-43
3.729976635474505e-44,1.0,3.7399036446743325e-44,3.729976635474505e-44,3.729976635474505e-44
3.7200759760208356e-44,1.0,3.7200759760208356e-44,3.7200759760208356e-44,3.7200759760208356e-44
3.7200759760208356e-44,1.0,3.7200759760208356e-44,3.7200759760208356e-44,3.7200759760208356e-44
3.7200759760208356e-44,1.0,3.7200759760208356e-44,3.7200759760208356e-44,3.7200759760208356e-44
3.7200759760208356e-44,1.0,3.7200759760208356e-44,3.7200759760208356e-44,3.7200759760208356e-44
3.7200759760208356e-44,1.0,3.7200759760208356e-44,3.7200759760208356e-44,3.7200759760208356e-44
3.7200759760208356e-44,1.0,3.7200759760208356e-44,3.7200759760208356e-44,3.7200759760208356e-44
3.7270924698706326e-44,1.0,3.7341221976399316e-44,3.7270924698706326e-44,3.7270924698706326e-44
3.7200759760208356e-44,1.0,3.7200759760208356e-44,3.7200759760208356e-44,3.7200759760208356e-44
3.7200759760208356e-44,1.0,3.7200759760208356e-44,3.7200759760208356e-44,3.7200759760208356e-44
3.7364408800766866e-44,1.0,3.7282494489767565e-44,3.7282494489767565e-44,3.7282494489767565e-44
3.7200759760208356e-44,1.0,3.7200759760208356e-44,3.7200759760208356e-44,3.7200759760208356e-44
3.7200759760208356e-44,1.0,3.7200759760208356e-44,3.7200759760208356e-44,3.7200759760208356e-44
3.7200759760208356e-44,1.0,3.7200759760208356e-44,3.7200759760208356e-44,3.7200759760208356e-44
4.1537153576920073e-44,1.0,4.1537153576920073e-44,4.1537153576920073e-44,4.637902930999085e-44
3.7200759760208356e-44,1.0,3.7200759760208356e-44,3.7200759760208356e-44,3.7200759760208356e-44
3.7200759760208356e-44,1.0,3.7200759760208356e-44,3.7200759760208356e-44,3.7200759760208356e-44
3.7352367333826287e-44,1.0,3.727648647151071e-44,3.727648647151071e-44,3.727648647151071e-44
3.7200759760208356e-44,1.0,3.7200759760208356e-44,3.7200759760208356e-44,3.7200759760208356e-44
3.7200759760208356e-44,1.0,3.7200759760208356e-44,3.7200759760208356e-44,3.7200759760208356e-44
3.7200759760208356e-44,1.0,3.7200759760208356e-44,3.7200759760208356e-44,3.7200759760208356e-44
3.7200759760208356e-44,1.0,3.7200759760208356e-44,3.7200759760208356e-44,3.7200759760208356e-44
3.7200759760208356e-44,1.0,3.7200759760208356e-44,3.7200759760208356e-44,3.7200759760208356e-44
3.7400757988202243e-44,1.0,3.7300624830809727e-44,3.7300624830809727e-44,3.7300624830809727e-44
3.727309816500265e-44,1.0,3.727309816500265e-44,3.727309816500265e-44,3.7345577234795227e-44
3.7495604539384854e-44,1.0,3.734789119258861e-44,3.734789119258861e-44,3.734789119258861e-44
3.7200759760208356e-44,1.0,3.7200759760208356e-44,3.7200759760208356e-44,3.7200759760208356e-44
3.7200759760208356e-44,1.0,3.7200759760208356e-44,3.7200759760208356e-44,3.7200759760208356e-44
3.7279759008020584e-44,1.0,3.7279759008020584e-44,3.7279759008020584e-44,3.735892601802909e-44
3.7200759760208356e-44,1.0,3.7200759760208356e-44,3.7200759760208356e-44,3.7200759760208356e-44
3.7200759760208356e-44,1.0,3.7200759760208356e-44,3.7200759760208356e-44,3.7200759760208356e-44
3.7200759760208356e-44,1.0,3.7200759760208356e-44,3.7200759760208356e-44,3.7200759760208356e-44
3.7200759760208356e-44,1.0,3.7200759760208356e-44,3.7200759760208356e-44,3.7200759760208356e-44
3.7200759760208356e-44,1.0,3.7200759760208356e-44,3.7200759760208356e-44,3.7200759760208356e-44
3.735822305898039e-44,1.0,3.7279408271663887e-44,3.7279408271663887e-44,3.7279408271663887e-44
3.7361679850518613e-44,1.0,3.7281132981133695e-44,3.7281132981133695e-44,3.7281132981133695e-44
3.7200759760208356e-44,1.0,3.7200759760208356e-44,3.7200759760208356e-44,3.7200759760208356e-44
3.7200759760208356e-44,1.0,3.7200759760208356e-44,3.7200759760208356e-44,3.7200759760208356e-44
3.7200759760208356e-44,1.0,3.7200759760208356e-44,3.7200759760208356e-44,3.7200759760208356e-44
3.7200759760208356e-44,1.0,3.7200759760208356e-44,3.7200759760208356e-44,3.7200759760208356e-44
3.7200759760208356e-44,1.0,3.7200759760208356e-44,3.7200759760208356e-44,3.7200759760208356e-44
3.7200759760208356e-44,1.0,3.7200759760208356e-44,3.7200759760208356e-44,3.7200759760208356e-44
3.7200759760208356e-44,1.0,3.7200759760208356e-44,3.7200759760208356e-44,3.7200759760208356e-44
3.7200759760208356e-44,1.0,3.7200759760208356e-44,3.7200759760208356e-44,3.7200759760208356e-44
3.7200759760208356e-44,1.0,3.7200759760208356e-44,3.7200759760208356e-44,3.7200759760208356e-44
3.7200759760208356e-44,1.0,3.7200759760208356e-44,3.7200759760208356e-44,3.7200759760208356e-44
3.7200759760208356e-44,1.0,3.7200759760208356e-44,3.7200759760208356e-44,3.7200759760208356e-44
3.7272945164494607e-44,1.0,3.7345270639376975e-44,3.7272945164494607e-44,3.7272945164494607e-44
3.726644368934188e-44,1.0,3.733224359402474e-44,3.726644368934188e-44,3.726644368934188e-44
3.7200759760208356e-44,1.0,3.7200759760208356e-44,3.7200759760208356e-44,3.7200759760208356e-44
3.7200759760208356e-44,1.0,3.7200759760208356e-44,3.7200759760208356e-44,3.7200759760208356e-44
3.7200759760208356e-44,1.0,3.7200759760208356e-44,3.7200759760208356e-44,3.7200759760208356e-44
3.7385497722661397e-44,1.0,3.757115308881759e-44,3.7385497722661397e-44,3.7385497722661397e-44
3.7272731490915286e-44,1.0,3.7272731490915286e-44,3.7272731490915286e-44,3.734484246420918e-44
3.738230622503767e-44,1.0,3.7564738669591666e-44,3.738230622503767e-44,3.738230622503767e-44
3.7200759760208356e-44,1.0,3.7200759760208356e-44,3.7200759760208356e-44,3.7200759760208356e-44
3.73538742949093e-44,1.0,3.7430667726824503e-44,3.73538742949093e-44,3.7430667726824503e-44
3.7200759760208356e-44,1.0,3.7200759760208356e-44,3.7200759760208356e-44,3.7200759760208356e-44
3.7200759760208356e-44,1.0,3.7200759760208356e-44,3.7200759760208356e-44,3.7200759760208356e-44
3.7200759760208356e-44,1.0,3.7200759760208356e-44,3.7200759760208356e-44,3.7200759760208356e-44
3.7200759760208356e-44,1.0,3.7200759760208356e-44,3.7200759760208356e-44,3.7200759760208356e-44
3.725978702320972e-44,1.0,3.7318907946066504e-44,3.725978702320972e-44,3.725978702320972e-44
3.7200759760208356e-44,1.0,3.7200759760208356e-44,3.7200759760208356e-44,3.7200759760208356e-44
3.815776346795442e-44,1.0,3.815776346795442e-44,3.815776346795442e-44,3.913938646042864e-44
3.7200759760208356e-44,1.0,3.7200759760208356e-44,3.7200759760208356e-44,3.7200759760208356e-44
3.73922591827453e-44,1.0,3.729638656423368e-44,3.729638656423368e-44,3.729638656423368e-44
3.7200759760208356e-44,1.0,3.7200759760208356e-44,3.7200759760208356e-44,3.7200759760208356e-44
3.729772506380724e-44,1.0,3.739494311144019e-44,3.729772506380724e-44,3.729772506380724e-44
3.7200759760208356e-44,1.0,3.7200759760208356e-44,3.7200759760208356e-44,3.7200759760208356e-44
3.728097527116592e-44,1.0,3.736136374977914e-44,3.728097527116592e-44,3.728097527116592e-44
3.7200759760208356e-44,1.0,3.7200759760208356e-44,3.7200759760208356e-44,3.7200759760208356e-44
3.7200759760208356e-44,1.0,3.7200759760208356e-44,3.7200759760208356e-44,3.7200759760208356e-44
3.7200759760208356e-44,1.0,3.7200759760208356e-44,3.7200759760208356e-44,3.7200759760208356e-44
3.7200759760208356e-44,1.0,3.7200759760208356e-44,3.7200759760208356e-44,3.7200759760208356e-44
3.741083012792179e-44,1.0,3.741083012792179e-44,3.734067519570408e-44,3.734067519570408e-44
3.7200759760208356e-44,1.0,3.7200759760208356e-44,3.7200759760208356e-44,3.7200759760208356e-44
2.207010506940367e-42,1.0,2.721635008602964e-41,2.2024594084043402e-42,1.0530416751915718e-41
3.7200759760208356e-44,1.0,3.7200759760208356e-44,3.7200759760208356e-44,3.7200759760208356e-44
3.7200759760208356e-44,1.0,3.7200759760208356e-44,3.7200759760208356e-44,3.7200759760208356e-44
3.7200759760208356e-44,1.0,3.7200759760208356e-44,3.7200759760208356e-44,3.7200759760208356e-44
3.7200759760208356e-44,1.0,3.7200759760208356e-44,3.7200759760208356e-44,3.7200759760208356e-44
3.7200759760208356e-44,1.0,3.7200759760208356e-44,3.7200759760208356e-44,3.7200759760208356e-44
3.7200759760208356e-44,1.0,3.7200759760208356e-44,3.7200759760208356e-44,3.7200759760208356e-44
3.727759540658343e-44,1.0,3.727759540658343e-44,3.727759540658343e-44,3.735458975177517e-44
3.7200759760208356e-44,1.0,3.7200759760208356e-44,3.7200759760208356e-44,3.7200759760208356e-44
3.7200759760208356e-44,1.0,3.7200759760208356e-44,3.7200759760208356e-44,3.7200759760208356e-44
3.7200759760208356e-44,1.0,3.7200759760208356e-44,3.7200759760208356e-44,3.7200759760208356e-44
3.7342463273643947e-44,1.0,3.748470655792997e-44,3.7342463273643947e-44,3.7342463273643947e-44
3.7200759760208356e-44,1.0,3.7200759760208356e-44,3.7200759760208356e-44,3.7200759760208356e-44
3.7200759760208356e-44,1.0,3.7200759760208356e-44,3.7200759760208356e-44,3.7200759760208356e-44
3.7200759760208356e-44,1.0,3.7200759760208356e-44,3.7200759760208356e-44,3.7200759760208356e-44
4.1419924749478684e-44,1.0,4.1419924749478684e-44,4.1419924749478684e-44,4.611761096577329e-44
3.7200759760208356e-44,1.0,3.7200759760208356e-44,3.7200759760208356e-44,3.7200759760208356e-44
9.338188092075258e-44,1.0,9.338188092075258e-44,9.338188092075258e-44,2.344085373660879e-43
3.7200759760208356e-44,1.0,3.7200759760208356e-44,3.7200759760208356e-44,3.7200759760208356e-44
3.7200759760208356e-44,1.0,3.7200759760208356e-44,3.7200759760208356e-44,3.7200759760208356e-44
3.7200759760208356e-44,1.0,3.7200759760208356e-44,3.7200759760208356e-44,3.7200759760208356e-44
3.7200759760208356e-44,1.0,3.7200759760208356e-44,3.7200759760208356e-44,3.7200759760208356e-44
3.7200759760208356e-44,1.0,3.7200759760208356e-44,3.7200759760208356e-44,3.7200759760208356e-44
3.7200759760208356e-44,1.0,3.7200759760208356e-44,3.7200759760208356e-44,3.7200759760208356e-44
3.7342158958418546e-44,1.0,3.748409561159998e-44,3.7342158958418546e-44,3.7342158958418546e-44
3.7510243346931135e-44,1.0,3.7634756496791253e-44,3.744814133740842e-44,3.744814133740842e-44
3.7200759760208356e-44,1.0,3.7200759760208356e-44,3.7200759760208356e-44,3.7200759760208356e-44
3.7200759760208356e-44,1.0,3.7200759760208356e-44,3.7200759760208356e-44,3.7200759760208356e-44
3.7200759760208356e-44,1.0,3.7200759760208356e-44,3.7200759760208356e-44,3.7200759760208356e-44
3.7254951135193856e-44,1.0,3.722784558712252e-44,3.722784558712252e-44,3.722784558712252e-44
3.7200759760208356e-44,1.0,3.7200759760208356e-44,3.7200759760208356e-44,3.7200759760208356e-44
3.7271877739965254e-44,1.0,3.734313167842507e-44,3.7271877739965254e-44,3.7271877739965254e-44
3.732046766483383e-44,1.0,3.726056563899836e-44,3.726056563899836e-44,3.726056563899836e-44
3.7200759760208356e-44,1.0,3.7200759760208356e-44,3.7200759760208356e-44,3.7200759760208356e-44
3.7377415193617083e-44,1.0,3.7377415193617083e-44,3.731843703593296e-44,3.731843703593296e-44
3.7200759760208356e-44,1.0,3.7200759760208356e-44,3.7200759760208356e-44,3.7200759760208356e-44
3.7200759760208356e-44,1.0,3.7200759760208356e-44,3.7200759760208356e-44,3.7200759760208356e-44
3.7505593480851726e-44,1.0,3.7676023578864553e-44,3.747160008735557e-44,3.7505593480851726e-44
3.7200759760208356e-44,1.0,3.7200759760208356e-44,3.7200759760208356e-44,3.7200759760208356e-44
3.746452835990389e-44,1.0,3.7663581422708806e-44,3.746452835990389e-44,3.753076221643909e-44
3.7200759760208356e-44,1.0,3.7200759760208356e-44,3.7200759760208356e-44,3.7200759760208356e-44
3.7200759760208356e-44,1.0,3.7200759760208356e-44,3.7200759760208356e-44,3.7200759760208356e-44
4.0483813578639246e-44,1.0,4.4056604554165913e-44,4.0483813578639246e-44,4.0483813578639246e-44
3.7200759760208356e-44,1.0,3.7200759760208356e-44,3.7200759760208356e-44,3.7200759760208356e-44
3.7200759760208356e-44,1.0,3.7200759760208356e-44,3.7200759760208356e-44,3.7200759760208356e-44
3.759219731233001e-44,1.0,3.798775368778225e-44,3.759219731233001e-44,3.759219731233001e-44
3.7331609994021626e-44,1.0,3.736439440395911e-44,3.7298854349906573e-44,3.7298854349906573e-44
3.737854932779286e-44,1.0,3.7467762492155904e-44,3.737854932779286e-44,3.7467762492155904e-44
3.72717515228131e-44,1.0,3.7342878761961477e-44,3.72717515228131e-44,3.72717515228131e-44
3.7302472445653626e-44,1.0,3.7404463229461414e-44,3.7302472445653626e-44,3.7302472445653626e-44
3.7200759760208356e-44,1.0,3.7200759760208356e-44,3.7200759760208356e-44,3.7200759760208356e-44
3.7200759760208356e-44,1.0,3.7200759760208356e-44,3.7200759760208356e-44,3.7200759760208356e-44
3.7200759760208356e-44,1.0,3.7200759760208356e-44,3.7200759760208356e-44,3.7200759760208356e-44
3.7200759760208356e-44,1.0,3.7200759760208356e-44,3.7200759760208356e-44,3.7200759760208356e-44
3.7200759760208356e-44,1.0,3.7200759760208356e-44,3.7200759760208356e-44,3.7200759760208356e-44
3.725744791699253e-44,1.0,3.722909304883115e-44,3.722909304883115e-44,3.722909304883115e-44
3.7200759760208356e-44,1.0,3.7200759760208356e-44,3.7200759760208356e-44,3.7200759760208356e-44
3.799092201724345e-44,1.0,3.799092201724345e-44,3.7961359629510476e-44,3.867724735773347e-44
3.7200759760208356e-44,1.0,3.7200759760208356e-44,3.7200759760208356e-44,3.7200759760208356e-44
3.7200759760208356e-44,1.0,3.7200759760208356e-44,3.7200759760208356e-44,3.7200759760208356e-44
3.760845760056121e-44,1.0,3.802062356280457e-44,3.760845760056121e-44,3.760845760056121e-44
4.047500790244571e-44,1.0,4.403744104321668e-44,4.047500790244571e-44,4.047500790244571e-44
3.7227822533009565e-44,1.0,3.7254904993410535e-44,3.7227822533009565e-44,3.7227822533009565e-44
3.726918059371694e-44,1.0,3.733772726902297e-44,3.726918059371694e-44,3.726918059371694e-44
3.7200759760208356e-44,1.0,3.7200759760208356e-44,3.7200759760208356e-44,3.7200759760208356e-44
3.723178754085341e-44,1.0,3.7262841200625175e-44,3.723178754085341e-44,3.723178754085341e-44
3.7200759760208356e-44,1.0,3.7200759760208356e-44,3.7200759760208356e-44,3.7200759760208356e-44
3.7200759760208356e-44,1.0,3.7200759760208356e-44,3.7200759760208356e-44,3.7200759760208356e-44
3.7296975203642944e-44,1.0,3.72648757708933e-44,3.72648757708933e-44,3.7296975203642944e-44
3.7200759760208356e-44,1.0,3.7200759760208356e-44,3.7200759760208356e-44,3.7200759760208356e-44
3.7200759760208356e-44,1.0,3.7200759760208356e-44,3.7200759760208356e-44,3.7200759760208356e-44
3.920427935021345e-44,1.0,4.0995867327686476e-44,3.920427935021345e-44,3.9510137096484794e-44
3.740516464178287e-44,1.0,3.7542058144690913e-44,3.740516464178287e-44,3.7473548883092846e-44
3.7260489299681615e-44,1.0,3.732031474090293e-44,3.7260489299681615e-44,3.7260489299681615e-44
3.730034946297729e-44,1.0,3.7400205776131804e-44,3.730034946297729e-44,3.730034946297729e-44
3.7200759760208356e-44,1.0,3.7200759760208356e-44,3.7200759760208356e-44,3.7200759760208356e-44
3.731725412946808e-44,1.0,3.725896141575867e-44,3.725896141575867e-44,3.725896141575867e-44
3.7314296909864883e-44,1.0,3.725748508642221e-44,3.725748508642221e-44,3.725748508642221e-44
3.7386484586385106e-44,1.0,3.7573136643921674e-44,3.7386484586385106e-44,3.7386484586385106e-44
3.722508717863446e-44,1.0,3.724943050596396e-44,3.722508717863446e-44,3.722508717863446e-44
3.7200759760208356e-44,1.0,3.7200759760208356e-44,3.7200759760208356e-44,3.7200759760208356e-44
3.7200759760208356e-44,1.0,3.7200759760208356e-44,3.7200759760208356e-44,3.7200759760208356e-44
3.7200759760208356e-44,1.0,3.7200759760208356e-44,3.7200759760208356e-44,3.7200759760208356e-44
3.7200759760208356e-44,1.0,3.7200759760208356e-44,3.7200759760208356e-44,3.7200759760208356e-44
3.7200759760208356e-44,1.0,3.7200759760208356e-44,3.7200759760208356e-44,3.7200759760208356e-44
3.7200759760208356e-44,1.0,3.7200759760208356e-44,3.7200759760208356e-44,3.7200759760208356e-44
3.727914367780445e-44,1.0,3.727914367780445e-44,3.72529973714416e-44,3.72529973714416e-44
3.7200759760208356e-44,1.0,3.7200759760208356e-44,3.7200759760208356e-44,3.7200759760208356e-44
3.7200759760208356e-44,1.0,3.7200759760208356e-44,3.7200759760208356e-44,3.7200759760208356e-44
3.7200759760208356e-44,1.0,3.7200759760208356e-44,3.7200759760208356e-44,3.7200759760208356e-44
3.730041082110972e-44,1.0,3.7400328821019784e-44,3.730041082110972e-44,3.730041082110972e-44
3.7200759760208356e-44,1.0,3.7200759760208356e-44,3.7200759760208356e-44,3.7200759760208356e-44
3.7200759760208356e-44,1.0,3.7200759760208356e-44,3.7200759760208356e-44,3.7200759760208356e-44
3.7200759760208356e-44,1.0,3.7200759760208356e-44,3.7200759760208356e-44,3.7200759760208356e-44
3.7200759760208356e-44,1.0,3.7200759760208356e-44,3.7200759760208356e-44,3.7200759760208356e-44
3.7200759760208356e-44,1.0,3.7200759760208356e-44,3.7200759760208356e-44,3.7200759760208356e-44
3.7226943094873166e-44,1.0,3.7253144858382364e-44,3.7226943094873166e-44,3.7226943094873166e-44
3.7200759760208356e-44,1.0,3.7200759760208356e-44,3.7200759760208356e-44,3.7200759760208356e-44
3.7200759760208356e-44,1.0,3.7200759760208356e-44,3.7200759760208356e-44,3.7200759760208356e-44
3.7200759760208356e-44,1.0,3.7200759760208356e-44,3.7200759760208356e-44,3.7200759760208356e-44
3.7200759760208356e-44,1.0,3.7200759760208356e-44,3.7200759760208356e-44,3.7200759760208356e-44
3.7200759760208356e-44,1.0,3.7200759760208356e-44,3.7200759760208356e-44,3.7200759760208356e-44
3.7200759760208356e-44,1.0,3.7200759760208356e-44,3.7200759760208356e-44,3.7200759760208356e-44
3.7259739295316026e-44,1.0,3.731881233887878e-44,3.7259739295316026e-44,3.7259739295316026e-44
3.7441207882402866e-44,1.0,3.7592276535778833e-44,3.7411067080236077e-44,3.7411067080236077e-44
3.746864693912623e-44,1.0,3.73791375528419e-44,3.73791375528419e-44,3.746864693912623e-44
3.725999945622122e-44,1.0,3.731933348744676e-44,3.725999945622122e-44,3.725999945622122e-44
3.7200759760208356e-44,1.0,3.7200759760208356e-44,3.7200759760208356e-44,3.7200759760208356e-44
3.7200759760208356e-44,1.0,3.7200759760208356e-44,3.7200759760208356e-44,3.7200759760208356e-44
3.7200759760208356e-44,1.0,3.7200759760208356e-44,3.7200759760208356e-44,3.7200759760208356e-44
3.726071262356879e-44,1.0,3.732076210715525e-44,3.726071262356879e-44,3.726071262356879e-44
3.7200759760208356e-44,1.0,3.7200759760208356e-44,3.7200759760208356e-44,3.7200759760208356e-44
3.7200759760208356e-44,1.0,3.7200759760208356e-44,3.7200759760208356e-44,3.7200759760208356e-44
3.722790032512235e-44,1.0,3.725506069098316e-44,3.722790032512235e-44,3.722790032512235e-44
3.7258207336298787e-44,1.0,3.722947246757178e-44,3.722947246757178e-44,3.722947246757178e-44
3.7200759760208356e-44,1.0,3.7200759760208356e-44,3.7200759760208356e-44,3.7200759760208356e-44
3.7200759760208356e-44,1.0,3.7200759760208356e-44,3.7200759760208356e-44,3.7200759760208356e-44
3.7200759760208356e-44,1.0,3.7200759760208356e-44,3.7200759760208356e-44,3.7200759760208356e-44
3.7200759760208356e-44,1.0,3.7200759760208356e-44,3.7200759760208356e-44,3.7200759760208356e-44
3.7200759760208356e-44,1.0,3.7200759760208356e-44,3.7200759760208356e-44,3.7200759760208356e-44
3.7265418484446283e-44,1.0,3.733018959215829e-44,3.7265418484446283e-44,3.7265418484446283e-44
3.730343488041392e-44,1.0,3.725206194584214e-44,3.725206194584214e-44,3.725206194584214e-44
3.7258652555281866e-44,1.0,3.7316635444636636e-44,3.7258652555281866e-44,3.7258652555281866e-44
3.7200759760208356e-44,1.0,3.7200759760208356e-44,3.7200759760208356e-44,3.7200759760208356e-44
3.7200759760208356e-44,1.0,3.7200759760208356e-44,3.7200759760208356e-44,3.7200759760208356e-44
3.762192652732616e-44,1.0,3.804786151549271e-44,3.762192652732616e-44,3.762192652732616e-44
3.725831042906108e-44,1.0,3.722952397416273e-44,3.722952397416273e-44,3.722952397416273e-44
3.7200759760208356e-44,1.0,3.7200759760208356e-44,3.7200759760208356e-44,3.7200759760208356e-44
3.7200759760208356e-44,1.0,3.7200759760208356e-44,3.7200759760208356e-44,3.7200759760208356e-44
3.7200759760208356e-44,1.0,3.7200759760208356e-44,3.7200759760208356e-44,3.7200759760208356e-44
3.7200759760208356e-44,1.0,3.7200759760208356e-44,3.7200759760208356e-44,3.7200759760208356e-44
3.7264806228391094e-44,1.0,3.7328962961797396e-44,3.7264806228391094e-44,3.7264806228391094e-44
3.7200759760208356e-44,1.0,3.7200759760208356e-44,3.7200759760208356e-44,3.7200759760208356e-44
3.7314123051994234e-44,1.0,3.7257398289736945e-44,3.7257398289736945e-44,3.7257398289736945e-44
3.7245630494412445e-44,1.0,3.7223188366126497e-44,3.7223188366126497e-44,3.7223188366126497e-44
3.726248120836588e-44,1.0,3.723160769429242e-44,3.723160769429242e-44,3.723160769429242e-44
3.725845055051048e-44,1.0,3.731623080746065e-44,3.725845055051048e-44,3.725845055051048e-44
3.7200759760208356e-44,1.0,3.7200759760208356e-44,3.7200759760208356e-44,3.7200759760208356e-44
3.752424259818606e-44,1.0,3.771968092106569e-44,3.752424259818606e-44,3.7654421973826604e-44
3.7200759760208356e-44,1.0,3.7200759760208356e-44,3.7200759760208356e-44,3.7200759760208356e-44
3.7200759760208356e-44,1.0,3.7200759760208356e-44,3.7200759760208356e-44,3.7200759760208356e-44
3.943944939542496e-44,1.0,4.1488334949551325e-44,3.943944939542496e-44,3.9747948126958555e-44
3.7200759760208356e-44,1.0,3.7200759760208356e-44,3.7200759760208356e-44,3.7200759760208356e-44
3.726798436110808e-44,1.0,3.733533044197229e-44,3.726798436110808e-44,3.726798436110808e-44
3.7255710797167967e-44,1.0,3.7228225139821585e-44,3.7228225139821585e-44,3.7228225139821585e-44
3.7200759760208356e-44,1.0,3.7200759760208356e-44,3.7200759760208356e-44,3.7200759760208356e-44
3.7200759760208356e-44,1.0,3.7200759760208356e-44,3.7200759760208356e-44,3.7200759760208356e-44
3.7264464039058433e-44,1.0,3.7328277408022804e-44,3.7264464039058433e-44,3.7264464039058433e-44
3.7319724049579396e-44,1.0,3.726019442629988e-44,3.726019442629988e-44,3.726019442629988e-44
3.7200759760208356e-44,1.0,3.7200759760208356e-44,3.7200759760208356e-44,3.7200759760208356e-44
3.7260241467300085e-44,1.0,3.723048873480411e-44,3.723048873480411e-44,3.723048873480411e-44
3.7245803810721775e-44,1.0,3.7223274971964904e-44,3.7223274971964904e-44,3.7223274971964904e-44
3.7235516428359407e-44,1.0,3.7270305569663873e-44,3.7235516428359407e-44,3.7235516428359407e-44
3.7399091062823885e-44,1.0,3.756517462961119e-44,3.7399091062823885e-44,3.7432248928800874e-44
3.7229189404348686e-44,1.0,3.7229189404348686e-44,3.7229189404348686e-44,3.725764077505231e-44
3.7200759760208356e-44,1.0,3.7200759760208356e-44,3.7200759760208356e-44,3.7200759760208356e-44
3.7200759760208356e-44,1.0,3.7200759760208356e-44,3.7200759760208356e-44,3.7200759760208356e-44
3.7200759760208356e-44,1.0,3.7200759760208356e-44,3.7200759760208356e-44,3.7200759760208356e-44
3.7200759760208356e-44,1.0,3.7200759760208356e-44,3.7200759760208356e-44,3.7200759760208356e-44
3.733285990132149e-44,1.0,3.746542913089892e-44,3.733285990132149e-44,3.733285990132149e-44
3.7200759760208356e-44,1.0,3.7200759760208356e-44,3.7200759760208356e-44,3.7200759760208356e-44
3.7200759760208356e-44,1.0,3.7200759760208356e-44,3.7200759760208356e-44,3.7200759760208356e-44
3.723889951753756e-44,1.0,3.723889951753756e-44,3.723889951753756e-44,3.727707837732281e-44
3.729312276775716e-44,1.0,3.729312276775716e-44,3.7262309646510115e-44,3.7262309646510115e-44
3.7290179604936783e-44,1.0,3.7290179604936783e-44,3.726034913335075e-44,3.726034913335075e-44
3.7200759760208356e-44,1.0,3.7200759760208356e-44,3.7200759760208356e-44,3.7200759760208356e-44
3.7253467350289735e-44,1.0,3.722710422706684e-44,3.722710422706684e-44,3.722710422706684e-44
3.7323973610923985e-44,1.0,3.7447595562256416e-44,3.7323973610923985e-44,3.7323973610923985e-44
3.746023704384367e-44,1.0,3.7656032043504705e-44,3.746023704384367e-44,3.752538866498789e-44
3.723558866859159e-44,1.0,3.7270450185256663e-44,3.723558866859159e-44,3.723558866859159e-44
3.7315030165843184e-44,1.0,3.727690108300719e-44,3.727690108300719e-44,3.7315030165843184e-44
3.7200759760208356e-44,1.0,3.7200759760208356e-44,3.7200759760208356e-44,3.7200759760208356e-44
3.7200759760208356e-44,1.0,3.7200759760208356e-44,3.7200759760208356e-44,3.7200759760208356e-44
3.7324286600657366e-44,1.0,3.7262471993310023e-44,3.7262471993310023e-44,3.7262471993310023e-44
3.7200759760208356e-44,1.0,3.7200759760208356e-44,3.7200759760208356e-44,3.7200759760208356e-44
3.739855501579464e-44,1.0,3.7564187518366437e-44,3.739855501579464e-44,3.7431622986881417e-44
3.7200759760208356e-44,1.0,3.7200759760208356e-44,3.7200759760208356e-44,3.7200759760208356e-44
3.7200759760208356e-44,1.0,3.7200759760208356e-44,3.7200759760208356e-44,3.7200759760208356e-44
3.7200759760208356e-44,1.0,3.7200759760208356e-44,3.7200759760208356e-44,3.7200759760208356e-44
3.7200759760208356e-44,1.0,3.7200759760208356e-44,3.7200759760208356e-44,3.7200759760208356e-44
3.7200759760208356e-44,1.0,3.7200759760208356e-44,3.7200759760208356e-44,3.7200759760208356e-44
3.7200759760208356e-44,1.0,3.7200759760208356e-44,3.7200759760208356e-44,3.7200759760208356e-44
3.7229116806226237e-44,1.0,3.7229116806226237e-44,3.7229116806226237e-44,3.7257495467987105e-44
3.7200759760208356e-44,1.0,3.7200759760208356e-44,3.7200759760208356e-44,3.7200759760208356e-44
3.7200759760208356e-44,1.0,3.7200759760208356e-44,3.7200759760208356e-44,3.7200759760208356e-44
3.7200759760208356e-44,1.0,3.7200759760208356e-44,3.7200759760208356e-44,3.7200759760208356e-44
3.7200759760208356e-44,1.0,3.7200759760208356e-44,3.7200759760208356e-44,3.7200759760208356e-44
3.7200759760208356e-44,1.0,3.7200759760208356e-44,3.7200759760208356e-44,3.7200759760208356e-44
3.7200759760208356e-44,1.0,3.7200759760208356e-44,3.7200759760208356e-44,3.7200759760208356e-44
3.760970502051923e-44,1.0,3.802314578648683e-44,3.760970502051923e-44,3.760970502051923e-44
3.7200759760208356e-44,1.0,3.7200759760208356e-44,3.7200759760208356e-44,3.7200759760208356e-44
3.760133120266504e-44,1.0,3.8006215930160757e-44,3.760133120266504e-44,3.760133120266504e-44
3.7322183942688567e-44,1.0,3.729786744099653e-44,3.727356678222129e-44,3.727356678222129e-44
3.7268309058487026e-44,1.0,3.733598101306985e-44,3.7268309058487026e-44,3.7268309058487026e-44
3.7200759760208356e-44,1.0,3.7200759760208356e-44,3.7200759760208356e-44,3.7200759760208356e-44
3.7621442407751773e-44,1.0,3.8046882320767226e-44,3.7621442407751773e-44,3.7621442407751773e-44
3.7259252428492254e-44,1.0,3.731783706780768e-44,3.7259252428492254e-44,3.7259252428492254e-44
3.724860208261816e-44,1.0,3.722467323535663e-44,3.722467323535663e-44,3.722467323535663e-44
3.7200759760208356e-44,1.0,3.7200759760208356e-44,3.7200759760208356e-44,3.7200759760208356e-44
3.7200759760208356e-44,1.0,3.7200759760208356e-44,3.7200759760208356e-44,3.7200759760208356e-44
3.728806700211755e-44,1.0,3.724438779827559e-44,3.724438779827559e-44,3.724438779827559e-44
3.7933750395206236e-44,1.0,3.7933750395206236e-44,3.7933750395206236e-44,3.868118361886217e-44
3.7275258102733653e-44,1.0,3.7275258102733653e-44,3.725040875989721e-44,3.725040875989721e-44
3.7200759760208356e-44,1.0,3.7200759760208356e-44,3.7200759760208356e-44,3.7200759760208356e-44
3.773428613736048e-44,1.0,3.807161883850719e-44,3.766717911942842e-44,3.766717911942842e-44
3.765007763023775e-44,1.0,3.810482244717971e-44,3.765007763023775e-44,3.765007763023775e-44
3.7200759760208356e-44,1.0,3.7200759760208356e-44,3.7200759760208356e-44,3.7200759760208356e-44
3.726459740759674e-44,1.0,3.7328544602350525e-44,3.726459740759674e-44,3.726459740759674e-44
3.7200759760208356e-44,1.0,3.7200759760208356e-44,3.7200759760208356e-44,3.7200759760208356e-44
3.7200759760208356e-44,1.0,3.7200759760208356e-44,3.7200759760208356e-44,3.7200759760208356e-44
3.7200759760208356e-44,1.0,3.7200759760208356e-44,3.7200759760208356e-44,3.7200759760208356e-44
3.7200759760208356e-44,1.0,3.7200759760208356e-44,3.7200759760208356e-44,3.7200759760208356e-44
3.7200759760208356e-44,1.0,3.7200759760208356e-44,3.7200759760208356e-44,3.7200759760208356e-44
3.7200759760208356e-44,1.0,3.7200759760208356e-44,3.7200759760208356e-44,3.7200759760208356e-44
3.7200759760208356e-44,1.0,3.7200759760208356e-44,3.7200759760208356e-44,3.7200759760208356e-44
3.729159149200214e-44,1.0,3.7382645004306704e-44,3.729159149200214e-44,3.729159149200214e-44
3.7200759760208356e-44,1.0,3.7200759760208356e-44,3.7200759760208356e-44,3.7200759760208356e-44
3.7200759760208356e-44,1.0,3.7200759760208356e-44,3.7200759760208356e-44,3.7200759760208356e-44
3.7200759760208356e-44,1.0,3.7200759760208356e-44,3.7200759760208356e-44,3.7200759760208356e-44
3.725328835888568e-44,1.0,3.7227014794590473e-44,3.7227014794590473e-44,3.7227014794590473e-44
3.72734337942994e-44,1.0,3.723707904790287e-44,3.723707904790287e-44,3.723707904790287e-44
3.720891109131599e-44,1.0,3.72170642085213e-44,3.720891109131599e-44,3.720891109131599e-44
3.7220990317974737e-44,1.0,3.7220990317974737e-44,3.721593164734759e-44,3.7220990317974737e-44
3.7209285210471836e-44,1.0,3.7217812614547614e-44,3.7209285210471836e-44,3.7209285210471836e-44
3.724242851809339e-44,1.0,3.726328039628925e-44,3.7235480485316247e-44,3.7235480485316247e-44
3.721562889223977e-44,1.0,3.7223065686802354e-44,3.7213150290910653e-44,3.7213150290910653e-44
3.725691210055356e-44,1.0,3.73088202567433e-44,3.725691210055356e-44,3.7261235020432376e-44
3.8833676047568853e-44,1.0,4.0356398615114635e-44,3.8855173026862703e-44,3.897361930190137e-44
3.7229974382381094e-44,1.0,3.723528859628144e-44,3.7222004483578643e-44,3.7222004483578643e-44
3.7200759760208356e-44,1.0,3.7200759760208356e-44,3.7200759760208356e-44,3.7200759760208356e-44
3.7245842173562097e-44,1.0,3.72709115617791e-44,3.7240830319760756e-44,3.7245842173562097e-44
3.7264667257168547e-44,1.0,3.728435318100781e-44,3.7249909635687517e-44,3.7249909635687517e-44
3.7233165891595056e-44,1.0,3.7265600252441536e-44,3.7233165891595056e-44,3.7233165891595056e-44
3.7530245854468315e-44,1.0,3.784317933562348e-44,3.7527488114709827e-44,3.7524730577591336e-44
3.721381104399843e-44,1.0,3.7226866906619757e-44,3.721381104399843e-44,3.721381104399843e-44
3.7229849783288675e-44,1.0,3.725896255400759e-44,3.7229849783288675e-44,3.7229849783288675e-44
3.7222531672107437e-44,1.0,3.7233422405881904e-44,3.7218902135456913e-44,3.7218902135456913e-44
3.7225068261761826e-44,1.0,3.7243777917323005e-44,3.722319781322412e-44,3.722319781322412e-44
3.721269729079505e-44,1.0,3.7217473375554427e-44,3.721030947826177e-44,3.721030947826177e-44
3.7241826769811614e-44,1.0,3.72623772721403e-44,3.7237718029598125e-44,3.7245935963375813e-44
3.722865896863524e-44,1.0,3.722865896863524e-44,3.7219356908447034e-44,3.7219356908447034e-44
3.772896311257316e-44,1.0,3.815056087208163e-44,3.7736825049370887e-44,3.7820787713528365e-44
3.736040420285295e-44,1.0,3.748147865674283e-44,3.736040420285295e-44,3.7399532490836017e-44
3.720701456949061e-44,1.0,3.721014236849407e-44,3.720701456949061e-44,3.721014236849407e-44
3.720504044295389e-44,1.0,3.720932161827671e-44,3.720504044295389e-44,3.720504044295389e-44
3.729735912890758e-44,1.0,3.737805018907974e-44,3.729735912890758e-44,3.731348339334182e-44
3.723214379985541e-44,1.0,3.7247845747091866e-44,3.722691128851564e-44,3.722691128851564e-44
3.720599908244785e-44,1.0,3.7211239142589103e-44,3.720599908244785e-44,3.720599908244785e-44
3.7219972634086523e-44,1.0,3.7239195430732847e-44,3.7219972634086523e-44,3.7219972634086523e-44
3.7266969060742014e-44,1.0,3.730134618765287e-44,3.7266969060742014e-44,3.7286609251941635e-44
3.7222094157879107e-44,1.0,3.721599736751047e-44,3.721294934682014e-44,3.721294934682014e-44
3.7231830507860873e-44,1.0,3.7225614282955566e-44,3.7219399095910907e-44,3.7219399095910907e-44
3.7225562966589956e-44,1.0,3.723383437645538e-44,3.7220049714190704e-44,3.7220049714190704e-44
3.723108950401101e-44,1.0,3.7250058149699943e-44,3.723108950401101e-44,3.724246953199336e-44
3.720967430681751e-44,1.0,3.720521676651693e-44,3.720521676651693e-44,3.720521676651693e-44
3.7224500101371814e-44,1.0,3.7245285327564816e-44,3.7224500101371814e-44,3.722746870907663e-44
3.7225588322069546e-44,1.0,3.7250433455030243e-44,3.7225588322069546e-44,3.7225588322069546e-44
3.7215997776333083e-44,1.0,3.7219808255534845e-44,3.7212187687239505e-44,3.7212187687239505e-44
3.720959548547957e-44,1.0,3.721843330936497e-44,3.720959548547957e-44,3.720959548547957e-44
3.721676258180402e-44,1.0,3.723277228740673e-44,3.721676258180402e-44,3.721676258180402e-44
3.7864000288225086e-44,1.0,3.8481617354311133e-44,3.7864000288225086e-44,3.7920526431007676e-44
6.779803642863557e-44,1.0,1.1687929412608123e-43,6.852417277501417e-44,7.087940742812871e-44
3.7312184419554557e-44,1.0,3.739907872753079e-44,3.7308051634969415e-44,3.732045136219826e-44
3.7259991738892575e-44,1.0,3.726538113853327e-44,3.7243828216079073e-44,3.7249215277778184e-44
3.7239467405234954e-44,1.0,3.7278215325830945e-44,3.7239467405234954e-44,3.7239467405234954e-44
3.722316823588248e-44,1.0,3.722877246356241e-44,3.7217564851834114e-44,3.7217564851834114e-44
3.7248494521493824e-44,1.0,3.7283706693344577e-44,3.7245980639274656e-44,3.72510085733851e-44
3.726017127403024e-44,1.0,3.7283445077661037e-44,3.725500129098395e-44,3.7275685528287327e-44
3.7205010498327215e-44,1.0,3.720926172215575e-44,3.7205010498327215e-44,3.7205010498327215e-44
3.732425229211379e-44,1.0,3.7431610707219067e-44,3.732425229211379e-44,3.7340748907282873e-44
3.7225036653703817e-44,1.0,3.724021775670026e-44,3.722200117582074e-44,3.722200117582074e-44
3.7242795858317633e-44,1.0,3.7242795858317633e-44,3.722877855049311e-44,3.722877855049311e-44
3.7233223278676477e-44,1.0,3.724621661694806e-44,3.7226728309411217e-44,3.7226728309411217e-44
3.7219058095197424e-44,1.0,3.7219058095197424e-44,3.721295765035329e-44,3.721295765035329e-44
3.7208912591914174e-44,1.0,3.720483595274128e-44,3.720483595274128e-44,3.720483595274128e-44
3.720352292263817e-44,1.0,3.720628629030772e-44,3.720352292263817e-44,3.720352292263817e-44
3.7221498820649876e-44,1.0,3.7221498820649876e-44,3.721458451617385e-44,3.721458451617385e-44
3.726150933326956e-44,1.0,3.726866286087919e-44,3.7243631520905923e-44,3.7243631520905923e-44
3.7206906619165863e-44,1.0,3.7213054493798033e-44,3.7206906619165863e-44,3.7206906619165863e-44
3.742337039735209e-44,1.0,3.759921287217757e-44,3.7428686855127837e-44,3.746592321310844e-44
3.7310888322021816e-44,1.0,3.73864272317807e-44,3.7305083962361273e-44,3.732249975081316e-44
3.7200759760208356e-44,1.0,3.7200759760208356e-44,3.7200759760208356e-44,3.7200759760208356e-44
3.867037710086544e-44,1.0,4.019805172696171e-44,3.867037710086544e-44,3.867037710086544e-44
3.7200759760208356e-44,1.0,3.7200759760208356e-44,3.7200759760208356e-44,3.7200759760208356e-44
3.7597691137640836e-44,1.0,3.7998857765090135e-44,3.7597691137640836e-44,3.7597691137640836e-44
3.7200759760208356e-44,1.0,3.7200759760208356e-44,3.7200759760208356e-44,3.7200759760208356e-44
3.7200759760208356e-44,1.0,3.7200759760208356e-44,3.7200759760208356e-44,3.7200759760208356e-44
3.7200759760208356e-44,1.0,3.7200759760208356e-44,3.7200759760208356e-44,3.7200759760208356e-44
3.7836763543792023e-44,1.0,3.848364078306141e-44,3.7836763543792023e-44,3.7836763543792023e-44
3.7200759760208356e-44,1.0,3.7200759760208356e-44,3.7200759760208356e-44,3.7200759760208356e-44
3.7200759760208356e-44,1.0,3.7200759760208356e-44,3.7200759760208356e-44,3.7200759760208356e-44
3.7200759760208356e-44,1.0,3.7200759760208356e-44,3.7200759760208356e-44,3.7200759760208356e-44
3.7200759760208356e-44,1.0,3.7200759760208356e-44,3.7200759760208356e-44,3.7200759760208356e-44
3.8977309893894075e-44,1.0,4.0838700509275504e-44,3.8977309893894075e-44,3.8977309893894075e-44
3.7200759760208356e-44,1.0,3.7200759760208356e-44,3.7200759760208356e-44,3.7200759760208356e-44
3.7200759760208356e-44,1.0,3.7200759760208356e-44,3.7200759760208356e-44,3.7200759760208356e-44
3.7200759760208356e-44,1.0,3.7200759760208356e-44,3.7200759760208356e-44,3.7200759760208356e-44
3.7200759760208356e-44,1.0,3.7200759760208356e-44,3.7200759760208356e-44,3.7200759760208356e-44
3.8196794211747465e-44,1.0,3.921949706025091e-44,3.8196794211747465e-44,3.8196794211747465e-44
3.7200759760208356e-44,1.0,3.7200759760208356e-44,3.7200759760208356e-44,3.7200759760208356e-44
3.7810594734457453e-44,1.0,3.8430426781299024e-44,3.7810594734457453e-44,3.7810594734457453e-44
3.803547795224251e-44,1.0,3.8888925720355523e-44,3.803547795224251e-44,3.803547795224251e-44
3.7200759760208356e-44,1.0,3.7200759760208356e-44,3.7200759760208356e-44,3.7200759760208356e-44
3.7200759760208356e-44,1.0,3.7200759760208356e-44,3.7200759760208356e-44,3.7200759760208356e-44
3.849643771823638e-44,1.0,3.9837243286069604e-44,3.849643771823638e-44,3.849643771823638e-44
3.7200759760208356e-44,1.0,3.7200759760208356e-44,3.7200759760208356e-44,3.7200759760208356e-44
3.7200759760208356e-44,1.0,3.7200759760208356e-44,3.7200759760208356e-44,3.7200759760208356e-44
3.7200759760208356e-44,1.0,3.7200759760208356e-44,3.7200759760208356e-44,3.7200759760208356e-44
3.813423107556196e-44,1.0,3.813423107556196e-44,3.813423107556196e-44,3.909112580221689e-44
3.7200759760208356e-44,1.0,3.7200759760208356e-44,3.7200759760208356e-44,3.7200759760208356e-44
3.7200759760208356e-44,1.0,3.7200759760208356e-44,3.7200759760208356e-44,3.7200759760208356e-44
3.7200759760208356e-44,1.0,3.7200759760208356e-44,3.7200759760208356e-44,3.7200759760208356e-44
3.7200759760208356e-44,1.0,3.7200759760208356e-44,3.7200759760208356e-44,3.7200759760208356e-44
3.7200759760208356e-44,1.0,3.7200759760208356e-44,3.7200759760208356e-44,3.7200759760208356e-44
3.7200759760208356e-44,1.0,3.7200759760208356e-44,3.7200759760208356e-44,3.7200759760208356e-44
3.7200759760208356e-44,1.0,3.7200759760208356e-44,3.7200759760208356e-44,3.7200759760208356e-44
3.7200759760208356e-44,1.0,3.7200759760208356e-44,3.7200759760208356e-44,3.7200759760208356e-44
3.7200759760208356e-44,1.0,3.7200759760208356e-44,3.7200759760208356e-44,3.7200759760208356e-44
3.7200759760208356e-44,1.0,3.7200759760208356e-44,3.7200759760208356e-44,3.7200759760208356e-44
3.7200759760208356e-44,1.0,3.7200759760208356e-44,3.7200759760208356e-44,3.7200759760208356e-44
3.7200759760208356e-44,1.0,3.7200759760208356e-44,3.7200759760208356e-44,3.7200759760208356e-44
3.7200759760208356e-44,1.0,3.7200759760208356e-44,3.7200759760208356e-44,3.7200759760208356e-44
3.7200759760208356e-44,1.0,3.7200759760208356e-44,3.7200759760208356e-44,3.7200759760208356e-44
3.7200759760208356e-44,1.0,3.7200759760208356e-44,3.7200759760208356e-44,3.7200759760208356e-44
3.7200759760208356e-44,1.0,3.7200759760208356e-44,3.7200759760208356e-44,3.7200759760208356e-44
3.7200759760208356e-44,1.0,3.7200759760208356e-44,3.7200759760208356e-44,3.7200759760208356e-44
3.7200759760208356e-44,1.0,3.7200759760208356e-44,3.7200759760208356e-44,3.7200759760208356e-44
3.7200759760208356e-44,1.0,3.7200759760208356e-44,3.7200759760208356e-44,3.7200759760208356e-44
3.7200759760208356e-44,1.0,3.7200759760208356e-44,3.7200759760208356e-44,3.7200759760208356e-44
3.7200759760208356e-44,1.0,3.7200759760208356e-44,3.7200759760208356e-44,3.7200759760208356e-44
3.7200759760208356e-44,1.0,3.7200759760208356e-44,3.7200759760208356e-44,3.7200759760208356e-44
3.7200759760208356e-44,1.0,3.7200759760208356e-44,3.7200759760208356e-44,3.7200759760208356e-44
3.7200759760208356e-44,1.0,3.7200759760208356e-44,3.7200759760208356e-44,3.7200759760208356e-44
3.7200759760208356e-44,1.0,3.7200759760208356e-44,3.7200759760208356e-44,3.7200759760208356e-44
3.7200759760208356e-44,1.0,3.7200759760208356e-44,3.7200759760208356e-44,3.7200759760208356e-44
3.7200759760208356e-44,1.0,3.7200759760208356e-44,3.7200759760208356e-44,3.7200759760208356e-44
3.7200759760208356e-44,1.0,3.7200759760208356e-44,3.7200759760208356e-44,3.7200759760208356e-44
3.7200759760208356e-44,1.0,3.7200759760208356e-44,3.7200759760208356e-44,3.7200759760208356e-44
3.7200759760208356e-44,1.0,3.7200759760208356e-44,3.7200759760208356e-44,3.7200759760208356e-44
3.7200759760208356e-44,1.0,3.7200759760208356e-44,3.7200759760208356e-44,3.7200759760208356e-44
3.7200759760208356e-44,1.0,3.7200759760208356e-44,3.7200759760208356e-44,3.7200759760208356e-44
3.7849744833694427e-44,1.0,3.851005176265687e-44,3.7849744833694427e-44,3.7849744833694427e-44
3.7200759760208356e-44,1.0,3.7200759760208356e-44,3.7200759760208356e-44,3.7200759760208356e-44
3.7200759760208356e-44,1.0,3.7200759760208356e-44,3.7200759760208356e-44,3.7200759760208356e-44
3.7200759760208356e-44,1.0,3.7200759760208356e-44,3.7200759760208356e-44,3.7200759760208356e-44
3.7200759760208356e-44,1.0,3.7200759760208356e-44,3.7200759760208356e-44,3.7200759760208356e-44
4.4666474711950795e-44,1.0,5.36304628199392e-44,4.4666474711950795e-44,4.4666474711950795e-44
3.7200759760208356e-44,1.0,3.7200759760208356e-44,3.7200759760208356e-44,3.7200759760208356e-44
3.7200759760208356e-44,1.0,3.7200759760208356e-44,3.7200759760208356e-44,3.7200759760208356e-44
3.7200759760208356e-44,1.0,3.7200759760208356e-44,3.7200759760208356e-44,3.7200759760208356e-44
3.7200759760208356e-44,1.0,3.7200759760208356e-44,3.7200759760208356e-44,3.7200759760208356e-44
3.7200759760208356e-44,1.0,3.7200759760208356e-44,3.7200759760208356e-44,3.7200759760208356e-44
3.7200759760208356e-44,1.0,3.7200759760208356e-44,3.7200759760208356e-44,3.7200759760208356e-44
3.7200759760208356e-44,1.0,3.7200759760208356e-44,3.7200759760208356e-44,3.7200759760208356e-44
3.7200759760208356e-44,1.0,3.7200759760208356e-44,3.7200759760208356e-44,3.7200759760208356e-44
3.7200759760208356e-44,1.0,3.7200759760208356e-44,3.7200759760208356e-44,3.7200759760208356e-44
3.77087508240493e-44,1.0,3.822367870645527e-44,3.77087508240493e-44,3.77087508240493e-44
3.7200759760208356e-44,1.0,3.7200759760208356e-44,3.7200759760208356e-44,3.7200759760208356e-44
3.7200759760208356e-44,1.0,3.7200759760208356e-44,3.7200759760208356e-44,3.7200759760208356e-44
3.7200759760208356e-44,1.0,3.7200759760208356e-44,3.7200759760208356e-44,3.7200759760208356e-44
3.7200759760208356e-44,1.0,3.7200759760208356e-44,3.7200759760208356e-44,3.7200759760208356e-44
3.7200759760208356e-44,1.0,3.7200759760208356e-44,3.7200759760208356e-44,3.7200759760208356e-44
3.7200759760208356e-44,1.0,3.7200759760208356e-44,3.7200759760208356e-44,3.7200759760208356e-44
3.7200759760208356e-44,1.0,3.7200759760208356e-44,3.7200759760208356e-44,3.7200759760208356e-44
3.8455570331105667e-44,1.0,3.9752706638868984e-44,3.8455570331105667e-44,3.8455570331105667e-44
3.7200759760208356e-44,1.0,3.7200759760208356e-44,3.7200759760208356e-44,3.7200759760208356e-44
3.778649424623151e-44,1.0,3.8381451255943387e-44,3.778649424623151e-44,3.778649424623151e-44
3.7200759760208356e-44,1.0,3.7200759760208356e-44,3.7200759760208356e-44,3.7200759760208356e-44
3.7200759760208356e-44,1.0,3.7200759760208356e-44,3.7200759760208356e-44,3.7200759760208356e-44
3.7200759760208356e-44,1.0,3.7200759760208356e-44,3.7200759760208356e-44,3.7200759760208356e-44
3.7200759760208356e-44,1.0,3.7200759760208356e-44,3.7200759760208356e-44,3.7200759760208356e-44
3.7200759760208356e-44,1.0,3.7200759760208356e-44,3.7200759760208356e-44,3.7200759760208356e-44
3.7200759760208356e-44,1.0,3.7200759760208356e-44,3.7200759760208356e-44,3.7200759760208356e-44
3.824781374358076e-44,1.0,3.932433814774972e-44,3.824781374358076e-44,3.824781374358076e-44
3.7200759760208356e-44,1.0,3.7200759760208356e-44,3.7200759760208356e-44,3.7200759760208356e-44
3.7200759760208356e-44,1.0,3.7200759760208356e-44,3.7200759760208356e-44,3.7200759760208356e-44
3.7200759760208356e-44,1.0,3.7200759760208356e-44,3.7200759760208356e-44,3.7200759760208356e-44
3.7200759760208356e-44,1.0,3.7200759760208356e-44,3.7200759760208356e-44,3.7200759760208356e-44
3.7200759760208356e-44,1.0,3.7200759760208356e-44,3.7200759760208356e-44,3.7200759760208356e-44
3.7200759760208356e-44,1.0,3.7200759760208356e-44,3.7200759760208356e-44,3.7200759760208356e-44
3.7200759760208356e-44,1.0,3.7200759760208356e-44,3.7200759760208356e-44,3.7200759760208356e-44
3.779731144635999e-44,1.0,3.8403429440203845e-44,3.779731144635999e-44,3.779731144635999e-44
3.7200759760208356e-44,1.0,3.7200759760208356e-44,3.7200759760208356e-44,3.7200759760208356e-44
3.7200759760208356e-44,1.0,3.7200759760208356e-44,3.7200759760208356e-44,3.7200759760208356e-44
3.7200759760208356e-44,1.0,3.7200759760208356e-44,3.7200759760208356e-44,3.7200759760208356e-44
3.7200759760208356e-44,1.0,3.7200759760208356e-44,3.7200759760208356e-44,3.7200759760208356e-44
3.750666018780743e-44,1.0,3.78150760229465e-44,3.750666018780743e-44,3.750666018780743e-44
3.7200759760208356e-44,1.0,3.7200759760208356e-44,3.7200759760208356e-44,3.7200759760208356e-44
3.7200759760208356e-44,1.0,3.7200759760208356e-44,3.7200759760208356e-44,3.7200759760208356e-44
3.7200759760208356e-44,1.0,3.7200759760208356e-44,3.7200759760208356e-44,3.7200759760208356e-44
3.7200759760208356e-44,1.0,3.7200759760208356e-44,3.7200759760208356e-44,3.7200759760208356e-44
3.7926275141672e-44,1.0,3.8665940034386063e-44,3.7926275141672e-44,3.7926275141672e-44
3.7200759760208356e-44,1.0,3.7200759760208356e-44,3.7200759760208356e-44,3.7200759760208356e-44
3.7200759760208356e-44,1.0,3.7200759760208356e-44,3.7200759760208356e-44,3.7200759760208356e-44
3.7200759760208356e-44,1.0,3.7200759760208356e-44,3.7200759760208356e-44,3.7200759760208356e-44
3.7403654048699083e-44,1.0,3.760765492997348e-44,3.7403654048699083e-44,3.7403654048699083e-44
3.7200759760208356e-44,1.0,3.7200759760208356e-44,3.7200759760208356e-44,3.7200759760208356e-44
3.993677709510895e-44,1.0,4.287402125723383e-44,3.993677709510895e-44,3.993677709510895e-44
3.7200759760208356e-44,1.0,3.7200759760208356e-44,3.7200759760208356e-44,3.7200759760208356e-44
3.7200759760208356e-44,1.0,3.7200759760208356e-44,3.7200759760208356e-44,3.7200759760208356e-44
3.7200759760208356e-44,1.0,3.7200759760208356e-44,3.7200759760208356e-44,3.7200759760208356e-44
3.7200759760208356e-44,1.0,3.7200759760208356e-44,3.7200759760208356e-44,3.7200759760208356e-44
3.7200759760208356e-44,1.0,3.7200759760208356e-44,3.7200759760208356e-44,3.7200759760208356e-44
3.7200759760208356e-44,1.0,3.7200759760208356e-44,3.7200759760208356e-44,3.7200759760208356e-44
3.7200759760208356e-44,1.0,3.7200759760208356e-44,3.7200759760208356e-44,3.7200759760208356e-44
3.8213790579180005e-44,1.0,3.9254407701410035e-44,3.8213790579180005e-44,3.8213790579180005e-44
3.7720296917441525e-44,1.0,3.824708980975897e-44,3.7720296917441525e-44,3.7720296917441525e-44
3.7200759760208356e-44,1.0,3.7200759760208356e-44,3.7200759760208356e-44,3.7200759760208356e-44
3.7200759760208356e-44,1.0,3.7200759760208356e-44,3.7200759760208356e-44,3.7200759760208356e-44
4.668275695108822e-44,1.0,5.858159377931399e-44,4.668275695108822e-44,4.668275695108822e-44
3.7200759760208356e-44,1.0,3.7200759760208356e-44,3.7200759760208356e-44,3.7200759760208356e-44
3.7200759760208356e-44,1.0,3.7200759760208356e-44,3.7200759760208356e-44,3.7200759760208356e-44
3.7200759760208356e-44,1.0,3.7200759760208356e-44,3.7200759760208356e-44,3.7200759760208356e-44
3.7200759760208356e-44,1.0,3.7200759760208356e-44,3.7200759760208356e-44,3.7200759760208356e-44
3.7200759760208356e-44,1.0,3.7200759760208356e-44,3.7200759760208356e-44,3.7200759760208356e-44
3.7200759760208356e-44,1.0,3.7200759760208356e-44,3.7200759760208356e-44,3.7200759760208356e-44
3.7200759760208356e-44,1.0,3.7200759760208356e-44,3.7200759760208356e-44,3.7200759760208356e-44
3.7200759760208356e-44,1.0,3.7200759760208356e-44,3.7200759760208356e-44,3.7200759760208356e-44
1.796718864360001e-43,1.0,1.796718864360001e-43,1.796718864360001e-43,8.677776202302538e-43
3.7200759760208356e-44,1.0,3.7200759760208356e-44,3.7200759760208356e-44,3.7200759760208356e-44
3.7200759760208356e-44,1.0,3.7200759760208356e-44,3.7200759760208356e-44,3.7200759760208356e-44
3.7200759760208356e-44,1.0,3.7200759760208356e-44,3.7200759760208356e-44,3.7200759760208356e-44
3.7200759760208356e-44,1.0,3.7200759760208356e-44,3.7200759760208356e-44,3.7200759760208356e-44
3.7200759760208356e-44,1.0,3.7200759760208356e-44,3.7200759760208356e-44,3.7200759760208356e-44
4.0838878269921137e-44,1.0,4.4832793445509454e-44,4.0838878269921137e-44,4.0838878269921137e-44
3.7200759760208356e-44,1.0,3.7200759760208356e-44,3.7200759760208356e-44,3.7200759760208356e-44
3.7200759760208356e-44,1.0,3.7200759760208356e-44,3.7200759760208356e-44,3.7200759760208356e-44
3.7200759760208356e-44,1.0,3.7200759760208356e-44,3.7200759760208356e-44,3.7200759760208356e-44
3.7200759760208356e-44,1.0,3.7200759760208356e-44,3.7200759760208356e-44,3.7200759760208356e-44
3.7200759760208356e-44,1.0,3.7200759760208356e-44,3.7200759760208356e-44,3.7200759760208356e-44
3.7200759760208356e-44,1.0,3.7200759760208356e-44,3.7200759760208356e-44,3.7200759760208356e-44
3.7200759760208356e-44,1.0,3.7200759760208356e-44,3.7200759760208356e-44,3.7200759760208356e-44
5.014833094094548e-44,1.0,6.760225093178283e-44,5.014833094094548e-44,5.014833094094548e-44
3.8910059437594806e-44,1.0,3.8910059437594806e-44,3.8910059437594806e-44,4.0697897978325845e-44
3.7200759760208356e-44,1.0,3.7200759760208356e-44,3.7200759760208356e-44,3.7200759760208356e-44
3.7200759760208356e-44,1.0,3.7200759760208356e-44,3.7200759760208356e-44,3.7200759760208356e-44
3.7200759760208356e-44,1.0,3.7200759760208356e-44,3.7200759760208356e-44,3.7200759760208356e-44
3.7200759760208356e-44,1.0,3.7200759760208356e-44,3.7200759760208356e-44,3.7200759760208356e-44
3.7200759760208356e-44,1.0,3.7200759760208356e-44,3.7200759760208356e-44,3.7200759760208356e-44
3.7200759760208356e-44,1.0,3.7200759760208356e-44,3.7200759760208356e-44,3.7200759760208356e-44
3.7200759760208356e-44,1.0,3.7200759760208356e-44,3.7200759760208356e-44,3.7200759760208356e-44
3.7200759760208356e-44,1.0,3.7200759760208356e-44,3.7200759760208356e-44,3.7200759760208356e-44
3.7200759760208356e-44,1.0,3.7200759760208356e-44,3.7200759760208356e-44,3.7200759760208356e-44
3.7200759760208356e-44,1.0,3.7200759760208356e-44,3.7200759760208356e-44,3.7200759760208356e-44
3.8382013576242176e-44,1.0,3.960077631916043e-44,3.8382013576242176e-44,3.8382013576242176e-44
3.7200759760208356e-44,1.0,3.7200759760208356e-44,3.7200759760208356e-44,3.7200759760208356e-44
6.454806572049535e-44,1.0,1.0735061724838118e-43,6.454806572049535e-44,6.73431368435343e-44
3.7200759760208356e-44,1.0,3.7200759760208356e-44,3.7200759760208356e-44,3.7200759760208356e-44
3.7200759760208356e-44,1.0,3.7200759760208356e-44,3.7200759760208356e-44,3.7200759760208356e-44
3.7200759760208356e-44,1.0,3.7200759760208356e-44,3.7200759760208356e-44,3.7200759760208356e-44
3.7200759760208356e-44,1.0,3.7200759760208356e-44,3.7200759760208356e-44,3.7200759760208356e-44
3.7200759760208356e-44,1.0,3.7200759760208356e-44,3.7200759760208356e-44,3.7200759760208356e-44
3.7200759760208356e-44,1.0,3.7200759760208356e-44,3.7200759760208356e-44,3.7200759760208356e-44
3.7200759760208356e-44,1.0,3.7200759760208356e-44,3.7200759760208356e-44,3.7200759760208356e-44
3.7200759760208356e-44,1.0,3.7200759760208356e-44,3.7200759760208356e-44,3.7200759760208356e-44
3.7200759760208356e-44,1.0,3.7200759760208356e-44,3.7200759760208356e-44,3.7200759760208356e-44
3.7200759760208356e-44,1.0,3.7200759760208356e-44,3.7200759760208356e-44,3.7200759760208356e-44
3.7200759760208356e-44,1.0,3.7200759760208356e-44,3.7200759760208356e-44,3.7200759760208356e-44
3.7200759760208356e-44,1.0,3.7200759760208356e-44,3.7200759760208356e-44,3.7200759760208356e-44
3.7200759760208356e-44,1.0,3.7200759760208356e-44,3.7200759760208356e-44,3.7200759760208356e-44
3.7200759760208356e-44,1.0,3.7200759760208356e-44,3.7200759760208356e-44,3.7200759760208356e-44
3.7200759760208356e-44,1.0,3.7200759760208356e-44,3.7200759760208356e-44,3.7200759760208356e-44
3.8722599137609594e-44,1.0,3.8005797353510854e-44,3.797622028357982e-44,3.7991005940222524e-44
3.821152378439248e-44,1.0,3.8937300041914737e-44,3.818608200162622e-44,3.8415669224624017e-44
3.7200759760208356e-44,1.0,3.7200759760208356e-44,3.7200759760208356e-44,3.7200759760208356e-44
3.732183335553805e-44,1.0,3.730451303222008e-44,3.7287200746920964e-44,3.732183335553805e-44
3.754670879626783e-44,1.0,3.768598754582807e-44,3.7487175588844446e-44,3.751693038388006e-44
3.77494558480676e-44,1.0,3.750656709821223e-44,3.748590523451212e-44,3.7488856232301993e-44
5.817952251424482e-44,1.0,8.94470740116677e-44,5.817952251424482e-44,5.918239137771344e-44
3.789874946389903e-44,1.0,3.7834758344519825e-44,3.768586560189902e-44,3.7813451990954083e-44
3.7200759760208356e-44,1.0,3.7200759760208356e-44,3.7200759760208356e-44,3.7200759760208356e-44
3.812652774537929e-44,1.0,3.792382188934976e-44,3.7755723843385023e-44,3.777809379383152e-44
3.7358898769848195e-44,1.0,3.73422209509082e-44,3.7308887645719713e-44,3.733388483364787e-44
3.7454436564036014e-44,1.0,3.7430202524414044e-44,3.736968600353117e-44,3.7393880861966133e-44
3.9819563344750255e-44,1.0,4.1623145001767166e-44,3.9838467069801564e-44,4.0692049763175807e-44
3.7333567301246156e-44,1.0,3.7466848968163874e-44,3.7333567301246156e-44,3.7333567301246156e-44
5.409835632045069e-44,1.0,4.48737474980788e-44,4.486517917828745e-44,4.486517917828745e-44
3.7420320627974277e-44,1.0,3.735204272756e-44,3.732931112338614e-44,3.734446398854463e-44
3.795674223867112e-44,1.0,3.810744914035278e-44,3.7887386372482776e-44,3.8293756253772374e-44
3.7263681770456164e-44,1.0,3.7263681770456164e-44,3.7263681770456164e-44,3.732671020808346e-44
3.7200759760208356e-44,1.0,3.7200759760208356e-44,3.7200759760208356e-44,3.7200759760208356e-44
3.760510154396788e-44,1.0,3.7446014961962547e-44,3.7438078323042427e-44,3.7501618564884413e-44
3.732153585199986e-44,1.0,3.740227100803094e-44,3.73134719275654e-44,3.73296015191528e-44
3.751622351721204e-44,1.0,3.737318371578255e-44,3.736567043072624e-44,3.737318371578255e-44
3.919627942268419e-44,1.0,3.8308798916837016e-44,3.8232213340298716e-44,3.8249219115037543e-44
4.1157409846264664e-44,1.0,4.4409804260026366e-44,4.1157409846264664e-44,4.22000959096855e-44
4.4236219190909084e-44,1.0,4.811176687269976e-44,4.4236219190909084e-44,4.836496612602525e-44
4.310510161094544e-44,1.0,4.746871201395918e-44,4.292475814848788e-44,4.4558408923566503e-44
4.815053460431976e-44,1.0,5.423956234685323e-44,4.805506794528886e-44,5.488929881662275e-44
3.790989471524582e-44,1.0,3.839014543406374e-44,3.790989471524582e-44,3.8149264363920987e-44
7.321562001348684e-44,1.0,5.222544854505568e-44,5.220918202619392e-44,5.223358370491305e-44
3.0146132664737434e-43,1.0,1.2064145996776785e-43,1.1081987338510724e-43,1.1147836706893217e-43
3.726156517290003e-44,1.0,3.7322469973298567e-44,3.726156517290003e-44,3.726156517290003e-44
3.727051372561987e-44,1.0,3.729670516967295e-44,3.726178733220114e-44,3.727924216268566e-44
3.7364919722813284e-44,1.0,3.742666629859824e-44,3.734436017687962e-44,3.7385490587589385e-44
3.7649192662959584e-44,1.0,3.7592844259712143e-44,3.753658019140852e-44,3.7705625527561615e-44
5.392259148596284e-44,1.0,4.489432392800258e-44,4.4827816983573915e-44,4.4841110485855867e-44
7.722199693254693e-44,1.0,6.22687014665415e-44,5.658557886363987e-44,5.73139585330577e-44
4.299927665271797e-44,1.0,4.826924237868835e-44,4.297735047766557e-44,4.418502554292964e-44
3.817961282635205e-44,1.0,3.7761234882747053e-44,3.771668148707771e-44,3.773152677509466e-44
3.9049091129978326e-44,1.0,3.849778114769322e-44,3.825990893741253e-44,3.831574630250023e-44
3.991221558649162e-44,1.0,4.1264709969051766e-44,3.9680653139844747e-44,4.0464931029204e-44
3.7559061446789395e-44,1.0,3.779984441898899e-44,3.753240263988647e-44,3.757239795018476e-44
3.729298690402482e-44,1.0,3.738544269494733e-44,3.729298690402482e-44,3.729298690402482e-44
3.741705571800575e-44,1.0,3.7399705858017695e-44,3.7347704532721514e-44,3.7373696151115944e-44
4.09821650538036e-44,1.0,3.905765109645581e-44,3.905765109645581e-44,3.908153893421709e-44
3.7200759760208356e-44,1.0,3.7200759760208356e-44,3.7200759760208356e-44,3.7200759760208356e-44
3.7200759760208356e-44,1.0,3.7200759760208356e-44,3.7200759760208356e-44,3.7200759760208356e-44
3.7200759760208356e-44,1.0,3.7200759760208356e-44,3.7200759760208356e-44,3.7200759760208356e-44
3.7200759760208356e-44,1.0,3.7200759760208356e-44,3.7200759760208356e-44,3.7200759760208356e-44
3.847848592413574e-44,1.0,3.873924994661581e-44,3.8219477172486005e-44,3.847848592413574e-44
3.7200759760208356e-44,1.0,3.7200759760208356e-44,3.7200759760208356e-44,3.7200759760208356e-44
3.7499943933030264e-44,1.0,3.7801534270937073e-44,3.7499943933030264e-44,3.7499943933030264e-44
3.7200759760208356e-44,1.0,3.7200759760208356e-44,3.7200759760208356e-44,3.7200759760208356e-44
3.961923362957405e-44,1.0,4.149214260566952e-44,3.961923362957405e-44,4.029030361648142e-44
3.7200759760208356e-44,1.0,3.7200759760208356e-44,3.7200759760208356e-44,3.7200759760208356e-44
4.603271719242148e-44,1.0,5.630936270334238e-44,4.603271719242148e-44,4.65658367202605e-44
3.7200759760208356e-44,1.0,3.7200759760208356e-44,3.7200759760208356e-44,3.7200759760208356e-44
3.7200759760208356e-44,1.0,3.7200759760208356e-44,3.7200759760208356e-44,3.7200759760208356e-44
3.7200759760208356e-44,1.0,3.7200759760208356e-44,3.7200759760208356e-44,3.7200759760208356e-44
3.7200759760208356e-44,1.0,3.7200759760208356e-44,3.7200759760208356e-44,3.7200759760208356e-44
3.7200759760208356e-44,1.0,3.7200759760208356e-44,3.7200759760208356e-44,3.7200759760208356e-44
3.7200759760208356e-44,1.0,3.7200759760208356e-44,3.7200759760208356e-44,3.7200759760208356e-44
3.7200759760208356e-44,1.0,3.7200759760208356e-44,3.7200759760208356e-44,3.7200759760208356e-44
3.7200759760208356e-44,1.0,3.7200759760208356e-44,3.7200759760208356e-44,3.7200759760208356e-44
3.7200759760208356e-44,1.0,3.7200759760208356e-44,3.7200759760208356e-44,3.7200759760208356e-44
3.7200759760208356e-44,1.0,3.7200759760208356e-44,3.7200759760208356e-44,3.7200759760208356e-44
3.7200759760208356e-44,1.0,3.7200759760208356e-44,3.7200759760208356e-44,3.7200759760208356e-44
3.7200759760208356e-44,1.0,3.7200759760208356e-44,3.7200759760208356e-44,3.7200759760208356e-44
3.7200759760208356e-44,1.0,3.7200759760208356e-44,3.7200759760208356e-44,3.7200759760208356e-44
3.7200759760208356e-44,1.0,3.7200759760208356e-44,3.7200759760208356e-44,3.7200759760208356e-44
3.7200759760208356e-44,1.0,3.7200759760208356e-44,3.7200759760208356e-44,3.7200759760208356e-44
3.7200759760208356e-44,1.0,3.7200759760208356e-44,3.7200759760208356e-44,3.7200759760208356e-44
3.7540925284449486e-44,1.0,3.788420129849319e-44,3.7540925284449486e-44,3.7540925284449486e-44
3.75324629646811e-44,1.0,3.75324629646811e-44,3.75324629646811e-44,3.7867123824227806e-44
3.7200759760208356e-44,1.0,3.7200759760208356e-44,3.7200759760208356e-44,3.7200759760208356e-44
3.7200759760208356e-44,1.0,3.7200759760208356e-44,3.7200759760208356e-44,3.7200759760208356e-44
3.8166007030336983e-44,1.0,3.8166007030336983e-44,3.8166007030336983e-44,3.915629954950106e-44
3.7200759760208356e-44,1.0,3.7200759760208356e-44,3.7200759760208356e-44,3.7200759760208356e-44
3.7200759760208356e-44,1.0,3.7200759760208356e-44,3.7200759760208356e-44,3.7200759760208356e-44
3.7200759760208356e-44,1.0,3.7200759760208356e-44,3.7200759760208356e-44,3.7200759760208356e-44
3.7200759760208356e-44,1.0,3.7200759760208356e-44,3.7200759760208356e-44,3.7200759760208356e-44
3.7200759760208356e-44,1.0,3.7200759760208356e-44,3.7200759760208356e-44,3.7200759760208356e-44
3.7200759760208356e-44,1.0,3.7200759760208356e-44,3.7200759760208356e-44,3.7200759760208356e-44
3.7200759760208356e-44,1.0,3.7200759760208356e-44,3.7200759760208356e-44,3.7200759760208356e-44
3.7916687830009224e-44,1.0,3.7557017917654096e-44,3.7557017917654096e-44,3.7557017917654096e-44
3.772741287548946e-44,1.0,3.826152184666233e-44,3.772741287548946e-44,3.772741287548946e-44
3.7200759760208356e-44,1.0,3.7200759760208356e-44,3.7200759760208356e-44,3.7200759760208356e-44
3.7200759760208356e-44,1.0,3.7200759760208356e-44,3.7200759760208356e-44,3.7200759760208356e-44
3.7284626441954296e-44,1.0,3.7368682195653175e-44,3.7284626441954296e-44,3.7284626441954296e-44
3.7428064198510996e-44,1.0,3.7428064198510996e-44,3.7428064198510996e-44,3.765675751456801e-44
3.7200759760208356e-44,1.0,3.7200759760208356e-44,3.7200759760208356e-44,3.7200759760208356e-44
3.7200759760208356e-44,1.0,3.7200759760208356e-44,3.7200759760208356e-44,3.7200759760208356e-44
3.7200759760208356e-44,1.0,3.7200759760208356e-44,3.7200759760208356e-44,3.7200759760208356e-44
3.7517859325212515e-44,1.0,3.783766184937057e-44,3.7517859325212515e-44,3.7517859325212515e-44
3.7200759760208356e-44,1.0,3.7200759760208356e-44,3.7200759760208356e-44,3.7200759760208356e-44
3.9007941929440373e-44,1.0,3.9007941929440373e-44,3.9007941929440373e-44,4.090291551513377e-44
3.828990327047199e-44,1.0,3.7741402899288804e-44,3.7741402899288804e-44,3.7741402899288804e-44
3.7200759760208356e-44,1.0,3.7200759760208356e-44,3.7200759760208356e-44,3.7200759760208356e-44
3.7200759760208356e-44,1.0,3.7200759760208356e-44,3.7200759760208356e-44,3.7200759760208356e-44
3.7200759760208356e-44,1.0,3.7200759760208356e-44,3.7200759760208356e-44,3.7200759760208356e-44
3.7200759760208356e-44,1.0,3.7200759760208356e-44,3.7200759760208356e-44,3.7200759760208356e-44
3.7200759760208356e-44,1.0,3.7200759760208356e-44,3.7200759760208356e-44,3.7200759760208356e-44
3.754913331249331e-44,1.0,3.754913331249331e-44,3.754913331249331e-44,3.790076927481293e-44
3.7200759760208356e-44,1.0,3.7200759760208356e-44,3.7200759760208356e-44,3.7200759760208356e-44
3.7200759760208356e-44,1.0,3.7200759760208356e-44,3.7200759760208356e-44,3.7200759760208356e-44
3.7200759760208356e-44,1.0,3.7200759760208356e-44,3.7200759760208356e-44,3.7200759760208356e-44
3.7200759760208356e-44,1.0,3.7200759760208356e-44,3.7200759760208356e-44,3.7200759760208356e-44
3.7200759760208356e-44,1.0,3.7200759760208356e-44,3.7200759760208356e-44,3.7200759760208356e-44
3.7200759760208356e-44,1.0,3.7200759760208356e-44,3.7200759760208356e-44,3.7200759760208356e-44
3.7200759760208356e-44,1.0,3.7200759760208356e-44,3.7200759760208356e-44,3.7200759760208356e-44
3.7200759760208356e-44,1.0,3.7200759760208356e-44,3.7200759760208356e-44,3.7200759760208356e-44
3.7200759760208356e-44,1.0,3.7200759760208356e-44,3.7200759760208356e-44,3.7200759760208356e-44
3.7200759760208356e-44,1.0,3.7200759760208356e-44,3.7200759760208356e-44,3.7200759760208356e-44
3.7200759760208356e-44,1.0,3.7200759760208356e-44,3.7200759760208356e-44,3.7200759760208356e-44
3.7200759760208356e-44,1.0,3.7200759760208356e-44,3.7200759760208356e-44,3.7200759760208356e-44
3.7200759760208356e-44,1.0,3.7200759760208356e-44,3.7200759760208356e-44,3.7200759760208356e-44
4.537351372474424e-44,1.0,4.561127001365646e-44,4.537351372474424e-44,5.505328805335884e-44
3.7200759760208356e-44,1.0,3.7200759760208356e-44,3.7200759760208356e-44,3.7200759760208356e-44
3.7200759760208356e-44,1.0,3.7200759760208356e-44,3.7200759760208356e-44,3.7200759760208356e-44
4.151586828600993e-44,1.0,4.151586828600993e-44,4.151586828600993e-44,4.633150856733091e-44
3.7200759760208356e-44,1.0,3.7200759760208356e-44,3.7200759760208356e-44,3.7200759760208356e-44
3.777315599674273e-44,1.0,3.777315599674273e-44,3.777315599674273e-44,3.8354359511776295e-44
3.7200759760208356e-44,1.0,3.7200759760208356e-44,3.7200759760208356e-44,3.7200759760208356e-44
3.7200759760208356e-44,1.0,3.7200759760208356e-44,3.7200759760208356e-44,3.7200759760208356e-44
3.743248891487056e-44,1.0,3.754889423500559e-44,3.743248891487056e-44,3.754889423500559e-44
3.7200759760208356e-44,1.0,3.7200759760208356e-44,3.7200759760208356e-44,3.7200759760208356e-44
3.7200759760208356e-44,1.0,3.7200759760208356e-44,3.7200759760208356e-44,3.7200759760208356e-44
3.7200759760208356e-44,1.0,3.7200759760208356e-44,3.7200759760208356e-44,3.7200759760208356e-44
3.7200759760208356e-44,1.0,3.7200759760208356e-44,3.7200759760208356e-44,3.7200759760208356e-44
3.8340201671296273e-44,1.0,3.8340201671296273e-44,3.8340201671296273e-44,3.9514544156381236e-44
3.7200759760208356e-44,1.0,3.7200759760208356e-44,3.7200759760208356e-44,3.7200759760208356e-44
3.7200759760208356e-44,1.0,3.7200759760208356e-44,3.7200759760208356e-44,3.7200759760208356e-44
3.7200759760208356e-44,1.0,3.7200759760208356e-44,3.7200759760208356e-44,3.7200759760208356e-44
3.7548920028705935e-44,1.0,3.7505222422788865e-44,3.7417979711216353e-44,3.7417979711216353e-44
3.7277891724643246e-44,1.0,3.723930577246998e-44,3.723930577246998e-44,3.723930577246998e-44
3.72910243406337e-44,1.0,3.7336238730001464e-44,3.72910243406337e-44,3.7336238730001464e-44
3.7554548851375455e-44,1.0,3.7866873261836153e-44,3.7554548851375455e-44,3.759900840987359e-44
4.081346505598471e-44,1.0,3.9271320620311137e-44,3.912976679403363e-44,3.9082695661128736e-44
3.752061104005072e-44,1.0,3.7843212393866655e-44,3.752061104005072e-44,3.752061104005072e-44
3.7329641041428354e-44,1.0,3.745896882924552e-44,3.7329641041428354e-44,3.7329641041428354e-44
3.81006011034209e-44,1.0,3.9022208519374386e-44,3.81006011034209e-44,3.81006011034209e-44
3.781271390796826e-44,1.0,3.8434734728596385e-44,3.781271390796826e-44,3.781271390796826e-44
3.8803110070206413e-44,1.0,3.833837992532715e-44,3.8108106249315386e-44,3.8108106249315386e-44
3.7355858022622346e-44,1.0,3.747260592918894e-44,3.7355858022622346e-44,3.7394733520486827e-44
3.7200759760208356e-44,1.0,3.7200759760208356e-44,3.7200759760208356e-44,3.7200759760208356e-44
3.895662854108476e-44,1.0,3.834793690815943e-44,3.817577842217825e-44,3.8218745449825696e-44
3.7245205638101406e-44,1.0,3.728970461802983e-44,3.7245205638101406e-44,3.7245205638101406e-44
3.7597064547166324e-44,1.0,3.7597064547166324e-44,3.748856460464372e-44,3.7560863053120814e-44
3.724064477811151e-44,1.0,3.728057255897633e-44,3.724064477811151e-44,3.724064477811151e-44
3.833156802900408e-44,1.0,3.9300121977436274e-44,3.833156802900408e-44,3.8523350128705823e-44
3.9274754609777633e-44,1.0,4.100781660483925e-44,3.9274754609777633e-44,3.971202053821366e-44
3.742132308274323e-44,1.0,3.746559242620434e-44,3.73771060479377e-44,3.742132308274323e-44
3.7534434041749e-44,1.0,3.787110123329693e-44,3.7534434041749e-44,3.7534434041749e-44
3.7790794206316803e-44,1.0,3.796108792418872e-44,3.766357544047097e-44,3.7705934039005313e-44
3.7200759760208356e-44,1.0,3.7200759760208356e-44,3.7200759760208356e-44,3.7200759760208356e-44
3.7200759760208356e-44,1.0,3.7200759760208356e-44,3.7200759760208356e-44,3.7200759760208356e-44
3.7200759760208356e-44,1.0,3.7200759760208356e-44,3.7200759760208356e-44,3.7200759760208356e-44
3.7200759760208356e-44,1.0,3.7200759760208356e-44,3.7200759760208356e-44,3.7200759760208356e-44
3.7200759760208356e-44,1.0,3.7200759760208356e-44,3.7200759760208356e-44,3.7200759760208356e-44
1.1163451581580234e-43,1.0,1.1163451581580234e-43,3.350002849876976e-43,1.1163451581580234e-43
3.7200759760208356e-44,1.0,3.7200759760208356e-44,3.7200759760208356e-44,3.7200759760208356e-44
2.4545696524775813e-43,1.0,2.4545696524775813e-43,1.6195669705940827e-42,2.4545696524775813e-43
3.7200759760208356e-44,1.0,3.7200759760208356e-44,3.7200759760208356e-44,3.7200759760208356e-44
3.7200759760208356e-44,1.0,3.7200759760208356e-44,3.7200759760208356e-44,3.7200759760208356e-44
3.7200759760208356e-44,1.0,3.7200759760208356e-44,3.7200759760208356e-44,3.7200759760208356e-44
3.7200759760208356e-44,1.0,3.7200759760208356e-44,3.7200759760208356e-44,3.7200759760208356e-44
3.7200759760208356e-44,1.0,3.7200759760208356e-44,3.7200759760208356e-44,3.7200759760208356e-44
3.7200759760208356e-44,1.0,3.7200759760208356e-44,3.7200759760208356e-44,3.7200759760208356e-44
3.7200759760208356e-44,1.0,3.7200759760208356e-44,3.7200759760208356e-44,3.7200759760208356e-44
3.7200759760208356e-44,1.0,3.7200759760208356e-44,3.7200759760208356e-44,3.7200759760208356e-44
3.7200759760208356e-44,1.0,3.7200759760208356e-44,3.7200759760208356e-44,3.7200759760208356e-44
3.7200759760208356e-44,1.0,3.7200759760208356e-44,3.7200759760208356e-44,3.7200759760208356e-44
3.7200759760208356e-44,1.0,3.7200759760208356e-44,3.7200759760208356e-44,3.7200759760208356e-44
3.7200759760208356e-44,1.0,3.7200759760208356e-44,3.7200759760208356e-44,3.7200759760208356e-44
3.7200759760208356e-44,1.0,3.7200759760208356e-44,3.7200759760208356e-44,3.7200759760208356e-44
3.7200759760208356e-44,1.0,3.7200759760208356e-44,3.7200759760208356e-44,3.7200759760208356e-44
3.7200759760208356e-44,1.0,3.7200759760208356e-44,3.7200759760208356e-44,3.7200759760208356e-44
3.7200759760208356e-44,1.0,3.7200759760208356e-44,3.7200759760208356e-44,3.7200759760208356e-44
3.7200759760208356e-44,1.0,3.7200759760208356e-44,3.7200759760208356e-44,3.7200759760208356e-44
3.7200759760208356e-44,1.0,3.7200759760208356e-44,3.7200759760208356e-44,3.7200759760208356e-44
3.7200759760208356e-44,1.0,3.7200759760208356e-44,3.7200759760208356e-44,3.7200759760208356e-44
3.7200759760208356e-44,1.0,3.7200759760208356e-44,3.7200759760208356e-44,3.7200759760208356e-44
3.7200759760208356e-44,1.0,3.7200759760208356e-44,3.7200759760208356e-44,3.7200759760208356e-44
3.7200759760208356e-44,1.0,3.7200759760208356e-44,3.7200759760208356e-44,3.7200759760208356e-44
3.7200759760208356e-44,1.0,3.7200759760208356e-44,3.7200759760208356e-44,3.7200759760208356e-44
3.7200759760208356e-44,1.0,3.7200759760208356e-44,3.7200759760208356e-44,3.7200759760208356e-44
3.7200759760208356e-44,1.0,3.7200759760208356e-44,3.7200759760208356e-44,3.7200759760208356e-44
3.7200759760208356e-44,1.0,3.7200759760208356e-44,3.7200759760208356e-44,3.7200759760208356e-44
3.7200759760208356e-44,1.0,3.7200759760208356e-44,3.7200759760208356e-44,3.7200759760208356e-44
3.7200759760208356e-44,1.0,3.7200759760208356e-44,3.7200759760208356e-44,3.7200759760208356e-44
1.1741967374338685e-43,1.0,1.1741967374338685e-43,3.706209193273255e-43,1.1741967374338685e-43
3.7200759760208356e-44,1.0,3.7200759760208356e-44,3.7200759760208356e-44,3.7200759760208356e-44
3.7200759760208356e-44,1.0,3.7200759760208356e-44,3.7200759760208356e-44,3.7200759760208356e-44
3.7200759760208356e-44,1.0,3.7200759760208356e-44,3.7200759760208356e-44,3.7200759760208356e-44
3.7200759760208356e-44,1.0,3.7200759760208356e-44,3.7200759760208356e-44,3.7200759760208356e-44
3.7200759760208356e-44,1.0,3.7200759760208356e-44,3.7200759760208356e-44,3.7200759760208356e-44
3.7200759760208356e-44,1.0,3.7200759760208356e-44,3.7200759760208356e-44,3.7200759760208356e-44
3.7200759760208356e-44,1.0,3.7200759760208356e-44,3.7200759760208356e-44,3.7200759760208356e-44
3.7200759760208356e-44,1.0,3.7200759760208356e-44,3.7200759760208356e-44,3.7200759760208356e-44
3.7200759760208356e-44,1.0,3.7200759760208356e-44,3.7200759760208356e-44,3.7200759760208356e-44
3.7200759760208356e-44,1.0,3.7200759760208356e-44,3.7200759760208356e-44,3.7200759760208356e-44
3.7200759760208356e-44,1.0,3.7200759760208356e-44,3.7200759760208356e-44,3.7200759760208356e-44
3.7200759760208356e-44,1.0,3.7200759760208356e-44,3.7200759760208356e-44,3.7200759760208356e-44
2.5452679308803972e-43,1.0,2.5452679308803972e-43,1.741466809206862e-42,2.5452679308803972e-43
3.7200759760208356e-44,1.0,3.7200759760208356e-44,3.7200759760208356e-44,3.7200759760208356e-44
3.7200759760208356e-44,1.0,3.7200759760208356e-44,3.7200759760208356e-44,3.7200759760208356e-44
3.7200759760208356e-44,1.0,3.7200759760208356e-44,3.7200759760208356e-44,3.7200759760208356e-44
3.7200759760208356e-44,1.0,3.7200759760208356e-44,3.7200759760208356e-44,3.7200759760208356e-44
3.7200759760208356e-44,1.0,3.7200759760208356e-44,3.7200759760208356e-44,3.7200759760208356e-44
3.167739842617931e-42,1.0,3.167739842617931e-42,2.6974114978271304e-40,3.167739842617931e-42
3.7200759760208356e-44,1.0,3.7200759760208356e-44,3.7200759760208356e-44,3.7200759760208356e-44
1.5847621945090353e-43,1.0,1.5847621945090353e-43,6.7511288192331685e-43,1.5847621945090353e-43
1.3867300205086023e-43,1.0,1.3867300205086023e-43,5.169303428680835e-43,1.3867300205086023e-43
3.7200759760208356e-44,1.0,3.7200759760208356e-44,3.7200759760208356e-44,3.7200759760208356e-44
3.7200759760208356e-44,1.0,3.7200759760208356e-44,3.7200759760208356e-44,3.7200759760208356e-44
3.7200759760208356e-44,1.0,3.7200759760208356e-44,3.7200759760208356e-44,3.7200759760208356e-44
3.7200759760208356e-44,1.0,3.7200759760208356e-44,3.7200759760208356e-44,3.7200759760208356e-44
3.7200759760208356e-44,1.0,3.7200759760208356e-44,3.7200759760208356e-44,3.7200759760208356e-44
3.7200759760208356e-44,1.0,3.7200759760208356e-44,3.7200759760208356e-44,3.7200759760208356e-44
1.9270470643193925e-41,1.0,1.9270470643193925e-41,9.982350930569246e-39,1.9270470643193925e-41
3.7200759760208356e-44,1.0,3.7200759760208356e-44,3.7200759760208356e-44,3.7200759760208356e-44
2.203851604211133e-42,1.0,2.203851604211133e-42,1.3056082522753118e-40,2.203851604211133e-42
3.7200759760208356e-44,1.0,3.7200759760208356e-44,3.7200759760208356e-44,3.7200759760208356e-44
3.7200759760208356e-44,1.0,3.7200759760208356e-44,3.7200759760208356e-44,3.7200759760208356e-44
3.7200759760208356e-44,1.0,3.7200759760208356e-44,3.7200759760208356e-44,3.7200759760208356e-44
3.7200759760208356e-44,1.0,3.7200759760208356e-44,3.7200759760208356e-44,3.7200759760208356e-44
3.7200759760208356e-44,1.0,3.7200759760208356e-44,3.7200759760208356e-44,3.7200759760208356e-44
3.7200759760208356e-44,1.0,3.7200759760208356e-44,3.7200759760208356e-44,3.7200759760208356e-44
3.7200759760208356e-44,1.0,3.7200759760208356e-44,3.7200759760208356e-44,3.7200759760208356e-44
3.7200759760208356e-44,1.0,3.7200759760208356e-44,3.7200759760208356e-44,3.7200759760208356e-44
3.7200759760208356e-44,1.0,3.7200759760208356e-44,3.7200759760208356e-44,3.7200759760208356e-44
3.7200759760208356e-44,1.0,3.7200759760208356e-44,3.7200759760208356e-44,3.7200759760208356e-44
3.7200759760208356e-44,1.0,3.7200759760208356e-44,3.7200759760208356e-44,3.7200759760208356e-44
3.7200759760208356e-44,1.0,3.7200759760208356e-44,3.7200759760208356e-44,3.7200759760208356e-44
3.7200759760208356e-44,1.0,3.7200759760208356e-44,3.7200759760208356e-44,3.7200759760208356e-44
4.351317477581228e-42,1.0,4.351317477581228e-42,5.089671262831647e-40,4.351317477581228e-42
8.466853895418327e-43,1.0,8.466853895418327e-43,1.9270470643193927e-41,8.466853895418327e-43
3.7200759760208356e-44,1.0,3.7200759760208356e-44,3.7200759760208356e-44,3.7200759760208356e-44
3.7200759760208356e-44,1.0,3.7200759760208356e-44,3.7200759760208356e-44,3.7200759760208356e-44
4.785184150516053e-39,1.0,4.785184150516053e-39,6.155247232031734e-34,4.785184150516053e-39
3.7200759760208356e-44,1.0,3.7200759760208356e-44,3.7200759760208356e-44,3.7200759760208356e-44
3.7200759760208356e-44,1.0,3.7200759760208356e-44,3.7200759760208356e-44,3.7200759760208356e-44
3.7200759760208356e-44,1.0,3.7200759760208356e-44,3.7200759760208356e-44,3.7200759760208356e-44
3.7200759760208356e-44,1.0,3.7200759760208356e-44,3.7200759760208356e-44,3.7200759760208356e-44
3.7200759760208356e-44,1.0,3.7200759760208356e-44,3.7200759760208356e-44,3.7200759760208356e-44
3.7200759760208356e-44,1.0,3.7200759760208356e-44,3.7200759760208356e-44,3.7200759760208356e-44
3.7200759760208356e-44,1.0,3.7200759760208356e-44,3.7200759760208356e-44,3.7200759760208356e-44
7.701861316373849e-43,1.0,7.701861316373849e-43,1.5945552757260037e-41,7.701861316373849e-43
3.7200759760208356e-44,1.0,3.7200759760208356e-44,3.7200759760208356e-44,3.7200759760208356e-44
3.7200759760208356e-44,1.0,3.7200759760208356e-44,3.7200759760208356e-44,3.7200759760208356e-44
3.7200759760208356e-44,1.0,3.7200759760208356e-44,3.7200759760208356e-44,3.7200759760208356e-44
3.7200759760208356e-44,1.0,3.7200759760208356e-44,3.7200759760208356e-44,3.7200759760208356e-44
3.7200759760208356e-44,1.0,3.7200759760208356e-44,3.7200759760208356e-44,3.7200759760208356e-44
3.7200759760208356e-44,1.0,3.7200759760208356e-44,3.7200759760208356e-44,3.7200759760208356e-44
3.7200759760208356e-44,1.0,3.7200759760208356e-44,3.7200759760208356e-44,3.7200759760208356e-44
3.7200759760208356e-44,1.0,3.7200759760208356e-44,3.7200759760208356e-44,3.7200759760208356e-44
3.7200759760208356e-44,1.0,3.7200759760208356e-44,3.7200759760208356e-44,3.7200759760208356e-44
3.7200759760208356e-44,1.0,3.7200759760208356e-44,3.7200759760208356e-44,3.7200759760208356e-44
1.3342131988243368e-41,1.0,1.3342131988243368e-41,4.785184150516083e-39,1.3342131988243368e-41
3.7200759760208356e-44,1.0,3.7200759760208356e-44,3.7200759760208356e-44,3.7200759760208356e-44
1.916505088698657e-43,1.0,1.916505088698657e-43,9.873432098385916e-43,1.916505088698657e-43
3.7200759760208356e-44,1.0,3.7200759760208356e-44,3.7200759760208356e-44,3.7200759760208356e-44
3.7200759760208356e-44,1.0,3.7200759760208356e-44,3.7200759760208356e-44,3.7200759760208356e-44
3.7200759760208356e-44,1.0,3.7200759760208356e-44,3.7200759760208356e-44,3.7200759760208356e-44
3.7200759760208356e-44,1.0,3.7200759760208356e-44,3.7200759760208356e-44,3.7200759760208356e-44
2.6218837675978294e-42,1.0,2.6218837675978294e-42,1.8478855096250086e-40,2.6218837675978294e-42
3.7200759760208356e-44,1.0,3.7200759760208356e-44,3.7200759760208356e-44,3.7200759760208356e-44
2.987665556360884e-43,1.0,2.987665556360884e-43,2.399452466616802e-42,2.987665556360884e-43
3.7200759760208356e-44,1.0,3.7200759760208356e-44,3.7200759760208356e-44,3.7200759760208356e-44
3.7200759760208356e-44,1.0,3.7200759760208356e-44,3.7200759760208356e-44,3.7200759760208356e-44
3.7200759760208356e-44,1.0,3.7200759760208356e-44,3.7200759760208356e-44,3.7200759760208356e-44
3.7200759760208356e-44,1.0,3.7200759760208356e-44,3.7200759760208356e-44,3.7200759760208356e-44
3.7200759760208356e-44,1.0,3.7200759760208356e-44,3.7200759760208356e-44,3.7200759760208356e-44
4.351317477581228e-42,1.0,4.351317477581228e-42,5.089671262831647e-40,4.351317477581228e-42
3.7200759760208356e-44,1.0,3.7200759760208356e-44,3.7200759760208356e-44,3.7200759760208356e-44
3.7200759760208356e-44,1.0,3.7200759760208356e-44,3.7200759760208356e-44,3.7200759760208356e-44
3.7200759760208356e-44,1.0,3.7200759760208356e-44,3.7200759760208356e-44,3.7200759760208356e-44
3.7200759760208356e-44,1.0,3.7200759760208356e-44,3.7200759760208356e-44,3.7200759760208356e-44
3.7200759760208356e-44,1.0,3.7200759760208356e-44,3.7200759760208356e-44,3.7200759760208356e-44
3.7200759760208356e-44,1.0,3.7200759760208356e-44,3.7200759760208356e-44,3.7200759760208356e-44
3.7200759760208356e-44,1.0,3.7200759760208356e-44,3.7200759760208356e-44,3.7200759760208356e-44
3.7200759760208356e-44,1.0,3.7200759760208356e-44,3.7200759760208356e-44,3.7200759760208356e-44
3.7200759760208356e-44,1.0,3.7200759760208356e-44,3.7200759760208356e-44,3.7200759760208356e-44
3.7200759760208356e-44,1.0,3.7200759760208356e-44,3.7200759760208356e-44,3.7200759760208356e-44
3.7200759760208356e-44,1.0,3.7200759760208356e-44,3.7200759760208356e-44,3.7200759760208356e-44
3.7200759760208356e-44,1.0,3.7200759760208356e-44,3.7200759760208356e-44,3.7200759760208356e-44
3.7200759760208356e-44,1.0,3.7200759760208356e-44,3.7200759760208356e-44,3.7200759760208356e-44
3.7200759760208356e-44,1.0,3.7200759760208356e-44,3.7200759760208356e-44,3.7200759760208356e-44
3.7200759760208356e-44,1.0,3.7200759760208356e-44,3.7200759760208356e-44,3.7200759760208356e-44
3.7200759760208356e-44,1.0,3.7200759760208356e-44,3.7200759760208356e-44,3.7200759760208356e-44
8.281128995000911e-42,1.0,8.281128995000911e-42,1.8434327114253763e-39,8.281128995000911e-42
3.7200759760208356e-44,1.0,3.7200759760208356e-44,3.7200759760208356e-44,3.7200759760208356e-44
3.7200759760208356e-44,1.0,3.7200759760208356e-44,3.7200759760208356e-44,3.7200759760208356e-44
3.7200759760208356e-44,1.0,3.7200759760208356e-44,3.7200759760208356e-44,3.7200759760208356e-44
