-2.81712688425476,19.9301955954169,1.82672930551997,-2.81712688425476,1.43080062918883
-2.91313183879628,19.930195604646,6.44661772152605,-2.91313183879628,1.94484915633129
-2.87135272590816,19.9301955956726,6.91491690174031,-2.87135272590816,4.22667935705237
-2.93323846964953,19.9301956092486,5.89012877039671,-2.93323846964953,-1.34827596892837
-2.93188304230484,19.9301956103902,4.98100629392512,-2.93188304230484,0.238041959137472
-3.03345879778035,19.9301956233031,4.91490843380433,-3.03345879778035,0.136466203661962
-3.12467609443574,19.9301956345925,3.84110819022635,-3.12467609443574,-1.53971359371459
-3.09178655291904,19.9301956287631,5.98769823090777,-3.09178655291904,-0.284431630861437
-0.65164038991475,19.9301955203592,-0.65164038991475,3.87192156614226,-0.65164038991475
-0.686546862599498,19.9301949043327,2.12080805945811,-0.686546862599498,0.898415638121658
3.26666551777853,19.9301819282182,3.26666551777853,3.26666551777853,3.26666551777853
3.43580897214674,19.9301802027076,3.43580897214674,3.43580897214674,3.43580897214674
3.37719658866342,19.9301808210714,5.69912468355079,3.37719658866342,3.37719658866342
2.9439760085464,19.9301847084089,2.9439760085464,2.9439760085464,2.9439760085464
3.50921585990025,19.9301793885561,3.50921585990025,3.50921585990025,3.50921585990025
3.27698686531152,19.9301818286213,3.27698686531152,3.27698686531152,3.27698686531152
3.3598064221625,19.930180998884,3.3598064221625,3.3598064221625,5.68173451704986
2.77864407831812,19.9301859093564,2.77864407831812,2.77864407831812,2.77864407831812
3.27477690976121,19.9301818500065,3.27477690976121,3.27477690976121,3.27477690976121
3.6126065681881,19.9301781692661,3.6126065681881,3.6126065681881,3.6126065681881
3.34326810182664,19.9301811717699,3.34326810182664,3.34326810182664,3.34326810182664
1.9348813387991,19.9301902888293,1.9348813387991,1.9348813387991,3.51984383952026
2.91706946336473,19.9301849133501,2.91706946336473,2.91706946336473,2.91706946336473
3.7237537642037,19.9301767572812,3.7237537642037,3.7237537642037,3.7237537642037
4.75285415225835,19.9301828441115,3.16789165153719,3.16789165153719,4.75285415225835
4.95730576485157,19.9301808739728,3.37234326413042,3.37234326413042,3.37234326413042
3.33598787556481,19.9301812451962,4.92095037628596,3.33598787556481,3.33598787556481
3.36399310295701,19.930180960113,3.36399310295701,3.36399310295701,3.36399310295701
4.8827594555608,19.9301816256326,3.29779695483965,3.29779695483965,3.29779695483965
3.32683027589791,19.9301813374947,3.32683027589791,3.32683027589791,3.32683027589791
3.4071240020408,19.9301805097629,3.4071240020408,3.4071240020408,3.4071240020408
3.22791489632369,19.9301822933283,4.81287739704484,3.22791489632369,4.81287739704484
5.80194367821389,19.9301797173849,3.48001558332653,3.48001558332653,3.48001558332653
5.11154708601308,19.930179189784,3.52658458529193,3.52658458529193,3.52658458529193
3.51419005066671,19.9301793318745,3.51419005066671,3.51419005066671,3.51419005066671
3.58056903990921,19.9301785564705,3.58056903990921,3.58056903990921,3.58056903990921
3.51802294041833,19.9301924976083,2.78105734625212,1.19609484553097,1.19609484553097
3.2804624977045,19.9301817949222,3.2804624977045,3.2804624977045,3.2804624977045
3.76701791283315,19.9301761775721,3.76701791283315,3.76701791283315,3.76701791283315
3.4252092746472,19.9301927032633,1.10328117975984,1.10328117975984,1.10328117975984
3.24566634347747,19.9301821286655,3.24566634347747,3.24566634347747,3.24566634347747
3.16436586468323,19.9301828777778,3.16436586468323,3.16436586468323,3.16436586468323
2.96173151629752,19.9301845710607,2.96173151629752,2.96173151629752,2.96173151629752
10.4997472253312,19.9281073980355,10.4997472253312,10.4997472253312,10.4997472253312
2.46314755745129,19.9301878521065,2.46314755745129,2.46314755745129,2.46314755745129
3.3668803692933,19.9301809303844,3.3668803692933,3.3668803692933,3.3668803692933
3.52571948063062,19.9301791997412,3.52571948063062,3.52571948063062,3.52571948063062
3.14165590239059,19.9301830795967,3.14165590239059,3.14165590239059,3.14165590239059
3.14497326550626,19.9301830503138,3.14497326550626,3.14497326550626,3.14497326550626
3.08492630970139,19.9301835700773,3.08492630970139,3.08492630970139,3.08492630970139
5.00922275334635,19.9301803270644,3.42426025262519,3.42426025262519,3.42426025262519
3.05135459543574,19.9301838513811,3.05135459543574,3.05135459543574,3.05135459543574
3.12876532163421,19.9301831927473,3.12876532163421,3.12876532163421,3.12876532163421
4.58897817064954,19.930184237083,3.00401566992839,3.00401566992839,3.00401566992839
3.36185370757436,19.9301809821029,3.36185370757436,3.36185370757436,3.36185370757436
3.00919174194365,19.9301841955237,3.00919174194365,3.00919174194365,3.00919174194365
4.88930681973882,19.9301815607924,4.88930681973882,3.30434431901766,3.30434431901766
4.42972739608779,19.9301647366273,4.42972739608779,4.42972739608779,4.42972739608779
3.18208161259374,19.9301827181208,3.18208161259374,3.18208161259374,3.18208161259374
3.32578738469641,19.9301813479454,3.32578738469641,3.32578738469641,3.32578738469641
4.40235236004798,19.9301653204989,4.40235236004798,4.40235236004798,4.40235236004798
2.83002628824435,19.9301855507533,2.83002628824435,2.83002628824435,2.83002628824435
5.26623751779813,19.9301847058453,2.94430942291077,2.94430942291077,2.94430942291077
4.64130572302918,19.9301838099934,3.05634322230802,3.05634322230802,3.05634322230802
3.21348351890543,19.9301824291561,3.21348351890543,3.21348351890543,4.79844601962659
3.29385442637222,19.9301816643145,3.29385442637222,3.29385442637222,3.29385442637222
4.86643562333191,19.9301817851081,3.28147312261075,3.28147312261075,3.28147312261075
4.16232177012751,19.9301699921901,4.16232177012751,4.16232177012751,4.16232177012751
3.12551018171232,19.9301832211606,3.12551018171232,3.12551018171232,3.12551018171232
4.61702934633326,19.9301840100606,3.0320668456121,3.0320668456121,3.0320668456121
3.3222587382231,19.9301813832499,3.3222587382231,3.3222587382231,3.3222587382231
3.31744249218032,19.9301814312978,3.31744249218032,3.31744249218032,3.31744249218032
4.44518420922333,19.930164402028,4.44518420922333,4.44518420922333,4.44518420922333
3.3676850672405,19.9301809188511,4.95264756796165,3.3676850672405,4.95264756796165
3.23029808343616,19.9301822700474,3.23029808343616,3.23029808343616,5.55222617832352
5.22416755179207,19.9301778412001,3.63920505107091,3.63920505107091,3.63920505107091
3.36896755896905,19.9301809088566,3.36896755896905,3.36896755896905,3.36896755896905
3.2957250750396,19.930181645974,3.2957250750396,3.2957250750396,3.2957250750396
3.56012148313431,19.9301787991414,3.56012148313431,3.56012148313431,3.56012148313431
3.4007042674626,19.9301805761809,3.4007042674626,3.4007042674626,4.98566676818376
3.37494765072031,19.9301808470038,3.37494765072031,3.37494765072031,3.37494765072031
7.90229046041601,19.9298509426648,7.90229046041601,7.90229046041601,7.90229046041601
3.81681992655112,19.930175488377,3.81681992655112,3.81681992655112,3.81681992655112
3.42453931889082,19.9301803240711,3.42453931889082,3.42453931889082,3.42453931889082
3.3560753929584,19.9301810413328,3.3560753929584,3.3560753929584,3.3560753929584
3.68612937100351,19.9301772474801,3.68612937100351,6.49348429306111,3.68612937100351
3.43412226688377,19.9301802209322,3.43412226688377,3.43412226688377,3.43412226688377
3.47066815472603,19.9301798212491,3.47066815472603,3.47066815472603,3.47066815472603
3.1487336479933,19.9301830148516,4.73369614871445,3.1487336479933,4.73369614871445
3.35394769808345,19.9301810630828,3.35394769808345,3.35394769808345,3.35394769808345
3.2418362257546,19.9301821649123,3.2418362257546,3.2418362257546,3.2418362257546
3.67601606987577,19.9301773748407,3.67601606987577,3.67601606987577,5.26097857059692
3.3313291324998,19.9301812923251,3.3313291324998,3.3313291324998,3.3313291324998
6.99761228156727,19.9300116040011,6.99761228156727,6.99761228156727,6.99761228156727
3.45433576347467,19.9301800011197,3.45433576347467,3.45433576347467,3.45433576347467
6.27959299101943,19.9300838241884,6.27959299101943,6.27959299101943,6.27959299101943
3.46660759968124,19.9301798661589,3.46660759968124,3.46660759968124,3.46660759968124
3.51627045638685,19.93017930811,3.51627045638685,3.51627045638685,3.51627045638685
5.78124278609692,19.9301165313998,5.78124278609692,5.78124278609692,5.78124278609692
3.82383737636751,19.9301753893381,3.82383737636751,3.82383737636751,3.82383737636751
3.23839778967238,19.9301821948,4.82336029039354,3.23839778967238,4.82336029039354
3.49410245872181,19.9301795595812,3.49410245872181,3.49410245872181,3.49410245872181
4.72799545539851,19.9301830642083,4.72799545539851,3.14303295467736,4.72799545539851
3.62303060842452,19.9301780414161,3.62303060842452,3.62303060842452,3.62303060842452
3.41631405465468,19.9301804120528,3.41631405465468,3.41631405465468,3.41631405465468
3.43807131245455,19.9295956322202,14.6782663664345,3.43807131245455,14.0107715389418
6.01040154807279,19.9301028847976,6.01040154807279,6.01040154807279,6.01040154807279
4.79649172596249,19.9301557450192,4.79649172596249,4.79649172596249,4.79649172596249
3.28338401450464,19.9301817665328,3.28338401450464,3.28338401450464,3.28338401450464
3.39619698521973,19.9301806251336,3.39619698521973,3.39619698521973,3.39619698521973
3.23747136328634,19.9301822061025,3.23747136328634,3.23747136328634,3.23747136328634
3.32830899679291,19.9301813226635,3.32830899679291,3.32830899679291,3.32830899679291
4.29947369182643,19.9301674183173,4.29947369182643,4.29947369182643,4.29947369182643
3.01520346546557,19.9301841470188,4.60016596618673,3.01520346546557,3.01520346546557
5.00649694544056,19.9301803557329,5.00649694544056,3.4215344447194,3.4215344447194
3.46421499063634,19.930179892562,3.46421499063634,3.46421499063634,3.46421499063634
4.77111293911452,19.9301564434811,4.77111293911452,4.77111293911452,4.77111293911452
5.02033398952135,19.9301802074366,3.4353714888002,3.4353714888002,3.4353714888002
3.33610453732108,19.9301812442246,3.33610453732108,3.33610453732108,3.33610453732108
4.97763656763396,19.9301806621437,3.3926740669128,3.3926740669128,3.3926740669128
5.03872854190769,19.9301800073575,3.45376604118654,3.45376604118654,3.45376604118654
3.13238233679706,19.9301831610999,3.13238233679706,3.13238233679706,3.13238233679706
3.13030713523016,19.9301831792667,3.13030713523016,3.13030713523016,3.13030713523016
3.36494496464829,19.9301809503188,3.36494496464829,3.36494496464829,3.36494496464829
3.45975937592447,19.9301799416145,3.45975937592447,3.45975937592447,3.45975937592447
3.22418553610282,19.9301823307136,3.22418553610282,3.22418553610282,3.22418553610282
4.94904481403793,19.9301809591954,3.36408231331677,3.36408231331677,3.36408231331677
4.92150465839234,19.9301521193015,4.92150465839234,4.92150465839234,4.92150465839234
3.23051493317989,19.9301822689574,4.81547743390104,3.23051493317989,4.81547743390104
5.07104933519458,19.9301796495625,3.48608683447342,3.48608683447342,3.48608683447342
3.36114128020944,19.9301809894184,3.36114128020944,3.36114128020944,3.36114128020944
2.99549135863126,19.9301843052016,2.99549135863126,2.99549135863126,2.99549135863126
2.97888833690194,19.930184436728,2.97888833690194,2.97888833690194,2.97888833690194
5.49218383582704,19.9301309240395,5.49218383582704,5.49218383582704,5.49218383582704
3.47403395858109,19.9301797839274,3.47403395858109,3.47403395858109,3.47403395858109
3.2861705809434,19.9301817394011,3.2861705809434,3.2861705809434,3.2861705809434
4.60566364738699,19.9301841025772,3.02070114666584,3.02070114666584,3.02070114666584
3.67645912626694,19.9301773714198,3.67645912626694,6.48381404832454,3.67645912626694
3.13936372671757,19.9301830997909,3.13936372671757,3.13936372671757,3.13936372671757
4.26125548329342,19.9301681603037,4.26125548329342,4.26125548329342,4.26125548329342
3.38885717064375,19.9301807021404,3.38885717064375,3.38885717064375,3.38885717064375
3.56616380063973,19.9301787277891,3.56616380063973,3.56616380063973,3.56616380063973
6.06386417856491,19.9300805863024,6.06386417856491,6.06386417856491,13.2034155309637
3.7308302188234,19.9301766630173,5.31579271954455,3.7308302188234,3.7308302188234
3.00761141921913,19.9301842082281,3.00761141921913,3.00761141921913,3.00761141921913
3.42994523748793,19.9301802659728,3.42994523748793,3.42994523748793,3.42994523748793
3.69695066096295,19.9301771077995,3.69695066096295,3.69695066096295,3.69695066096295
2.98635322614614,19.9301843777796,2.98635322614614,2.98635322614614,2.98635322614614
3.30363120826944,19.9301815681958,3.30363120826944,3.30363120826944,3.30363120826944
3.49215124447787,19.9301795815311,3.49215124447787,3.49215124447787,3.49215124447787
3.23461408226813,19.9301822328557,4.81957658298929,3.23461408226813,3.23461408226813
3.38032093472593,19.9301807912082,3.38032093472593,3.38032093472593,3.38032093472593
3.39479893642149,19.9301806398317,3.39479893642149,3.39479893642149,3.39479893642149
5.03955154633675,19.9301799983458,3.45458904561559,3.45458904561559,3.45458904561559
4.03414731494686,19.9301721861547,4.03414731494686,4.03414731494686,4.03414731494686
3.50370174166182,19.9301794511622,3.50370174166182,3.50370174166182,3.50370174166182
4.30802961237886,19.9301672494986,4.30802961237886,4.30802961237886,4.30802961237886
3.64743283560736,19.9301774076343,3.64743283560736,3.64743283560736,10.1231662665738
3.59697058644648,19.9301783593163,3.59697058644648,3.59697058644648,3.59697058644648
3.5464240496923,19.9301789597889,3.5464240496923,3.5464240496923,3.5464240496923
4.92952089641242,19.9301811586812,3.34455839569126,3.34455839569126,3.34455839569126
3.42851411571867,19.9301802813745,3.42851411571867,3.42851411571867,3.42851411571867
3.65906112714815,19.9301775923218,3.65906112714815,3.65906112714815,3.65906112714815
3.3771365740011,19.9301808242993,3.3771365740011,3.3771365740011,3.3771365740011
3.38526157292343,19.9301807397214,3.38526157292343,3.38526157292343,3.38526157292343
3.34778918811577,19.9301811258567,3.34778918811577,3.34778918811577,3.34778918811577
5.3282316496852,19.93017649794,3.74326914896404,3.74326914896404,3.74326914896404
3.27858349404227,19.9301818119319,3.27858349404227,3.27858349404227,4.86354599476343
5.88637109218007,19.9301673802269,4.30140859145891,4.30140859145891,4.30140859145891
3.81983487924096,19.9301754458853,3.81983487924096,3.81983487924096,3.81983487924096
3.46109461605917,19.9301799269306,3.46109461605917,3.46109461605917,3.46109461605917
3.40553168933134,19.9301805251493,3.40553168933134,3.40553168933134,4.9904941900525
3.27866757738347,19.9301818123356,3.27866757738347,3.27866757738347,3.27866757738347
3.43887507576705,19.9301801695242,3.43887507576705,3.43887507576705,3.43887507576705
3.38740576703074,19.9301807173216,3.38740576703074,3.38740576703074,3.38740576703074
3.4697719316369,19.9301798311722,3.4697719316369,3.4697719316369,3.4697719316369
6.27198452936052,19.9300844131921,6.27198452936052,6.27198452936052,6.27198452936052
4.98408152429801,19.9301805943674,3.39911902357685,3.39911902357685,3.39911902357685
5.01534357893975,19.9301802612792,3.43038107821859,3.43038107821859,3.43038107821859
3.44792356424497,19.9301800711833,3.44792356424497,3.44792356424497,3.44792356424497
3.43134662294285,19.9301802508763,3.43134662294285,3.43134662294285,3.43134662294285
3.43646544600956,19.9301801956087,3.43646544600956,3.43646544600956,3.43646544600956
3.46881231002954,19.9301798417905,3.46881231002954,3.46881231002954,3.46881231002954
3.40507269667117,19.9301805314879,3.40507269667117,3.40507269667117,3.40507269667117
4.03955156139377,19.9301720975327,4.03955156139377,4.03955156139377,4.03955156139377
3.40287155524193,19.9301805547654,3.40287155524193,3.40287155524193,3.40287155524193
3.66659651916747,19.930177496972,3.66659651916747,3.66659651916747,3.66659651916747
3.28040637262892,19.930181795467,3.28040637262892,3.28040637262892,3.28040637262892
3.50199925323673,19.9301794704436,3.50199925323673,3.50199925323673,3.50199925323673
3.41037532004125,19.9301804752655,3.41037532004125,3.41037532004125,3.41037532004125
3.2755318301392,19.9301818425386,4.86049433086035,3.2755318301392,3.2755318301392
3.13949097421733,19.9301830985747,4.72445347493849,3.13949097421733,3.13949097421733
3.43299889126106,19.9301802330583,3.43299889126106,3.43299889126106,3.43299889126106
3.6827874768147,19.9301772904058,3.6827874768147,3.6827874768147,3.6827874768147
7.8878530706488,19.9298543769279,7.8878530706488,7.8878530706488,7.8878530706488
3.04414205616656,19.9301839067371,5.85149697822417,3.04414205616656,3.04414205616656
3.27125915976904,19.9301818827741,3.27125915976904,3.27125915976904,4.8562216604902
4.60397706468247,19.9301607446193,6.18893956540362,4.60397706468247,4.60397706468247
3.55213810272953,19.9301788929582,3.55213810272953,3.55213810272953,3.55213810272953
3.35882831477063,19.9301810099572,4.94379081549178,3.35882831477063,4.94379081549178
3.31057763185702,19.9301814995064,3.31057763185702,3.31057763185702,3.31057763185702
3.3324924087026,19.9301812806226,3.3324924087026,3.3324924087026,3.3324924087026
3.35126300969639,19.9301810904809,3.35126300969639,3.35126300969639,3.35126300969639
4.30768639955572,19.9301672562899,4.30768639955572,4.30768639955572,4.30768639955572
2.98546088691514,19.9301843848032,4.57042338763629,2.98546088691514,2.98546088691514
4.59027629038867,19.9301610800607,4.59027629038867,4.59027629038867,4.59027629038867
6.98731482493706,19.9300125878238,6.98731482493706,6.98731482493706,8.57227732565821
3.69377048614272,19.9301771489578,3.69377048614272,3.69377048614272,3.69377048614272
5.26574855051965,19.930177316066,3.68078604979849,3.68078604979849,3.68078604979849
3.2806028199467,19.9301817935599,3.2806028199467,3.2806028199467,3.2806028199467
3.70081370177012,19.9301770570973,5.28577620249127,3.70081370177012,3.70081370177012
4.15700511822169,19.9301700871228,4.15700511822169,4.15700511822169,4.15700511822169
3.42755046392412,19.9301802914616,5.01251296464527,3.42755046392412,3.42755046392412
3.7516087864128,19.9301763860396,3.7516087864128,3.7516087864128,3.7516087864128
3.70408473750873,19.9301770151385,3.70408473750873,3.70408473750873,3.70408473750873
5.50013546246737,19.9301305654716,5.50013546246737,5.50013546246737,5.50013546246737
3.62912839561011,19.9301779661979,3.62912839561011,3.62912839561011,3.62912839561011
4.8139872584825,19.9301822851798,4.8139872584825,3.22902475776134,3.22902475776134
4.90211715927006,19.9301527023799,4.90211715927006,4.90211715927006,4.90211715927006
5.01063157529766,19.9296034825635,14.6765596102998,3.4256690745765,13.9926744448235
3.13631314659893,19.9301831266169,3.13631314659893,3.13631314659893,3.13631314659893
3.39713991326722,19.9301806152123,3.39713991326722,3.39713991326722,3.39713991326722
5.76874910208547,19.9301172149163,5.76874910208547,5.76874910208547,5.76874910208547
6.01992802227421,19.9301022692064,6.01992802227421,6.01992802227421,6.01992802227421
4.14127364435215,19.9301703659795,4.14127364435215,4.14127364435215,4.14127364435215
3.44213604273657,19.9301801341544,3.44213604273657,3.44213604273657,3.44213604273657
3.36551042842222,19.930180943105,3.36551042842222,3.36551042842222,4.95047292914338
3.51468511332147,19.9301793262225,3.51468511332147,3.51468511332147,3.51468511332147
3.34681919047786,19.9301811357195,3.34681919047786,3.34681919047786,3.34681919047786
3.82592470985892,19.930175359786,3.82592470985892,3.82592470985892,3.82592470985892
3.24731093838586,19.9301821110775,5.56923903327322,3.24731093838586,3.24731093838586
3.4380609844216,19.9301801783417,3.4380609844216,3.4380609844216,3.4380609844216
3.46084018931052,19.9301799297296,3.46084018931052,3.46084018931052,3.46084018931052
3.52302766756356,19.9301792306854,3.52302766756356,3.52302766756356,3.52302766756356
3.64309641008142,19.9301774724398,3.64309641008142,3.64309641008142,10.0860399059301
4.27399447278885,19.9301679151637,4.27399447278885,4.27399447278885,4.27399447278885
6.07122498146749,19.9300801900787,6.07122498146749,6.07122498146749,13.190166054191
3.60288880501435,19.9301782876245,3.60288880501435,3.60288880501435,3.60288880501435
3.3701317329535,19.9301808968355,3.3701317329535,3.3701317329535,3.3701317329535
3.45960050105001,19.9301799433608,3.45960050105001,3.45960050105001,3.45960050105001
3.13243298877863,19.9301831606562,3.13243298877863,3.13243298877863,3.13243298877863
3.31925751122699,19.9301814132096,3.31925751122699,3.31925751122699,3.31925751122699
3.21329600219758,19.930182431997,3.21329600219758,3.21329600219758,3.21329600219758
3.24421517202505,19.9301821404284,5.56614326691242,3.24421517202505,3.24421517202505
4.63413997881075,19.9301838637095,5.8565324001472,3.0491774780896,3.0491774780896
3.02746742640313,19.9301840475876,3.02746742640313,3.02746742640313,3.02746742640313
2.19692886751808,19.9301891913344,2.19692886751808,2.19692886751808,2.19692886751808
2.13605921044212,19.9301894643585,2.13605921044212,2.13605921044212,2.13605921044212
3.44719883311587,19.9301905596077,1.86223633239472,1.86223633239472,1.86223633239472
3.22981029625221,19.9301822780976,3.22981029625221,3.22981029625221,3.22981029625221
2.25407344377457,19.9301889241674,4.57600153866193,2.25407344377457,2.25407344377457
4.32629133811633,19.930190017081,2.00436324322897,2.00436324322897,2.00436324322897
2.95376594977094,19.9301846328877,2.95376594977094,2.95376594977094,2.95376594977094
4.56469355324263,19.9301844300144,4.56469355324263,2.97973105252147,2.97973105252147
3.2509631611063,19.9301820783796,3.2509631611063,3.2509631611063,3.2509631611063
2.18301246843663,19.9301892547744,2.18301246843663,2.18301246843663,2.18301246843663
3.76441206938671,19.9301892621663,5.87988928680665,2.17944956866555,3.76441206938671
2.15299187580983,19.9301893895618,2.15299187580983,2.15299187580983,2.15299187580983
3.14140102557303,19.9301830711303,5.94875594763064,3.14140102557303,4.72636352629419
2.13371252897218,19.9301894746554,2.13371252897218,2.13371252897218,2.13371252897218
1.86598986186987,19.9301905459562,1.86598986186987,1.86598986186987,1.86598986186987
2.79314252070511,19.9301836810069,9.73565702604435,2.79314252070511,2.79314252070511
3.2956683530648,19.9301816465304,3.2956683530648,3.2956683530648,3.2956683530648
1.93105460326564,19.9301903035841,1.93105460326564,1.93105460326564,1.93105460326564
2.00807600311783,19.9301899759961,6.7629635052813,2.00807600311783,2.00807600311783
3.71752211505211,19.9301894795704,4.45448770921831,2.13255961433095,2.13255961433095
3.57391581384417,19.9301786311553,5.15887831456532,3.57391581384417,5.15887831456532
2.25151315457884,19.9301889363597,4.57344124946621,2.25151315457884,2.25151315457884
2.18474469412439,19.9301892462336,4.992099616182,2.18474469412439,2.18474469412439
1.67216352337954,19.9301912064555,1.67216352337954,1.67216352337954,1.67216352337954
1.88454278504005,19.9301904779553,1.88454278504005,1.88454278504005,1.88454278504005
2.00777400854836,19.9301900033934,2.00777400854836,2.00777400854836,2.00777400854836
3.14017830533794,19.9301830926181,3.14017830533794,3.14017830533794,3.14017830533794
2.47255843409577,19.9301878000928,2.47255843409577,2.47255843409577,2.47255843409577
3.51213458725868,19.9301903183555,1.92717208653752,1.92717208653752,1.92717208653752
1.92337667309732,19.9301903327572,1.92337667309732,1.92337667309732,1.92337667309732
3.54446818380015,19.930190180811,3.54446818380015,1.959505683079,7.5742155271942
1.79166400827036,19.9301908097761,1.79166400827036,1.79166400827036,1.79166400827036
3.12196061913858,19.9301832520709,3.12196061913858,3.12196061913858,3.12196061913858
3.18195052074341,19.9301826874309,6.88239023888451,3.18195052074341,3.18195052074341
2.78942383245739,19.9301837190001,9.73193833779663,2.78942383245739,2.78942383245739
1.86100830581259,19.9301905641199,3.44597080653374,1.86100830581259,1.86100830581259
2.19834647618845,19.9301891847145,4.52027457107582,2.19834647618845,2.19834647618845
1.9133875225024,19.9301903704803,1.9133875225024,1.9133875225024,1.9133875225024
2.05818231787248,19.9301897973383,3.64314481859363,2.05818231787248,2.05818231787248
1.92571197431005,19.9301903239004,1.92571197431005,1.92571197431005,1.92571197431005
1.71074364876324,19.9301910819632,1.71074364876324,1.71074364876324,1.71074364876324
3.68964047641014,19.9301896002827,2.10467797568898,2.10467797568898,3.68964047641014
2.55118981405294,19.9301873519794,2.55118981405294,2.55118981405294,2.55118981405294
2.29026164136304,19.9301887496746,2.29026164136304,2.29026164136304,2.29026164136304
3.27945166033049,19.9301808847957,8.83404051200813,3.27945166033049,6.4493766617728
2.18972986964244,19.9301892195328,5.35965487108475,2.18972986964244,4.5116579645298
3.00251043809889,19.9301842490964,4.58747293882005,3.00251043809889,3.00251043809889
2.15435408434143,19.9301893828773,4.96170900639904,2.15435408434143,2.15435408434143
3.41098959879962,19.9301804687391,3.41098959879962,3.41098959879962,3.41098959879962
4.28709497918651,19.9301901720772,1.96516688429915,1.96516688429915,1.96516688429915
4.25005609253204,19.9301903147223,1.92812799764468,1.92812799764468,1.92812799764468
3.05180956780473,19.9301838433194,5.85916448986233,3.05180956780473,3.05180956780473
1.70733488458887,19.9301910931482,3.29229738531003,1.70733488458887,1.70733488458887
1.95902276710696,19.9301901959936,1.95902276710696,1.95902276710696,1.95902276710696
2.03154719110447,19.9301899070862,2.03154719110447,2.03154719110447,2.03154719110447
1.69262170904836,19.9301911408547,1.69262170904836,1.69262170904836,1.69262170904836
3.12588830921595,19.9301832178633,3.12588830921595,3.12588830921595,3.12588830921595
1.99957396000621,19.9301900362461,1.99957396000621,1.99957396000621,1.99957396000621
3.17080172836408,19.9301828200034,3.17080172836408,3.17080172836408,3.17080172836408
3.39427246750433,19.9301907484687,3.39427246750433,1.80930996678317,1.80930996678317
1.90975837242741,19.9301903841209,1.90975837242741,1.90975837242741,1.90975837242741
2.10700274855554,19.9301895906816,2.10700274855554,2.10700274855554,2.10700274855554
2.22819903688818,19.9301890465321,2.22819903688818,2.22819903688818,2.22819903688818
2.15524149702646,19.930189378928,4.96259641908406,2.15524149702646,2.15524149702646
3.16545379192438,19.9301828680296,3.16545379192438,3.16545379192438,3.16545379192438
2.00252199985093,19.9301900244565,2.00252199985093,2.00252199985093,2.00252199985093
2.01015704384352,19.9301899938109,2.01015704384352,2.01015704384352,2.01015704384352
3.28166971524819,19.9301817831982,3.28166971524819,3.28166971524819,3.28166971524819
1.82859965083206,19.9301906803716,1.82859965083206,1.82859965083206,1.82859965083206
1.81336453364999,19.9301907342026,3.39832703437115,1.81336453364999,1.81336453364999
4.93725754783426,19.9301516397299,4.93725754783426,4.93725754783426,4.93725754783426
2.01951795037586,19.930189956016,2.01951795037586,2.01951795037586,2.01951795037586
1.66318057138377,19.9301912349674,1.66318057138377,1.66318057138377,1.66318057138377
2.99146620378884,19.9301843372274,2.99146620378884,2.99146620378884,2.99146620378884
1.92556933582106,19.9301903244418,1.92556933582106,1.92556933582106,1.92556933582106
1.97924129570735,19.9301901169059,1.97924129570735,1.97924129570735,1.97924129570735
2.98429481399458,19.9301843940262,4.56925731471574,2.98429481399458,2.98429481399458
3.59325927307433,19.9301899968796,5.70873649049427,2.00829677235317,2.00829677235317
5.16363241299722,19.9301785753085,3.57866991227607,3.57866991227607,5.16363241299722
2.99063956280721,19.9301843437527,4.57560206352836,2.99063956280721,2.99063956280721
2.19470589591425,19.9301892015092,2.19470589591425,2.19470589591425,2.19470589591425
2.91058337543251,19.930184962184,2.91058337543251,2.91058337543251,2.91058337543251
1.6047585852932,19.9301914161296,1.6047585852932,1.6047585852932,1.6047585852932
3.00789017389575,19.9301842059421,4.59285267461691,3.00789017389575,3.00789017389575
2.04117913429531,19.9301898676124,2.04117913429531,2.04117913429531,2.04117913429531
1.59869274427007,19.9301914345224,1.59869274427007,1.59869274427007,1.59869274427007
1.86514788546248,19.9301905490752,3.45011038618363,1.86514788546248,1.86514788546248
3.53131854179979,19.9301902449796,1.94635604107863,1.94635604107863,1.94635604107863
1.90257053762429,19.9301904110362,1.90257053762429,1.90257053762429,1.90257053762429
1.91153920953747,19.9301903774317,1.91153920953747,1.91153920953747,1.91153920953747
1.96902876813222,19.9301901569922,1.96902876813222,1.96902876813222,1.96902876813222
2.13884211678673,19.9301894521258,2.13884211678673,2.13884211678673,2.13884211678673
2.88230508349119,19.9301851725455,2.88230508349119,2.88230508349119,2.88230508349119
2.11682795167394,19.9301895481651,4.4387560465613,2.11682795167394,2.11682795167394
4.10518834149609,19.9301918176023,1.78326024660873,1.78326024660873,1.78326024660873
2.9574852197151,19.9301846040311,4.54244772043626,2.9574852197151,2.9574852197151
3.40507269667117,19.9301805314879,3.40507269667117,3.40507269667117,3.40507269667117
1.82495226236942,19.9301906932982,1.82495226236942,1.82495226236942,1.82495226236942
2.11312469035981,19.9301895329005,6.86801219252328,2.11312469035981,2.11312469035981
3.5339032188668,19.9301902350188,1.94894071814564,1.94894071814564,1.94894071814564
1.96709653400372,19.9301901645448,1.96709653400372,1.96709653400372,1.96709653400372
2.98958398823606,19.9301843521724,2.98958398823606,2.98958398823606,2.98958398823606
2.0852081450315,19.9301896837778,2.0852081450315,2.0852081450315,2.0852081450315
3.27757489184046,19.9301818229256,3.27757489184046,3.27757489184046,3.27757489184046
2.10311366157148,19.930189607317,4.42504175645885,2.10311366157148,2.10311366157148
2.18164914739974,19.9301892609565,2.18164914739974,2.18164914739974,2.18164914739974
4.24784856620642,19.9301903231089,1.92592047131906,1.92592047131906,1.92592047131906
3.17509090228724,19.9301914603597,1.59012840156609,1.59012840156609,1.59012840156609
3.63476166985697,19.9301898320614,2.04979916913582,2.04979916913582,2.04979916913582
2.95244634670286,19.9301846430677,4.53740884742401,2.95244634670286,2.95244634670286
1.91425813688597,19.9301903672029,1.91425813688597,1.91425813688597,1.91425813688597
3.11276241263109,19.9301833165337,5.92011733468869,3.11276241263109,5.43469050751845
1.9645806016327,19.9301901743637,1.9645806016327,1.9645806016327,1.9645806016327
2.98600995344416,19.9301843804971,2.98600995344416,2.98600995344416,2.98600995344416
3.2832985043664,19.9301806146592,9.0112189589296,3.2832985043664,6.45322350580872
2.0535709543592,19.9301898164388,2.0535709543592,2.0535709543592,2.0535709543592
3.17290999964951,19.9301828009102,4.75787250037067,3.17290999964951,3.17290999964951
3.46726757408573,19.9301904862035,1.88230507336457,1.88230507336457,1.88230507336457
1.8344691409991,19.930190659501,1.8344691409991,1.8344691409991,1.8344691409991
3.10471525416293,19.9301834011694,3.10471525416293,3.10471525416293,3.10471525416293
3.09537915251257,19.9301834810686,4.68034165323373,3.09537915251257,3.09537915251257
4.5803386989428,19.9301843061191,2.99537619822165,2.99537619822165,2.99537619822165
1.913420161062,19.9301903703575,1.913420161062,1.913420161062,1.913420161062
3.58147918121375,19.9301900484471,1.99651668049259,1.99651668049259,1.99651668049259
3.18064931974176,19.9301914436083,1.5956868190206,1.5956868190206,1.5956868190206
2.22183934831731,19.9301890762908,3.80680184903847,2.22183934831731,2.22183934831731
2.14632790384997,19.9301894142543,5.60575952248727,2.14632790384997,3.73129040457113
1.9320681959113,19.9301902995653,1.9320681959113,1.9320681959113,3.51703069663246
2.29806678846052,19.930188711429,2.29806678846052,2.29806678846052,2.29806678846052
1.713724649576,19.9301910722046,1.713724649576,1.713724649576,1.713724649576
2.12909375471137,19.9301894948731,2.12909375471137,2.12909375471137,2.12909375471137
1.72432621231158,19.9301910373359,1.72432621231158,1.72432621231158,1.72432621231158
3.14625120667165,19.9301830374038,5.46817930155902,3.14625120667165,3.14625120667165
1.96659976928436,19.9301901664849,1.96659976928436,1.96659976928436,1.96659976928436
1.94838328409385,19.9301902371685,1.94838328409385,1.94838328409385,1.94838328409385
2.35577967771089,19.9301884218218,2.35577967771089,2.35577967771089,3.94074217843205
3.63076119689588,19.9301898486946,3.63076119689588,2.04579869617472,2.04579869617472
3.58409766038017,19.9301900381062,3.58409766038017,1.99913515965901,1.99913515965901
2.15530582413937,19.930189379272,2.15530582413937,2.15530582413937,2.15530582413937
3.4071750473084,19.9301907029865,1.82221254658725,1.82221254658725,1.82221254658725
3.04595374164373,19.9301838947313,5.36788183653109,3.04595374164373,3.04595374164373
3.1178179246458,19.9301832777764,5.9251728467034,3.1178179246458,4.70278042536696
2.22483341602606,19.9301890623225,3.80979591674721,2.22483341602606,2.22483341602606
3.93740496329999,19.9301884385834,2.35244246257883,2.35244246257883,3.93740496329999
2.02043161198006,19.9301899523139,2.02043161198006,2.02043161198006,2.02043161198006
2.99941229213582,19.930184273919,2.99941229213582,2.99941229213582,2.99941229213582
4.63454644819672,19.9301838660367,3.04958394747556,3.04958394747556,3.04958394747556
3.29102472385708,19.9301816920129,3.29102472385708,3.29102472385708,3.29102472385708
2.14243350526628,19.9301894314906,5.60186512390357,2.14243350526628,3.72739600598743
1.90873863891216,19.9301903879476,1.90873863891216,1.90873863891216,1.90873863891216
1.89307788485411,19.9301904463772,1.89307788485411,1.89307788485411,1.89307788485411
2.22863213639629,19.9301890445045,2.22863213639629,2.22863213639629,2.22863213639629
1.83511820310772,19.9301906571879,1.83511820310772,1.83511820310772,1.83511820310772
2.08767358861508,19.930189673317,2.08767358861508,2.08767358861508,2.08767358861508
1.8311870954101,19.9301906711817,1.8311870954101,1.8311870954101,1.8311870954101
1.9283808155124,19.930190313606,1.9283808155124,1.9283808155124,3.51334331623356
3.05435049950946,19.930183826543,3.05435049950946,3.05435049950946,3.05435049950946
3.09990345514008,19.9301834424538,3.09990345514008,3.09990345514008,3.09990345514008
2.28373554358269,19.9301887814944,2.28373554358269,2.28373554358269,2.28373554358269
3.25418367897782,19.930182047715,3.25418367897782,3.25418367897782,3.25418367897782
3.23575631578398,19.9301822222529,3.23575631578398,3.23575631578398,3.23575631578398
1.92124203071924,19.9301903408404,1.92124203071924,1.92124203071924,1.92124203071924
3.18633437852865,19.9301826473811,6.88677409666974,3.18633437852865,3.18633437852865
2.10497613314678,19.9301895993978,2.10497613314678,2.10497613314678,2.10497613314678
3.15664444739244,19.930182916237,6.85708416553353,3.15664444739244,3.15664444739244
4.02487462179233,19.9301911075374,3.28790902762612,1.70294652690496,1.70294652690496
3.17985521055226,19.9301827381787,4.76481771127341,3.17985521055226,3.17985521055226
2.87826469257727,19.9301852022667,2.87826469257727,2.87826469257727,2.87826469257727
2.00456021397035,19.9301899854067,6.86254120909792,2.00456021397035,2.00456021397035
2.9723455939312,19.9301844881091,4.55730809465236,2.9723455939312,2.9723455939312
3.26754597499229,19.9301911731593,1.68258347427113,1.68258347427113,1.68258347427113
2.46975591749565,19.9301878156177,2.46975591749565,2.46975591749565,2.46975591749565
2.01389645391788,19.9301899787424,2.01389645391788,2.01389645391788,2.01389645391788
4.13459579026292,19.9301873610889,2.54963328954177,2.54963328954177,2.54963328954177
1.96326232181545,19.9301901652175,1.96326232181545,1.96326232181545,7.63568766378695
3.32099782898632,19.9301909986246,3.32099782898632,1.73603532826516,1.73603532826516
2.01588075959594,19.9301899707304,2.01588075959594,2.01588075959594,2.01588075959594
4.73754337307437,19.9301829475614,6.8530205904943,3.15258087235321,3.15258087235321
2.09902463189092,19.9301895886189,6.95700562701849,2.09902463189092,2.09902463189092
2.12655656477878,19.9301895059516,2.12655656477878,2.12655656477878,2.12655656477878
3.09839377719063,19.9301834552995,4.68335627791178,3.09839377719063,3.09839377719063
1.92231443055189,19.9301903367811,1.92231443055189,1.92231443055189,1.92231443055189
1.93166046987268,19.9301903012754,1.93166046987268,1.93166046987268,1.93166046987268
2.10753785206817,19.9301895883782,2.10753785206817,2.10753785206817,2.10753785206817
3.14346674757137,19.9301830636204,3.14346674757137,3.14346674757137,3.14346674757137
2.91698220842047,19.9301849140085,2.91698220842047,2.91698220842047,2.91698220842047
2.95575882385737,19.9301846174514,2.95575882385737,2.95575882385737,2.95575882385737
2.01779762089071,19.9301899629803,2.01779762089071,2.01779762089071,2.01779762089071
2.02172109285371,19.9301899466368,4.82907601491132,2.02172109285371,2.02172109285371
2.99295995065211,19.9301843253529,2.99295995065211,2.99295995065211,2.99295995065211
1.82949241087382,19.9301906772026,1.82949241087382,1.82949241087382,1.82949241087382
4.94622255085152,19.9301513644574,4.94622255085152,4.94622255085152,4.94622255085152
3.40227088165728,19.9301907202829,1.81730838093612,1.81730838093612,1.81730838093612
3.87021769280301,19.9301887740978,2.28525519208185,2.28525519208185,2.28525519208185
-0.869825649181752,19.9301950111616,1.45210244570561,-0.869825649181752,-0.869825649181752
1.0263335647772,19.9301948212785,1.0263335647772,-0.558628935943954,1.0263335647772
-0.805092468749681,19.9301949749669,1.51683562613768,-0.805092468749681,-0.805092468749681
1.48339249590223,19.9301944565757,3.06835499662339,-0.101570004818925,-0.101570004818925
-0.0027407564339544,19.9301953203633,1.5822217442872,-1.58770325715511,-1.58770325715511
-0.78693838469461,19.9301949644731,3.85691780508011,-0.78693838469461,0.798024116026546
0.0525620912171186,19.930195219715,8.59042758530363,2.71552710393955,5.20906657689711
1.31927807640066,19.9301952860969,1.97135477298035,-1.48807684565694,-1.48807684565694
-0.718130179063204,19.930194923684,-0.718130179063204,-0.718130179063204,-0.718130179063204
0.748931905624096,19.9301953154685,3.07086000051146,-1.57299618926327,0.748931905624096
2.20690244890331,19.9301948493033,3.30643812245422,-0.600452473154299,-0.600452473154299
-0.686482258667156,19.9301949043148,3.22040833694136,-0.686482258667156,-0.686482258667156
0.876164945881555,19.9301952637941,6.40598589241025,0.139199351715349,-1.44576314900581
-1.19083427564601,19.93019516852,1.97909072579631,-1.19083427564601,-1.19083427564601
-0.619769312154393,19.9301948619293,3.0806704059867,-0.619769312154393,-0.619769312154393
0.547274902261143,19.9301950978195,2.1322374029823,-1.03768759846001,-1.03768759846001
-0.409256268719272,19.9301954381454,2.52934318661658,-1.99421876944043,-1.99421876944043
-0.0564665928028939,19.9301953378832,1.16592582853355,-1.64142909352405,-1.64142909352405
0.725454327826203,19.9301950055261,2.84093154524614,-0.859508172894954,1.46241992199241
1.64187761734618,19.9301949002966,1.64187761734618,-0.680050477541186,-0.680050477541186
0.0578906444228029,19.9301952856502,6.80831849839557,1.64285314514396,4.66275270258166
-1.07286911280209,19.9301951133072,5.03565534397607,-1.07286911280209,3.45069284325492
-1.25185902283612,19.9301951946355,0.333103477885034,-1.25185902283612,0.333103477885034
-0.798946938342912,19.9301949714318,0.786015562378244,-0.798946938342912,-0.798946938342912
-0.88956074678486,19.9301950214553,4.46799125783322,-0.88956074678486,2.28036425465745
0.811620678424078,19.9301952939637,2.57715542478705,-1.51030741646328,-1.51030741646328
-0.507426245292833,19.9301947859232,1.07753625542832,-0.507426245292833,-0.507426245292833
-1.63306937741453,19.9301953352263,2.45439346383581,-1.63306937741453,-1.63306937741453
-0.0189270096296086,19.9301953256942,3.35030680003611,-0.0189270096296086,2.64403800309282
1.51799457575887,19.9301952101746,0.29560215442242,-1.28936034629874,-1.28936034629874
2.06018274382346,19.9301945977018,1.32321714965726,-0.2617453510639,-0.2617453510639
0.887278561208459,19.9301952667082,2.02478208495839,-1.4346495336789,-1.4346495336789
-0.974621074234254,19.9301950664384,2.48481054440304,-0.974621074234254,1.83273384782335
0.844246229737485,19.9301949372939,-0.740716270983671,-0.740716270983671,-0.740716270983671
-1.32788825728293,19.9301952257537,2.57900233832559,-1.32788825728293,0.257074243438229
-0.263250148607792,19.9301945989789,2.90667485283452,-0.263250148607792,-0.263250148607792
0.617568357683767,19.930195062743,1.35453395184997,-0.967394143037389,-0.967394143037389
-1.33848782298825,19.9301952299312,1.46886709906935,-1.33848782298825,-1.33848782298825
-0.896756053853231,19.9301950257693,2.27316894758908,-0.896756053853231,-0.896756053853231
-0.802615904261458,19.9301949412289,7.34204233857042,-0.802615904261458,3.95227159790201
0.316205491726604,19.9301938223079,12.4186405465488,6.75914898757533,8.80725686809072
0.731176928995736,19.930195001768,4.63806752460425,-0.853785571725421,1.95356935033218
2.33838964591803,19.9301947585829,2.70095972530274,-0.46896527613957,1.11599722458159
-0.430250525584331,19.9301947302426,3.47664007002419,-0.430250525584331,-0.430250525584331
1.17380019320913,19.9301947159866,1.91076578737534,-0.411162307512023,-0.411162307512023
0.0163899108117919,19.9301953139606,3.38562372047751,-1.56857258990936,0.753355504977998
0.793200684849846,19.9301953003621,2.9948345460195,-1.52872741003752,2.55873543121282
-0.809073895222517,19.9301949772265,0.775888605498639,-0.809073895222517,-0.809073895222517
0.142337868338736,19.9301942080142,4.8972253705022,0.142337868338736,2.4642659632261
0.289306007052006,19.9301952127854,2.40478322447194,-1.29565649366915,-1.29565649366915
2.23301101926494,19.9301944447349,2.23301101926494,-0.0889170756224188,-0.0889170756224188
1.12342215991624,19.9301951718942,2.50193378316997,-1.19850593497112,-1.19850593497112
1.03355001774413,19.930195209785,1.03355001774413,-1.28837807714323,-1.28837807714323
0.715400806797995,19.9301950109874,-0.869561693923161,-0.869561693923161,-0.869561693923161
-1.43043806032742,19.9301952651013,0.154524440393731,-1.43043806032742,-1.43043806032742
1.47717440727383,19.9301944623102,1.47717440727383,-0.107788093447327,-0.107788093447327
2.39890434582986,19.9301951088881,2.84636332280108,-1.06052727280744,-1.06052727280744
-1.27697346402063,19.9301952050937,1.04495463086673,-1.27697346402063,-1.27697346402063
-1.49486435134321,19.9301952856854,5.56041808415798,0.82706374354415,3.54952976801524
0.958247039448089,19.9301952393683,4.46920895872547,-1.36368105543927,2.33675866270182
6.32032473216651,19.9300806175902,6.32032473216651,6.32032473216651,6.32032473216651
6.01189106027559,19.9301021056513,8.8192459823332,6.01189106027559,6.01189106027559
6.36557016354306,19.9300769478818,6.36557016354306,6.36557016354306,6.36557016354306
5.72837829665235,19.9301193513737,7.31334079737351,5.72837829665235,5.72837829665235
9.42836050751532,19.9292023870722,9.42836050751532,9.42836050751532,9.42836050751532
5.22726569829938,19.9301418074213,5.22726569829938,5.22726569829938,5.22726569829938
6.52399104720788,19.9300631527104,6.52399104720788,6.52399104720788,6.52399104720788
5.4040634109608,19.9301346686018,7.72599150584816,5.4040634109608,5.4040634109608
5.67900943704736,19.9301219543135,5.67900943704736,5.67900943704736,5.67900943704736
6.91478107888426,19.9300218822169,6.91478107888426,6.91478107888426,6.91478107888426
6.72623638742825,19.9300431899161,6.72623638742825,6.72623638742825,6.72623638742825
17.3456907438264,19.6676188387138,17.3456907438264,17.3456907438264,17.3456907438264
5.54298533220955,19.9301275837941,9.00241695084685,5.54298533220955,5.54298533220955
6.39930205050266,19.9300741361246,6.39930205050266,6.39930205050266,6.39930205050266
5.63557518750635,19.9301241444525,5.63557518750635,5.63557518750635,5.63557518750635
5.47937129848845,19.9301314976617,5.47937129848845,5.47937129848845,5.47937129848845
4.49798022286686,19.9301632317158,4.49798022286686,4.49798022286686,4.49798022286686
5.45953676579783,19.9301320948085,8.26689168785544,5.45953676579783,5.45953676579783
5.83975268207693,19.9301132504173,5.83975268207693,5.83975268207693,5.83975268207693
6.34382523636311,19.9300786344291,7.92878773708427,6.34382523636311,6.34382523636311
5.79256416472238,19.9301157177368,8.11449225960974,5.79256416472238,5.79256416472238
6.04411839622585,19.9301006876585,6.04411839622585,6.04411839622585,6.04411839622585
6.5464917641261,19.9300610675904,6.5464917641261,6.5464917641261,6.5464917641261
4.61108780743352,19.9301600918523,8.51797840304204,4.61108780743352,4.61108780743352
5.11411223746555,19.930145880414,5.11411223746555,5.11411223746555,5.11411223746555
5.60601538700977,19.9301255977174,5.60601538700977,5.60601538700977,5.60601538700977
6.21982003336974,19.9300883688789,6.21982003336974,6.21982003336974,6.21982003336974
6.9518428722121,19.9300170466803,6.9518428722121,6.9518428722121,8.53680537293326
5.2257518522594,19.9301418640478,5.2257518522594,5.2257518522594,5.2257518522594
6.87254278174431,19.9300269005432,6.87254278174431,6.87254278174431,6.87254278174431
6.03329599532445,19.930101398498,6.03329599532445,6.03329599532445,6.03329599532445
8.3565495126877,19.9297232973742,8.3565495126877,8.3565495126877,8.3565495126877
6.50839418943874,19.9300645790887,6.50839418943874,6.50839418943874,6.50839418943874
7.12082997433743,19.9299951797093,7.12082997433743,7.12082997433743,7.12082997433743
5.05013411954265,19.9301480458214,5.05013411954265,5.05013411954265,5.05013411954265
6.67841782415033,19.9300481655618,6.67841782415033,6.67841782415033,6.67841782415033
4.81971256759887,19.9301550950928,4.81971256759887,4.81971256759887,4.81971256759887
6.12586326547812,19.9300951426887,6.12586326547812,6.12586326547812,6.12586326547812
6.53332373575672,19.9300622918045,6.53332373575672,6.53332373575672,6.53332373575672
6.04031181031849,19.9301009382918,6.04031181031849,6.04031181031849,6.04031181031849
4.89746135312361,19.9301528412401,4.89746135312361,4.89746135312361,4.89746135312361
6.68702209939621,19.9300472823904,6.68702209939621,6.68702209939621,6.68702209939621
6.28859579873617,19.9300831232178,6.28859579873617,6.28859579873617,6.28859579873617
5.88768157633243,19.9301104618331,5.88768157633243,5.88768157633243,5.88768157633243
6.37824749774449,19.9300758988532,6.37824749774449,6.37824749774449,6.37824749774449
7.72807255840388,19.9298901750718,7.72807255840388,7.72807255840388,7.72807255840388
5.57525787872502,19.9301270785841,5.57525787872502,5.57525787872502,5.57525787872502
6.15129751906914,19.9300933523368,6.15129751906914,6.15129751906914,6.15129751906914
6.96296988369229,19.9300159745554,6.96296988369229,6.96296988369229,6.96296988369229
6.31203997030998,19.9300812771618,6.31203997030998,6.31203997030998,6.31203997030998
6.25578302790478,19.9300856571169,6.25578302790478,6.25578302790478,6.25578302790478
5.76796199137218,19.9301172577804,5.76796199137218,5.76796199137218,5.76796199137218
6.09513249561781,19.9300972641794,6.09513249561781,6.09513249561781,6.09513249561781
6.86612703989456,19.9300276500235,6.86612703989456,6.86612703989456,6.86612703989456
7.35276742079713,19.9299601864842,7.35276742079713,7.35276742079713,7.35276742079713
6.5120799093408,19.9300642434091,6.5120799093408,6.5120799093408,6.5120799093408
5.71133003369037,19.9301202812431,5.71133003369037,5.71133003369037,5.71133003369037
6.14229343447138,19.9300939897591,6.14229343447138,6.14229343447138,6.14229343447138
4.60496069268494,19.9301607248581,4.60496069268494,4.60496069268494,4.60496069268494
4.7439268466023,19.9301571781769,4.7439268466023,4.7439268466023,4.7439268466023
5.43296768339312,19.9301334285715,7.75489577828048,5.43296768339312,5.43296768339312
5.91216969941347,19.9301090009093,5.91216969941347,5.91216969941347,5.91216969941347
6.50576728541594,19.930064817813,6.50576728541594,6.50576728541594,6.50576728541594
6.86007517446188,19.9300283539474,6.86007517446188,6.86007517446188,6.86007517446188
6.59536413732903,19.9300564250229,6.59536413732903,6.59536413732903,6.59536413732903
4.16557048669399,19.9301570340888,10.8520710138772,4.16557048669399,4.16557048669399
5.76215068069599,19.9301175735274,5.76215068069599,5.76215068069599,5.76215068069599
6.24829878186953,19.9300862270447,6.24829878186953,6.24829878186953,6.24829878186953
5.08323645294998,19.9301469374297,5.08323645294998,5.08323645294998,5.08323645294998
5.93601934285221,19.9301075540387,5.93601934285221,5.93601934285221,5.93601934285221
6.41498900382263,19.9300728059553,6.41498900382263,6.41498900382263,6.41498900382263
5.79593008321707,19.9301157202664,5.79593008321707,5.79593008321707,5.79593008321707
5.34711314414758,19.9301371305052,5.34711314414758,5.34711314414758,5.34711314414758
6.28927327949794,19.9300830702911,6.28927327949794,6.28927327949794,6.28927327949794
5.5317194254639,19.9301291215583,5.5317194254639,5.5317194254639,5.5317194254639
6.08215988540394,19.930098087353,7.6671223861251,6.08215988540394,6.08215988540394
6.72013360619985,19.9300438341457,6.72013360619985,6.72013360619985,6.72013360619985
5.24391424878753,19.9301411807336,5.24391424878753,5.24391424878753,5.24391424878753
4.95434791699616,19.930151113484,4.95434791699616,4.95434791699616,4.95434791699616
5.53412636948547,19.930129010219,5.53412636948547,5.53412636948547,5.53412636948547
6.43284314367305,19.9300712743152,6.43284314367305,6.43284314367305,6.43284314367305
5.90973682327847,19.9301091471629,5.90973682327847,5.90973682327847,5.90973682327847
5.17886106294129,19.9301435889294,5.17886106294129,5.17886106294129,5.17886106294129
4.3729710640517,19.9301654916959,8.46043390530204,4.3729710640517,4.3729710640517
5.19326552865172,19.9301430650133,5.19326552865172,5.19326552865172,5.19326552865172
6.28611433788232,19.9300832338046,7.87107683860348,6.28611433788232,6.28611433788232
4.80809588263814,19.930155421539,4.80809588263814,4.80809588263814,4.80809588263814
6.54298647525743,19.9300613945646,6.54298647525743,6.54298647525743,6.54298647525743
6.55081769029994,19.93006066297,6.55081769029994,6.55081769029994,6.55081769029994
6.53734201510404,19.9300619194145,6.53734201510404,6.53734201510404,6.53734201510404
6.07474347524369,19.9300986469962,6.07474347524369,6.07474347524369,6.07474347524369
5.21198413588147,19.9301423763213,5.21198413588147,5.21198413588147,5.21198413588147
5.53065064501282,19.9301288557445,8.33800556707043,5.53065064501282,5.53065064501282
6.51155280108081,19.9300642914685,6.51155280108081,6.51155280108081,6.51155280108081
6.00705422588032,19.9301031001349,6.00705422588032,6.00705422588032,6.00705422588032
4.76019260374537,19.9301567402645,4.76019260374537,4.76019260374537,4.76019260374537
5.56770412407645,19.9301274374674,5.56770412407645,5.56770412407645,5.56770412407645
6.53895246583443,19.9300617698761,6.53895246583443,6.53895246583443,6.53895246583443
6.35323935970471,19.9300779594293,6.35323935970471,6.35323935970471,6.35323935970471
6.5548850606252,19.930060281425,6.5548850606252,6.5548850606252,6.5548850606252
3.72753622573967,19.9301766268293,7.42797594388076,3.72753622573967,3.72753622573967
6.30791536224979,19.9300816041229,6.30791536224979,6.30791536224979,6.30791536224979
5.54271706204314,19.9301286113169,5.54271706204314,5.54271706204314,5.54271706204314
6.44814441064648,19.9300699465071,6.44814441064648,6.44814441064648,6.44814441064648
6.07066119808194,19.9300989215224,6.07066119808194,6.07066119808194,6.07066119808194
5.35430216365643,19.9301368207426,6.93926466437758,5.35430216365643,5.35430216365643
5.87085149976205,19.9301114516071,5.87085149976205,5.87085149976205,5.87085149976205
6.36057772210936,19.9300773584746,6.36057772210936,6.36057772210936,6.36057772210936
5.68553479644547,19.9301216195426,5.68553479644547,5.68553479644547,5.68553479644547
5.19358256966857,19.9301430534231,5.19358256966857,5.19358256966857,5.19358256966857
4.00747195603295,19.9301724906515,7.70791167417404,4.00747195603295,4.00747195603295
6.37993022173541,19.9300757589162,6.37993022173541,6.37993022173541,6.37993022173541
4.780290017299,19.9301561923314,4.780290017299,4.780290017299,4.780290017299
5.278359380177,19.9301398609547,5.278359380177,5.278359380177,5.278359380177
4.76395431274448,19.9301566326464,6.34891681346564,4.76395431274448,4.76395431274448
5.3790885000895,19.9301358156355,5.3790885000895,5.3790885000895,5.3790885000895
4.77016455765869,19.9301541174427,9.52505205982216,4.77016455765869,4.77016455765869
6.66810123381133,19.9300492175698,6.66810123381133,6.66810123381133,6.66810123381133
6.84971165958713,19.9300295525443,6.84971165958713,6.84971165958713,6.84971165958713
5.35891729405449,19.9301366484928,5.35891729405449,5.35891729405449,5.35891729405449
4.81734916311983,19.9301551617212,4.81734916311983,4.81734916311983,4.81734916311983
13.2023012345028,19.9165467521689,13.2023012345028,13.2023012345028,13.2023012345028
5.03187793016078,19.9301486463141,5.03187793016078,5.03187793016078,5.03187793016078
5.83232842372327,19.930113674146,5.83232842372327,5.83232842372327,5.83232842372327
5.48362922163009,19.9301310155336,8.29098414368769,5.48362922163009,5.48362922163009
4.11451229554866,19.9301707740064,7.28443729699097,4.11451229554866,4.11451229554866
5.72638914278235,19.9301194888171,5.72638914278235,5.72638914278235,5.72638914278235
6.65436256652053,19.9300506069054,6.65436256652053,6.65436256652053,6.65436256652053
4.50673066097923,19.9301420674319,11.164942143731,4.50673066097923,4.50673066097923
5.83381022205923,19.9301135897487,5.83381022205923,5.83381022205923,5.83381022205923
6.50288320482024,19.9300650794085,6.50288320482024,6.50288320482024,6.50288320482024
8.09493563223615,19.9298016705982,8.09493563223615,8.09493563223615,8.09493563223615
8.37656741884426,19.9297166944428,8.37656741884426,8.37656741884426,8.37656741884426
7.86612736033291,19.9298594805298,7.86612736033291,7.86612736033291,7.86612736033291
8.0698854830164,19.9298084558782,8.0698854830164,8.0698854830164,8.0698854830164
8.13172476915956,19.9297914895226,8.13172476915956,8.13172476915956,8.13172476915956
6.95721635509807,19.9300166903225,6.95721635509807,6.95721635509807,6.95721635509807
11.9515792004799,19.9231227544307,11.9515792004799,11.9515792004799,14.2735072953673
7.94080197491929,19.9298416118817,7.94080197491929,7.94080197491929,7.94080197491929
7.84140819111426,19.9298651946005,7.84140819111426,7.84140819111426,7.84140819111426
7.98694910080001,19.9298300979591,7.98694910080001,7.98694910080001,7.98694910080001
7.72196202143304,19.9298914669447,7.72196202143304,7.72196202143304,7.72196202143304
8.3358720834441,19.9297300223023,8.3358720834441,8.3358720834441,8.3358720834441
6.86544841089643,19.9300227840456,10.0353734123387,6.86544841089643,6.86544841089643
7.75527071081726,19.9298843580532,7.75527071081726,7.75527071081726,7.75527071081726
7.31089328057257,19.9299669273903,7.31089328057257,7.31089328057257,7.31089328057257
7.17197298122267,19.9299879397179,7.17197298122267,7.17197298122267,7.17197298122267
7.90367301509618,19.9298506119854,7.90367301509618,7.90367301509618,7.90367301509618
8.18284276857021,19.9297769049425,8.18284276857021,8.18284276857021,8.18284276857021
7.61617963487084,19.9299129851347,7.61617963487084,7.61617963487084,7.61617963487084
7.06060232328105,19.9300033830591,7.06060232328105,7.06060232328105,7.06060232328105
7.96146659888462,19.9297733933154,11.6619063170257,7.96146659888462,7.96146659888462
7.80995743519559,19.9298712206479,7.80995743519559,7.80995743519559,9.39491993591674
8.16947664322167,19.929780768508,8.16947664322167,8.16947664322167,8.16947664322167
7.36557039003974,19.9299580860924,7.36557039003974,7.36557039003974,7.36557039003974
7.67280851765438,19.9299016621454,7.67280851765438,7.67280851765438,7.67280851765438
7.27421836255372,19.9299726726979,7.27421836255372,7.27421836255372,7.27421836255372
6.71800371710438,19.9300440583429,6.71800371710438,6.71800371710438,6.71800371710438
8.28814496556023,19.9297451813946,8.28814496556023,8.28814496556023,8.28814496556023
7.67693978217323,19.9299008185669,7.67693978217323,7.67693978217323,7.67693978217323
6.99687432994411,19.9300116982008,6.99687432994411,6.99687432994411,6.99687432994411
7.67280851765438,19.9299016621454,7.67280851765438,7.67280851765438,7.67280851765438
7.90644210558026,19.9298499487205,7.90644210558026,7.90644210558026,7.90644210558026
7.28679052281769,19.9299702907432,8.87175302353885,7.28679052281769,7.28679052281769
8.10364806812187,19.9297992829221,8.10364806812187,8.10364806812187,8.10364806812187
7.73338023697914,19.9296749820074,12.3772364267539,7.73338023697914,9.31834273770029
8.06523662041872,19.9298097021924,8.06523662041872,8.06523662041872,8.06523662041872
7.07649675028373,19.930001251305,7.07649675028373,7.07649675028373,7.07649675028373
8.17030840792154,19.9297805291244,8.17030840792154,8.17030840792154,8.17030840792154
7.58756602951025,19.929918539598,7.58756602951025,7.58756602951025,7.58756602951025
7.95865292921616,19.9298372016208,7.95865292921616,7.95865292921616,7.95865292921616
7.16408143620188,19.9299890736905,7.16408143620188,7.16408143620188,7.16408143620188
5.76418982618045,19.9301174628789,5.76418982618045,5.76418982618045,5.76418982618045
7.18746572370685,19.9299856953681,7.18746572370685,7.18746572370685,7.18746572370685
6.69717565839361,19.9300462333966,6.69717565839361,6.69717565839361,6.69717565839361
7.57980958304286,19.9299200263908,7.57980958304286,7.57980958304286,7.57980958304286
6.37512763651056,19.9300761578724,6.37512763651056,6.37512763651056,6.37512763651056
6.03594661721093,19.930101224892,6.03594661721093,6.03594661721093,6.03594661721093
6.94186648832095,19.9300185860115,6.94186648832095,6.94186648832095,6.94186648832095
5.1873601824994,19.9301432804342,5.1873601824994,5.1873601824994,5.1873601824994
6.25005629114713,19.9300860934753,6.25005629114713,6.25005629114713,6.25005629114713
7.61072307298902,19.9301943984728,3.12959638325241,-0.0403286181899032,2.28159947669746
2.90452744722773,19.930194530149,7.61111939235041,-0.265397554214585,5.92442700466543
7.3665232933069,19.9299579290171,7.3665232933069,7.3665232933069,7.3665232933069
3.38329129760507,19.9301941287214,2.53529439105012,0.213366296162763,3.38329129760507
4.10229205856177,19.9301938888652,5.75940434503876,0.401852340420675,3.20920726247828
6.13734985321046,19.9301952335256,2.56042467155472,-1.3464659240538,0.238496576667357
3.8371022442315,19.9301277186481,12.0802762277044,3.8371022442315,7.53754196237259
5.85026798113165,19.9301937631354,5.35069697164114,0.49271597651357,5.13657216628829
3.41154267339719,19.9301804628606,3.41154267339719,3.41154267339719,3.41154267339719
6.62048866398336,19.9301947253238,5.49594356604506,-0.43479377151783,2.73513122992448
3.85783448553126,19.9301941922996,3.32731976883248,0.157394767390164,2.96474968944777
4.59987176949636,19.9301934691594,4.15241279252514,0.692981173887843,3.0149092687752
1.98334634392523,19.9301943777121,8.80352530634042,3.12084986767517,7.78553956086706
3.15394272705045,19.9301829691626,5.47587082193781,3.15394272705045,3.15394272705045
10.8719818806613,19.930194432611,1.51957056119036,-0.0653919395307996,-0.0653919395307996
4.66344732059553,19.9301943388679,2.82694605287841,0.019591130820809,2.34151922570817
4.30727282101101,19.93019358348,5.89223532173217,0.60683310286992,6.7565802223746
3.07756878391212,19.9301836313927,3.07756878391212,3.07756878391212,4.66253128463328
5.55027611091163,19.9301282583482,5.55027611091163,5.55027611091163,5.55027611091163
5.50884955474856,19.9301942732173,1.66754730076762,0.0825848000464608,4.1700476412968
1.69525989729868,19.9301942433363,4.63385935263454,0.110297396577527,2.43222549146489
5.36382555104945,19.9301943523501,1.59123604715252,0.0062735464313651,1.59123604715252
7.96564313945802,19.9301941944192,4.39978946168457,0.151861948240984,2.47379004312835
2.32306573043194,19.9301865029425,9.58045357312459,2.32306573043194,7.99549107240343
3.71503587562668,19.930170683916,9.73740368865513,3.71503587562668,9.82356033240485
5.48561219941718,19.9301934647903,9.97951022173188,1.5159858484607,8.55673219080401
4.89805330077748,19.9301707932268,10.2556053053956,3.31309080005632,10.3899063971072
3.38988604003056,19.9301805990291,7.09032575817165,3.38988604003056,6.19724096208817
11.72730460056,19.9301946797647,1.96475645799348,-0.357171636893881,2.45018328516372
13.303568735835,19.930177111014,9.74853508839587,1.31808253673034,5.96193872650506
3.02824475955695,19.9301840412009,4.61320726027811,3.02824475955695,3.02824475955695
1.81112972701695,19.930194113867,3.39609222773811,0.226167226295798,2.54809532118316
3.04408645812817,19.9301918357358,4.62904895884933,1.45912395740701,3.78105205229438
4.97390608379596,19.9301936408692,4.0410202796545,0.581588661017204,5.53578497140408
10.8536030289146,19.9301936492942,4.02878889772225,0.569357279084957,2.15431977980611
11.6080767912419,19.9301870008244,9.9104461093807,1.14557451864461,7.02821756800645
2.57373800547118,19.9301936602436,10.1831806110196,-0.233616916586429,8.11952990891165
6.95254675791173,19.930192965496,3.78262175646942,0.975266834411814,2.56022933513297
7.68547938057754,19.9301931401365,5.99458343510732,0.865300418162357,4.03522541960467
5.92630308174071,19.9301914047401,8.62190964614586,1.40274112568369,7.63155981617957
2.9965691644451,19.9301945118745,6.16649416588741,-0.173355836997216,3.52708388114388
3.62862819127551,19.9301779718953,5.21359069199667,3.62862819127551,3.62862819127551
4.29963422552051,19.9301941298371,3.91261110241127,0.212171384270173,3.01952630632778
8.91221917399669,19.930194328237,0.0265228006572926,0.0265228006572926,2.8338777227149
4.97209634953381,19.930150560336,4.97209634953381,4.97209634953381,4.97209634953381
4.90514285647574,19.9301526118974,4.90514285647574,4.90514285647574,4.90514285647574
4.02109968732532,19.9301723987541,4.02109968732532,4.02109968732532,4.02109968732532
5.2352939518833,19.9301415061231,5.2352939518833,5.2352939518833,5.2352939518833
6.66155623959038,19.9301469721792,7.39852183375659,5.07659373886922,6.66155623959038
5.26541531956136,19.930140360611,5.26541531956136,5.26541531956136,5.26541531956136
5.322403252081,19.9301381110808,6.90736575280216,5.322403252081,5.322403252081
4.78960572221,19.9301559357485,4.78960572221,4.78960572221,4.78960572221
4.39145984463588,19.9301641061195,8.9150218006929,4.39145984463588,7.5613848460782
6.08137746552383,19.9300981992114,6.08137746552383,6.08137746552383,6.08137746552383
4.84894170502391,19.9301338451001,10.9986888245286,4.84894170502391,7.17086979991127
4.77585241484878,19.930156313975,4.77585241484878,4.77585241484878,4.77585241484878
4.59885901010767,19.9301608728915,4.59885901010767,4.59885901010767,4.59885901010767
4.90800148055,19.9301525262366,4.90800148055,4.90800148055,4.90800148055
4.90791477230564,19.9301525288374,4.90791477230564,4.90791477230564,4.90791477230564
4.94435394741171,19.9301514219745,4.94435394741171,4.94435394741171,4.94435394741171
5.3795693584075,19.9301357956386,5.3795693584075,5.3795693584075,5.3795693584075
4.99798113564954,19.9301497413118,4.99798113564954,4.99798113564954,4.99798113564954
5.07581446202126,19.9301471881626,5.07581446202126,5.07581446202126,5.07581446202126
3.90220347868849,19.9301742499824,3.90220347868849,3.90220347868849,3.90220347868849
3.61359609526033,19.9301781571693,3.61359609526033,3.61359609526033,3.61359609526033
4.81710489383262,19.9301551686013,4.81710489383262,4.81710489383262,4.81710489383262
4.11451235496278,19.9301708334205,4.11451235496278,4.11451235496278,4.11451235496278
4.61894423819912,19.9301603832313,4.61894423819912,4.61894423819912,4.61894423819912
3.89728916314292,19.9301743232643,3.89728916314292,3.89728916314292,3.89728916314292
3.88994893519683,19.9301744322574,3.88994893519683,3.88994893519683,3.88994893519683
4.5350634251391,19.9301623837194,4.5350634251391,4.5350634251391,4.5350634251391
3.92194229319192,19.9301739319219,6.72929721524952,3.92194229319192,3.92194229319192
4.47070018084635,19.9301638191709,4.47070018084635,4.47070018084635,6.79262827573371
3.41052886521217,19.9301804736344,3.41052886521217,3.41052886521217,3.41052886521217
4.67479840937806,19.9301589851655,4.67479840937806,4.67479840937806,4.67479840937806
4.67789991704465,19.9301587951505,4.67789991704465,4.67789991704465,8.13733153568195
3.45740981258856,19.9301799674202,3.45740981258856,3.45740981258856,3.45740981258856
3.77028509179872,19.9301761330842,3.77028509179872,3.77028509179872,3.77028509179872
3.37593675267955,19.9301808367487,3.37593675267955,3.37593675267955,3.37593675267955
4.4131416657712,19.9301650916999,4.4131416657712,4.4131416657712,4.4131416657712
4.41320319975852,19.9301650903901,4.41320319975852,4.41320319975852,4.41320319975852
5.22025052200605,19.9301420693297,5.22025052200605,5.22025052200605,5.22025052200605
3.79120414993429,19.930175845837,3.79120414993429,3.79120414993429,3.79120414993429
6.89519062164068,19.9301614871125,4.57326252675332,4.57326252675332,4.57326252675332
4.13400404563321,19.9301704324133,7.30392904707552,4.13400404563321,4.13400404563321
4.7336705856349,19.9301574517721,4.7336705856349,4.7336705856349,4.7336705856349
4.31726977963446,19.9301670660508,4.31726977963446,4.31726977963446,4.31726977963446
3.49169634028999,19.9301795863116,5.07665884101114,3.49169634028999,3.49169634028999
4.92738085286514,19.9301519260681,4.92738085286514,4.92738085286514,6.5123433535863
3.31542847883492,19.9301814513425,3.31542847883492,3.31542847883492,3.31542847883492
3.86507426586171,19.9301747975179,3.86507426586171,3.86507426586171,3.86507426586171
7.46106326400401,19.9299418178234,7.46106326400401,7.46106326400401,7.46106326400401
3.4060520432926,19.9301805036472,6.57597704473491,3.4060520432926,3.4060520432926
4.34711308824321,19.9301664654728,4.34711308824321,4.34711308824321,4.34711308824321
4.56715600926063,19.9301614065977,4.56715600926063,4.56715600926063,8.95947343203939
7.27112160511799,19.9301809576657,3.36423100950947,3.36423100950947,3.36423100950947
4.44172804839033,19.9301644771563,4.44172804839033,4.44172804839033,4.44172804839033
4.31226929761338,19.9301671654727,4.31226929761338,4.31226929761338,4.31226929761338
4.30682872454367,19.930167273254,4.30682872454367,4.30682872454367,4.30682872454367
6.69358388394363,19.9300466053175,6.69358388394363,6.69358388394363,6.69358388394363
3.58167513614338,19.9301785432451,3.58167513614338,3.58167513614338,3.58167513614338
3.95618462816912,19.930173409526,3.95618462816912,3.95618462816912,6.76353955022672
3.44940562875202,19.930180055017,3.44940562875202,3.44940562875202,3.44940562875202
5.23562036580928,19.9301414938374,5.23562036580928,5.23562036580928,5.23562036580928
5.56551407406034,19.930127541167,5.56551407406034,5.56551407406034,5.56551407406034
3.71303329295757,19.9301768982604,3.71303329295757,3.71303329295757,3.71303329295757
4.10827242253324,19.9301709411728,4.10827242253324,4.10827242253324,4.10827242253324
4.51577488093273,19.930162827518,4.51577488093273,4.51577488093273,4.51577488093273
5.09109054589277,19.9301466706907,5.09109054589277,5.09109054589277,5.09109054589277
3.5066531123435,19.9301794176828,3.5066531123435,3.5066531123435,3.5066531123435
4.31577356599872,19.9301670958353,4.31577356599872,4.31577356599872,4.31577356599872
4.82052843320817,19.9301550720669,4.82052843320817,4.82052843320817,4.82052843320817
3.55468119359275,19.9301788631293,3.55468119359275,3.55468119359275,3.55468119359275
3.45477903640681,19.9301799962648,3.45477903640681,3.45477903640681,3.45477903640681
4.09296214637741,19.9301712035872,4.09296214637741,4.09296214637741,4.09296214637741
4.70913595974571,19.9301565851298,6.29409846046687,4.70913595974571,10.9379546502416
4.16211493212141,19.9301699958898,4.16211493212141,4.16211493212141,4.16211493212141
4.82986205883621,19.9301548077175,4.82986205883621,4.82986205883621,4.82986205883621
4.70777762185781,19.9301574638369,4.70777762185781,4.70777762185781,10.1340423765599
3.17697907550562,19.9301827643068,3.17697907550562,3.17697907550562,3.17697907550562
4.66832126764627,19.9301590953843,4.66832126764627,4.66832126764627,7.47567618970388
3.99093803927855,19.9301728829132,3.99093803927855,3.99093803927855,3.99093803927855
4.875676349631,19.9301534850606,4.875676349631,4.875676349631,4.875676349631
3.95515396545944,19.9301734353717,5.5401164661806,3.95515396545944,5.5401164661806
4.69238839713918,19.930158533551,4.69238839713918,4.69238839713918,4.69238839713918
3.83327483517424,19.9301752553832,3.83327483517424,3.83327483517424,3.83327483517424
3.71629422203245,19.9301768554884,3.71629422203245,3.71629422203245,3.71629422203245
3.55556384585227,19.9301788527641,3.55556384585227,3.55556384585227,3.55556384585227
4.42860731811635,19.9301646427863,4.42860731811635,4.42860731811635,8.33549791372487
3.7312904337407,19.9301766575415,3.7312904337407,3.7312904337407,3.7312904337407
4.36396339567682,19.9301661208427,4.36396339567682,4.36396339567682,4.36396339567682
4.49257381459232,19.9301633535358,4.49257381459232,4.49257381459232,4.49257381459232
5.34760016345906,19.9301874148861,4.86217333628882,2.54024524140146,2.54024524140146
3.95602025913055,19.9301883435734,2.37105775840939,2.37105775840939,2.37105775840939
2.59765220268924,19.9301870747025,4.18261470341039,2.59765220268924,4.18261470341039
2.56332720875965,19.9301872594566,6.47021780436817,2.56332720875965,4.14828970948081
8.77851888629097,19.930187090178,5.75861932885326,4.17365682813211,2.58869432741095
2.61112351509835,19.9301869765307,6.51801411070687,2.61112351509835,2.61112351509835
2.52576935912406,19.9301874980544,5.33312428118166,2.52576935912406,2.52576935912406
2.65194584276973,19.9301865626493,7.93734806163198,2.65194584276973,2.65194584276973
2.34900987151141,19.930188382011,7.39340399086986,2.34900987151141,2.34900987151141
7.54398560789874,19.9301870948912,6.04922091614917,2.58978929751187,2.58978929751187
2.37737664116632,19.9301883082305,5.18473156322392,2.37737664116632,3.96233914188748
2.48598973654599,19.9301877252682,2.48598973654599,2.48598973654599,2.48598973654599
7.70012665490735,19.9301876726378,5.66059829072072,2.4906732892784,4.07563578999956
2.57641147256687,19.9301872030285,4.16137397328802,2.57641147256687,2.57641147256687
5.07413160948654,19.9301888581527,5.07413160948654,2.26677668742893,4.58870478231629
2.42029712772116,19.9301880847443,4.00525962844231,2.42029712772116,2.42029712772116
2.64023072864283,19.9301865571184,7.99778273326091,2.64023072864283,5.81015573008514
2.46823607027634,19.9301870661966,8.77201681845345,2.46823607027634,6.8605534930551
4.14716348920594,19.9301872848575,4.88412908337215,2.56220098848479,4.14716348920594
2.47925843613931,19.9301877440757,6.56672127738965,2.47925843613931,2.47925843613931
5.29674641501918,19.9301876806726,6.3962820885701,2.48939149296158,4.07435399368273
15.12293888944,19.8778263916035,15.12293888944,15.12293888944,15.12293888944
14.5379437174271,19.8954957220452,14.5379437174271,14.5379437174271,14.5379437174271
15.3453476466998,19.8689096027568,15.3453476466998,15.3453476466998,15.3453476466998
13.5379110468751,19.9129504782221,13.5379110468751,13.5379110468751,13.5379110468751
13.2297824687992,19.9162829959824,13.2297824687992,13.2297824687992,13.2297824687992
12.422416237926,19.9222621250092,12.422416237926,14.0073787386471,12.422416237926
12.6082848565135,19.9211678117979,12.6082848565135,12.6082848565135,12.6082848565135
13.2023012345028,19.9165467521689,13.2023012345028,14.787263735224,13.2023012345028
13.9302386791219,19.9075186026218,13.9302386791219,13.9302386791219,13.9302386791219
13.6083020082766,19.9120827564537,13.6083020082766,13.6083020082766,13.6083020082766
15.2298616329905,19.8737178227652,15.2298616329905,15.2298616329905,15.2298616329905
12.7804680060521,19.9200193584509,12.7804680060521,12.7804680060521,12.7804680060521
14.6823405048675,19.8917938704964,14.6823405048675,14.6823405048675,14.6823405048675
16.3454620033429,19.8048936219802,16.3454620033429,16.3454620033429,16.3454620033429
16.9305388697725,19.7378937918301,16.9305388697725,16.9305388697725,16.9305388697725
13.8009519867601,19.9094764435383,13.8009519867601,13.8009519867601,13.8009519867601
14.4066935022606,19.8985465985902,14.4066935022606,14.4066935022606,14.4066935022606
15.4708889244676,19.8632063472464,15.4708889244676,15.4708889244676,15.4708889244676
12.9529376561344,19.9187219407965,12.9529376561344,12.9529376561344,12.9529376561344
15.0233966815716,19.8813776766991,15.0233966815716,15.0233966815716,15.0233966815716
14.8428136735889,19.8872077929473,14.8428136735889,14.8428136735889,14.8428136735889
16.9305388697725,19.7378937918301,16.9305388697725,16.9305388697725,16.9305388697725
15.6084049231371,19.8563324365807,15.6084049231371,15.6084049231371,15.6084049231371
15.9303673246095,19.837257920218,15.9303673246095,15.9303673246095,15.9303673246095
15.9303673246095,19.837257920218,15.9303673246095,15.9303673246095,15.9303673246095
16.3454620033429,19.8048936219802,16.3454620033429,16.3454620033429,16.3454620033429
17.9308820213038,19.515844522025,17.9308820213038,17.9308820213038,17.9308820213038
15.2298616329905,19.8737178227652,15.2298616329905,15.2298616329905,15.2298616329905
12.7403900372017,19.9202991272166,12.7403900372017,12.7403900372017,12.7403900372017
16.1230369077549,19.823476625896,16.1230369077549,16.1230369077549,16.1230369077549
15.9303673246095,19.837257920218,15.9303673246095,15.9303673246095,15.9303673246095
16.6085421543721,19.7784671558145,16.6085421543721,16.6085421543721,16.6085421543721
16.6085421543721,19.7784671558145,16.6085421543721,16.6085421543721,16.6085421543721
16.9305388697725,19.7378937918301,16.9305388697725,16.9305388697725,16.9305388697725
15.6084049231371,19.8563324365807,15.6084049231371,15.6084049231371,15.6084049231371
17.3456907438264,19.6676188387138,17.3456907438264,17.3456907438264,17.3456907438264
12.4872680755341,19.9218963031709,12.4872680755341,14.0722305762553,12.4872680755341
12.7804680060521,19.9200193584509,12.7804680060521,12.7804680060521,12.7804680060521
12.2437085942402,19.9231886937456,12.2437085942402,12.2437085942402,12.2437085942402
13.6448287638848,19.9116153045797,13.6448287638848,13.6448287638848,13.6448287638848
13.0475760068805,19.9179407264639,13.0475760068805,13.0475760068805,13.0475760068805
12.7804680060521,19.9200193584509,12.7804680060521,12.7804680060521,12.7804680060521
13.8427733155257,19.9088625059835,13.8427733155257,13.8427733155257,13.8427733155257
13.2577973623677,19.9160088451195,13.2577973623677,13.2577973623677,13.2577973623677
13.0973298580985,19.9175088205136,13.0973298580985,13.0973298580985,13.0973298580985
12.8009323846953,19.9198734574188,12.8009323846953,12.8009323846953,12.8009323846953
12.9302172393225,19.9189019260947,12.9302172393225,12.9302172393225,12.9302172393225
12.9529376561344,19.9187219407965,12.9529376561344,12.9529376561344,12.9529376561344
12.9760216205371,19.9185361258764,12.9760216205371,12.9760216205371,12.9760216205371
13.2297824687992,19.9162829959824,13.2297824687992,14.8147449695203,13.2297824687992
12.7403900372017,19.9202991272166,12.7403900372017,12.7403900372017,12.7403900372017
17.9308820213038,19.515844522025,17.9308820213038,17.9308820213038,17.9308820213038
14.6823405048675,19.8917938704964,14.6823405048675,14.6823405048675,14.6823405048675
14.9302815596765,19.8844778700634,14.9302815596765,14.9302815596765,14.9302815596765
14.4066935022606,19.8985465985902,14.4066935022606,14.4066935022606,14.4066935022606
13.4707953660091,19.9137388618578,13.4707953660091,15.7927234608965,13.4707953660091
13.5039629551803,19.913353891318,13.5039629551803,13.5039629551803,13.5039629551803
12.8216912289481,19.9197233119086,12.8216912289481,14.4066537296693,12.8216912289481
12.6822863406766,19.9206910800017,12.6822863406766,14.2672488413978,12.6822863406766
14.286394495774,19.9011043398892,14.286394495774,14.286394495774,14.286394495774
14.1753591177057,19.9032795722689,14.1753591177057,14.1753591177057,14.1753591177057
14.1228898827798,19.9042495963044,14.1228898827798,14.1228898827798,14.1228898827798
14.8428136735889,19.8872077929473,14.8428136735889,14.8428136735889,14.8428136735889
15.0233966815716,19.8813776766991,15.0233966815716,15.0233966815716,15.0233966815716
13.8427733155257,19.9088625059835,13.8427733155257,13.8427733155257,13.8427733155257
13.9760437519588,19.9067810895217,13.9760437519588,16.2979718468462,13.9760437519588
14.0722621198547,19.9051521340194,14.0722621198547,14.0722621198547,14.0722621198547
13.3452618851658,19.9151174934967,13.3452618851658,15.6671899800531,13.3452618851658
13.2863670526595,19.9157236727391,13.2863670526595,13.2863670526595,13.2863670526595
15.6084049231371,19.8563324365807,15.6084049231371,15.6084049231371,15.6084049231371
14.7603470291119,19.8896300460569,14.7603470291119,14.7603470291119,14.7603470291119
15.3453476466998,19.8689096027568,15.3453476466998,15.3453476466998,15.3453476466998
15.3453476466998,19.8689096027568,15.3453476466998,15.3453476466998,15.3453476466998
16.3454620033429,19.8048936219802,16.3454620033429,16.3454620033429,16.3454620033429
14.286394495774,19.9011043398892,14.286394495774,14.286394495774,14.286394495774
17.9308820213038,19.515844522025,17.9308820213038,17.9308820213038,17.9308820213038
15.12293888944,19.8778263916035,15.12293888944,15.12293888944,15.12293888944
15.9303673246095,19.837257920218,15.9303673246095,15.9303673246095,15.9303673246095
13.9302386791219,19.9075186026218,13.9302386791219,13.9302386791219,13.9302386791219
13.8009519867601,19.9094764435383,13.8009519867601,13.8009519867601,13.8009519867601
14.4708265514878,19.8970913061899,14.4708265514878,14.4708265514878,14.4708265514878
14.5379437174271,19.8954957220452,14.5379437174271,16.1229062181482,14.5379437174271
13.9302386791219,19.9075186026218,13.9302386791219,15.5152011798431,13.9302386791219
14.5379437174271,19.8954957220452,14.5379437174271,14.5379437174271,14.5379437174271
14.2298088563803,19.9022341983518,14.2298088563803,14.2298088563803,14.2298088563803
14.9302815596765,19.8844778700634,14.9302815596765,17.2522096545639,14.9302815596765
15.3453476466998,19.8689096027568,15.3453476466998,15.3453476466998,15.3453476466998
15.7604232638525,19.8478861051029,15.7604232638525,15.7604232638525,15.7604232638525
16.1230369077549,19.823476625896,16.1230369077549,16.1230369077549,16.1230369077549
14.3452904717773,19.899879323455,14.3452904717773,14.3452904717773,14.3452904717773
14.4708265514878,19.8970913061899,14.4708265514878,14.4708265514878,14.4708265514878
13.8427733155257,19.9088625059835,13.8427733155257,13.8427733155257,13.8427733155257
14.4708265514878,19.8970913061899,14.4708265514878,14.4708265514878,14.4708265514878
13.8858432603726,19.9082110734011,13.8858432603726,15.4708057610938,13.8858432603726
14.9302815596765,19.8844778700634,14.9302815596765,14.9302815596765,14.9302815596765
13.6823043951809,19.9111230856768,13.6823043951809,13.6823043951809,13.6823043951809
14.286394495774,19.9011043398892,14.286394495774,14.286394495774,14.286394495774
16.3454620033429,19.8048936219802,16.3454620033429,16.3454620033429,16.3454620033429
15.0233966815716,19.8813776766991,15.0233966815716,15.0233966815716,15.0233966815716
16.1230369077549,19.823476625896,16.1230369077549,16.1230369077549,16.1230369077549
14.7603470291119,19.8896300460569,14.7603470291119,14.7603470291119,14.7603470291119
15.7604232638525,19.8478861051029,15.7604232638525,15.7604232638525,15.7604232638525
14.3452904717773,19.899879323455,14.3452904717773,14.3452904717773,14.3452904717773
14.8428136735889,19.8872077929473,14.8428136735889,14.8428136735889,14.8428136735889
13.8858432603726,19.9082110734011,13.8858432603726,16.20777135526,13.8858432603726
16.9305388697725,19.7378937918301,16.9305388697725,16.9305388697725,16.9305388697725
12.9994809561686,19.9183441934432,12.9994809561686,14.5844434568897,12.9994809561686
15.7604232638525,19.8478861051029,15.7604232638525,15.7604232638525,15.7604232638525
15.6084049231371,19.8563324365807,15.6084049231371,15.6084049231371,15.6084049231371
16.1230369077549,19.823476625896,16.1230369077549,16.1230369077549,16.1230369077549
14.4066935022606,19.8985465985902,14.4066935022606,14.4066935022606,14.4066935022606
13.4066636727143,19.914458312913,13.4066636727143,15.7285917676017,13.4066636727143
16.3454620033429,19.8048936219802,16.3454620033429,16.3454620033429,16.3454620033429
13.3452618851658,19.9151174934967,13.3452618851658,14.9302243858869,13.3452618851658
13.8009519867601,19.9094764435383,13.8009519867601,13.8009519867601,13.8009519867601
16.9305388697725,19.7378937918301,16.9305388697725,16.9305388697725,16.9305388697725
15.12293888944,19.8778263916035,15.12293888944,15.12293888944,15.12293888944
16.9305388697725,19.7378937918301,16.9305388697725,16.9305388697725,16.9305388697725
16.3454620033429,19.8048936219802,16.3454620033429,16.3454620033429,16.3454620033429
14.5379437174271,19.8954957220452,14.5379437174271,16.1229062181482,14.5379437174271
14.4708265514878,19.8970913061899,14.4708265514878,14.4708265514878,14.4708265514878
16.3454620033429,19.8048936219802,16.3454620033429,16.3454620033429,16.3454620033429
17.3456907438264,19.6676188387138,17.3456907438264,17.3456907438264,17.3456907438264
15.9303673246095,19.837257920218,15.9303673246095,15.9303673246095,15.9303673246095
15.12293888944,19.8778263916035,15.12293888944,15.12293888944,15.12293888944
15.9303673246095,19.837257920218,15.9303673246095,15.9303673246095,15.9303673246095
17.3456907438264,19.6676188387138,17.3456907438264,17.3456907438264,17.3456907438264
14.9302815596765,19.8844778700634,14.9302815596765,14.9302815596765,14.9302815596765
14.5379437174271,19.8954957220452,14.5379437174271,14.5379437174271,14.5379437174271
15.0233966815716,19.8813776766991,15.0233966815716,15.0233966815716,15.0233966815716
15.6084049231371,19.8563324365807,15.6084049231371,15.6084049231371,15.6084049231371
16.6085421543721,19.7784671558145,16.6085421543721,16.6085421543721,16.6085421543721
16.6085421543721,19.7784671558145,16.6085421543721,16.6085421543721,16.6085421543721
16.3454620033429,19.8048936219802,16.3454620033429,16.3454620033429,16.3454620033429
14.9302815596765,19.8844778700634,14.9302815596765,14.9302815596765,14.9302815596765
16.9305388697725,19.7378937918301,16.9305388697725,16.9305388697725,16.9305388697725
13.7603089132522,19.9100560327569,13.7603089132522,16.0822370081396,13.7603089132522
13.5726772618697,19.9125272647544,13.5726772618697,13.5726772618697,13.5726772618697
17.9308820213038,19.515844522025,17.9308820213038,17.9308820213038,17.9308820213038
14.4708265514878,19.8970913061899,14.4708265514878,14.4708265514878,14.4708265514878
