0.0,3520435.0,12.0,0.0,9.0
0.0,3762675.0,328.0,0.0,14.0
0.0,3655274.0,441.0,0.0,68.0
0.0,3815482.0,226.0,0.0,1.0
0.0,3811899.0,120.0,0.0,4.0
0.0,4089957.0,123.0,0.0,4.0
0.0,4356903.0,62.0,0.0,1.0
0.0,4258701.0,270.0,0.0,3.0
0.0,784729.0,0.0,11.0,0.0
0.0,803947.0,3.0,0.0,1.0
0.0,51902.0,0.0,0.0,0.0
0.0,46160.0,0.0,0.0,0.0
0.0,48074.0,2.0,0.0,0.0
0.0,64912.0,0.0,0.0,0.0
0.0,43870.0,0.0,0.0,0.0
0.0,51532.0,0.0,0.0,0.0
0.0,48657.0,0.0,0.0,2.0
0.0,72794.0,0.0,0.0,0.0
0.0,51611.0,0.0,0.0,0.0
0.0,40836.0,0.0,0.0,0.0
0.0,49218.0,0.0,0.0,0.0
0.0,130646.0,0.0,0.0,1.0
0.0,66134.0,0.0,0.0,0.0
0.0,37808.0,0.0,0.0,0.0
1.0,55580.0,0.0,0.0,1.0
1.0,48236.0,0.0,0.0,0.0
0.0,49467.0,1.0,0.0,0.0
0.0,48516.0,0.0,0.0,0.0
1.0,50794.0,0.0,0.0,0.0
0.0,49782.0,0.0,0.0,0.0
0.0,47087.0,0.0,0.0,0.0
0.0,53315.0,1.0,0.0,1.0
2.0,44767.0,0.0,0.0,0.0
1.0,43345.0,0.0,0.0,0.0
0.0,43719.0,0.0,0.0,0.0
0.0,41753.0,0.0,0.0,0.0
2.0,218019.0,1.0,0.0,0.0
0.0,51408.0,0.0,0.0,0.0
0.0,36691.0,0.0,0.0,0.0
2.0,232506.0,0.0,0.0,0.0
0.0,52663.0,0.0,0.0,0.0
0.0,55716.0,0.0,0.0,0.0
0.0,64118.0,0.0,0.0,0.0
0.0,344.0,0.0,0.0,0.0
0.0,90588.0,0.0,0.0,0.0
0.0,48419.0,0.0,0.0,0.0
0.0,43371.0,0.0,0.0,0.0
0.0,56600.0,0.0,0.0,0.0
0.0,56470.0,0.0,0.0,0.0
0.0,58870.0,0.0,0.0,0.0
1.0,46531.0,0.0,0.0,0.0
0.0,60256.0,0.0,0.0,0.0
0.0,57108.0,0.0,0.0,0.0
1.0,62266.0,0.0,0.0,0.0
0.0,48588.0,0.0,0.0,0.0
0.0,62043.0,0.0,0.0,0.0
1.0,50564.0,1.0,0.0,0.0
0.0,23177.0,0.0,0.0,0.0
0.0,55036.0,0.0,0.0,0.0
0.0,49818.0,0.0,0.0,0.0
0.0,23621.0,0.0,0.0,0.0
0.0,70247.0,0.0,0.0,0.0
2.0,64897.0,0.0,0.0,0.0
1.0,60048.0,0.0,0.0,0.0
0.0,53851.0,0.0,0.0,1.0
0.0,50933.0,0.0,0.0,0.0
1.0,51372.0,0.0,0.0,0.0
0.0,27897.0,0.0,0.0,0.0
0.0,57237.0,0.0,0.0,0.0
1.0,61067.0,0.0,0.0,0.0
0.0,49940.0,0.0,0.0,0.0
0.0,50107.0,0.0,0.0,0.0
0.0,22930.0,0.0,0.0,0.0
0.0,48392.0,1.0,0.0,1.0
0.0,53227.0,0.0,0.0,2.0
1.0,40090.0,0.0,0.0,0.0
0.0,48349.0,0.0,0.0,0.0
0.0,50867.0,0.0,0.0,0.0
0.0,42349.0,0.0,0.0,0.0
0.0,47297.0,0.0,0.0,1.0
0.0,48149.0,0.0,0.0,0.0
0.0,2087.0,0.0,0.0,0.0
0.0,35446.0,0.0,0.0,0.0
0.0,46522.0,0.0,0.0,0.0
0.0,48783.0,0.0,0.0,0.0
0.0,38807.0,0.0,3.0,0.0
0.0,46214.0,0.0,0.0,0.0
0.0,45058.0,0.0,0.0,0.0
0.0,56323.0,1.0,0.0,1.0
0.0,48855.0,0.0,0.0,0.0
0.0,52803.0,0.0,0.0,0.0
0.0,39080.0,0.0,0.0,1.0
0.0,49627.0,0.0,0.0,0.0
0.0,3908.0,0.0,0.0,0.0
0.0,45571.0,0.0,0.0,0.0
0.0,6429.0,0.0,0.0,0.0
0.0,45185.0,0.0,0.0,0.0
0.0,43656.0,0.0,0.0,0.0
0.0,9082.0,0.0,0.0,0.0
0.0,35274.0,0.0,0.0,0.0
0.0,52929.0,1.0,0.0,1.0
0.0,44332.0,0.0,0.0,0.0
1.0,56546.0,1.0,0.0,1.0
0.0,40542.0,0.0,0.0,0.0
0.0,46788.0,0.0,0.0,0.0
0.0,46069.0,1209.0,0.0,761.0
0.0,7748.0,0.0,0.0,0.0
0.0,17974.0,0.0,0.0,0.0
0.0,51304.0,0.0,0.0,0.0
0.0,47445.0,0.0,0.0,0.0
0.0,52963.0,0.0,0.0,0.0
0.0,49731.0,0.0,0.0,0.0
0.0,25367.0,0.0,0.0,0.0
0.0,61785.0,1.0,0.0,0.0
1.0,46619.0,1.0,0.0,0.0
0.0,45260.0,0.0,0.0,0.0
0.0,18293.0,0.0,0.0,0.0
1.0,46174.0,0.0,0.0,0.0
0.0,49463.0,0.0,0.0,0.0
1.0,47561.0,0.0,0.0,0.0
1.0,45589.0,0.0,0.0,0.0
0.0,56965.0,0.0,0.0,0.0
0.0,57047.0,0.0,0.0,0.0
0.0,48484.0,0.0,0.0,0.0
0.0,45400.0,0.0,0.0,0.0
0.0,53453.0,0.0,0.0,0.0
1.0,48513.0,0.0,0.0,0.0
0.0,16482.0,0.0,0.0,0.0
0.0,53219.0,1.0,0.0,1.0
1.0,44579.0,0.0,0.0,0.0
0.0,48612.0,0.0,0.0,0.0
0.0,62635.0,0.0,0.0,0.0
0.0,63360.0,0.0,0.0,0.0
0.0,11097.0,0.0,0.0,0.0
0.0,44953.0,0.0,0.0,0.0
0.0,51205.0,0.0,0.0,0.0
1.0,61550.0,0.0,0.0,0.0
0.0,39068.0,0.0,3.0,0.0
0.0,56690.0,0.0,0.0,0.0
0.0,26048.0,0.0,0.0,0.0
0.0,47687.0,0.0,0.0,0.0
0.0,42172.0,0.0,0.0,0.0
0.0,7466.0,0.0,0.0,70.0
0.0,37623.0,1.0,0.0,0.0
0.0,62111.0,0.0,0.0,0.0
0.0,46348.0,0.0,0.0,0.0
0.0,38517.0,0.0,0.0,0.0
0.0,63033.0,0.0,0.0,0.0
0.0,50589.0,0.0,0.0,0.0
0.0,44392.0,0.0,0.0,0.0
0.0,53068.0,1.0,0.0,0.0
0.0,47970.0,0.0,0.0,0.0
0.0,47491.0,0.0,0.0,0.0
1.0,45563.0,0.0,0.0,0.0
0.0,30489.0,0.0,0.0,0.0
0.0,44038.0,0.0,0.0,0.0
0.0,25217.0,0.0,0.0,0.0
0.0,39862.0,0.0,0.0,44.0
0.0,41281.0,0.0,0.0,0.0
0.0,42753.0,0.0,0.0,0.0
1.0,49174.0,0.0,0.0,0.0
0.0,46394.0,0.0,0.0,0.0
0.0,39542.0,0.0,0.0,0.0
0.0,48076.0,0.0,0.0,0.0
0.0,47806.0,0.0,0.0,0.0
0.0,49064.0,0.0,0.0,0.0
1.0,37300.0,0.0,0.0,0.0
0.0,51475.0,0.0,0.0,1.0
1.0,25333.0,0.0,0.0,0.0
0.0,35372.0,0.0,0.0,0.0
0.0,45358.0,0.0,0.0,0.0
0.0,47139.0,0.0,0.0,1.0
0.0,51472.0,0.0,0.0,0.0
0.0,46062.0,0.0,0.0,0.0
0.0,47735.0,0.0,0.0,0.0
0.0,45086.0,0.0,0.0,0.0
0.0,6463.0,0.0,0.0,0.0
1.0,47349.0,0.0,0.0,0.0
1.0,46334.0,0.0,0.0,0.0
0.0,45774.0,0.0,0.0,0.0
0.0,46303.0,0.0,0.0,0.0
0.0,46139.0,0.0,0.0,0.0
0.0,45116.0,0.0,0.0,0.0
0.0,47154.0,0.0,0.0,0.0
0.0,30375.0,0.0,0.0,0.0
0.0,47226.0,0.0,0.0,0.0
0.0,39336.0,0.0,0.0,0.0
0.0,51410.0,0.0,0.0,0.0
0.0,44090.0,0.0,0.0,0.0
0.0,46981.0,0.0,0.0,0.0
0.0,51584.0,1.0,0.0,0.0
0.0,56685.0,1.0,0.0,0.0
0.0,46250.0,0.0,0.0,0.0
0.0,38897.0,0.0,0.0,0.0
0.0,2108.0,0.0,0.0,0.0
0.0,60558.0,3.0,0.0,0.0
0.0,51737.0,0.0,0.0,1.0
0.0,20540.0,1.0,0.0,0.0
0.0,42584.0,0.0,0.0,0.0
0.0,48690.0,1.0,0.0,1.0
0.0,50346.0,0.0,0.0,0.0
0.0,49587.0,0.0,0.0,0.0
0.0,48946.0,0.0,0.0,0.0
0.0,25223.0,0.0,0.0,0.0
0.0,63072.0,1.0,0.0,0.0
0.0,20736.0,0.0,0.0,0.0
0.0,3936.0,0.0,0.0,1.0
0.0,38602.0,0.0,0.0,0.0
1.0,38951.0,0.0,0.0,0.0
0.0,51403.0,0.0,0.0,0.0
0.0,38414.0,1.0,0.0,0.0
0.0,28000.0,0.0,0.0,0.0
0.0,46425.0,1.0,0.0,0.0
0.0,37085.0,0.0,0.0,0.0
0.0,38327.0,0.0,0.0,0.0
0.0,11036.0,0.0,0.0,0.0
0.0,40371.0,0.0,0.0,0.0
1.0,53274.0,1.0,0.0,0.0
0.0,16705.0,0.0,0.0,0.0
1.0,46467.0,1218.0,0.0,758.0
0.0,56810.0,0.0,0.0,0.0
0.0,47414.0,0.0,0.0,0.0
0.0,9161.0,0.0,0.0,0.0
0.0,7697.0,0.0,0.0,0.0
0.0,28307.0,0.0,0.0,0.0
0.0,45958.0,0.0,0.0,0.0
0.0,48465.0,0.0,0.0,1.0
0.0,43704.0,0.0,0.0,0.0
0.0,49097.0,0.0,0.0,0.0
0.0,35223.0,0.0,0.0,0.0
0.0,52603.0,2.0,0.0,0.0
0.0,46088.0,0.0,0.0,0.0
0.0,45366.0,0.0,0.0,0.0
0.0,43452.0,0.0,0.0,0.0
0.0,39982.0,0.0,0.0,43.0
0.0,25819.0,0.0,0.0,0.0
0.0,7428.0,0.0,0.0,69.0
0.0,41112.0,0.0,0.0,0.0
0.0,48310.0,0.0,0.0,0.0
0.0,45405.0,0.0,0.0,0.0
0.0,56963.0,0.0,0.0,0.0
0.0,50044.0,0.0,0.0,0.0
0.0,53858.0,0.0,0.0,0.0
0.0,52716.0,2.0,0.0,0.0
1.0,60347.0,3.0,0.0,0.0
0.0,61262.0,0.0,0.0,0.0
0.0,108946.0,0.0,0.0,0.0
0.0,113641.0,0.0,0.0,0.0
1.0,137393.0,0.0,0.0,0.0
0.0,53245.0,0.0,0.0,0.0
0.0,104715.0,2.0,0.0,0.0
2.0,124503.0,0.0,0.0,0.0
0.0,64473.0,0.0,0.0,0.0
1.0,63323.0,1.0,0.0,0.0
0.0,52470.0,0.0,0.0,0.0
0.0,110002.0,0.0,0.0,0.0
1.0,110274.0,6.0,0.0,1.0
0.0,112315.0,0.0,0.0,0.0
0.0,56610.0,3.0,0.0,1.0
0.0,113826.0,0.0,0.0,0.0
0.0,137036.0,0.0,0.0,0.0
0.0,72066.0,61.0,0.0,0.0
0.0,50869.0,0.0,0.0,0.0
0.0,130993.0,0.0,0.0,0.0
0.0,124183.0,13.0,0.0,0.0
1.0,113917.0,2.0,0.0,0.0
0.0,41946.0,1.0,0.0,1.0
0.0,104901.0,2.0,0.0,0.0
0.0,109870.0,3.0,0.0,0.0
0.0,156741.0,0.0,0.0,0.0
0.0,135285.0,0.0,0.0,0.0
0.0,124209.0,0.0,0.0,0.0
0.0,56658.0,0.0,0.0,0.0
0.0,89999.0,0.0,0.0,0.0
1.0,131346.0,0.0,0.0,0.0
0.0,131692.0,0.0,0.0,0.0
1.0,128435.0,1.0,0.0,24.0
0.0,144281.0,0.0,0.0,0.0
0.0,57378.0,0.0,0.0,0.0
0.0,55041.0,6.0,0.0,0.0
0.0,72252.0,61.0,0.0,0.0
0.0,137510.0,1.0,0.0,0.0
0.0,108839.0,2.0,0.0,0.0
0.0,132607.0,0.0,0.0,0.0
0.0,119944.0,1.0,0.0,0.0
0.0,131479.0,0.0,0.0,0.0
0.0,152605.0,0.0,0.0,0.0
1.0,116140.0,0.0,0.0,1.0
0.0,85225.0,0.0,0.0,0.0
0.0,102121.0,0.0,0.0,0.0
0.0,51444.0,23.0,0.0,4.0
0.0,109491.0,4.0,0.0,2.0
0.0,62331.0,1.0,0.0,0.0
0.0,112209.0,3.0,0.0,0.0
0.0,46961.0,0.0,0.0,0.0
2.0,127932.0,0.0,0.0,0.0
2.0,131259.0,0.0,0.0,0.0
0.0,60237.0,3.0,0.0,0.0
0.0,152966.0,1.0,0.0,0.0
0.0,128478.0,0.0,0.0,0.0
0.0,122179.0,0.0,0.0,0.0
0.0,154534.0,0.0,0.0,0.0
0.0,57222.0,0.0,0.0,0.0
0.0,124917.0,0.0,0.0,0.0
0.0,55468.0,0.0,0.0,0.0
1.0,142527.0,1.0,0.0,0.0
0.0,132941.0,0.0,0.0,0.0
0.0,115953.0,0.0,0.0,0.0
0.0,106610.0,0.0,0.0,0.0
0.0,112140.0,3.0,0.0,0.0
0.0,55674.0,0.0,0.0,0.0
0.0,124662.0,0.0,0.0,0.0
0.0,124004.0,0.0,0.0,0.0
0.0,51365.0,0.0,0.0,0.0
0.0,140634.0,0.0,0.0,0.0
0.0,142127.0,1.0,0.0,0.0
0.0,16303.0,0.0,0.0,0.0
0.0,123202.0,0.0,0.0,0.0
0.0,157720.0,0.0,0.0,0.0
0.0,62810.0,0.0,0.0,0.0
0.0,131492.0,0.0,0.0,0.0
0.0,126690.0,0.0,0.0,0.0
0.0,63123.0,1.0,0.0,0.0
1.0,124164.0,6.0,0.0,0.0
1.0,41808.0,0.0,0.0,1.0
0.0,62846.0,1.0,0.0,0.0
0.0,109114.0,0.0,0.0,0.0
0.0,66432.0,0.0,0.0,0.0
0.0,164238.0,0.0,0.0,0.0
0.0,62099.0,1.0,0.0,0.0
0.0,121366.0,0.0,0.0,0.0
0.0,164930.0,0.0,0.0,0.0
0.0,137116.0,1.0,0.0,0.0
1.0,129611.0,0.0,0.0,0.0
0.0,133605.0,0.0,0.0,0.0
0.0,132777.0,0.0,0.0,0.0
0.0,127590.0,0.0,0.0,0.0
0.0,113422.0,0.0,0.0,0.0
0.0,67747.0,0.0,0.0,0.0
0.0,115166.0,2.0,0.0,0.0
2.0,145124.0,0.0,0.0,0.0
0.0,64307.0,1.0,0.0,0.0
0.0,47154.0,0.0,0.0,0.0
0.0,140990.0,0.0,0.0,0.0
0.0,115462.0,13.0,0.0,0.0
1.0,129379.0,0.0,0.0,0.0
0.0,127761.0,0.0,0.0,0.0
0.0,62892.0,0.0,0.0,0.0
0.0,117718.0,0.0,0.0,0.0
0.0,51511.0,0.0,0.0,0.0
0.0,116266.0,2.0,0.0,0.0
0.0,110106.0,0.0,0.0,0.0
2.0,131460.0,0.0,0.0,0.0
1.0,165912.0,0.0,0.0,0.0
1.0,120643.0,0.0,0.0,0.0
0.0,64532.0,1.0,0.0,0.0
0.0,132527.0,0.0,0.0,0.0
0.0,57745.0,3.0,0.0,2.0
0.0,127984.0,0.0,0.0,0.0
0.0,63048.0,0.0,0.0,0.0
0.0,51307.0,26.0,0.0,4.0
0.0,120328.0,0.0,0.0,0.0
0.0,55387.0,1.0,0.0,0.0
1.0,135495.0,0.0,0.0,0.0
0.0,140063.0,0.0,0.0,0.0
0.0,58068.0,0.0,0.0,0.0
0.0,58445.0,1.0,0.0,0.0
1.0,62640.0,0.0,0.0,0.0
0.0,132604.0,0.0,0.0,0.0
1.0,125182.0,0.0,0.0,0.0
1.0,165274.0,0.0,0.0,0.0
0.0,107081.0,1.0,0.0,0.0
0.0,112835.0,5.0,0.0,1.0
0.0,130901.0,0.0,0.0,1.0
0.0,101570.0,0.0,0.0,0.0
0.0,152290.0,0.0,0.0,0.0
0.0,114191.0,0.0,0.0,0.0
0.0,151175.0,0.0,0.0,0.0
0.0,56420.0,2.0,0.0,0.0
0.0,127805.0,0.0,0.0,0.0
0.0,129429.0,0.0,0.0,0.0
0.0,97587.0,0.0,0.0,1.0
1.0,120978.0,1.0,0.0,0.0
1.0,124955.0,1.0,0.0,0.0
0.0,112135.0,0.0,0.0,0.0
1.0,141258.0,0.0,0.0,0.0
0.0,60482.0,2.0,0.0,0.0
0.0,57543.0,3.0,0.0,1.0
0.0,106859.0,1.0,0.0,0.0
1.0,97813.0,0.0,0.0,1.0
0.0,123124.0,0.0,0.0,0.0
0.0,62465.0,0.0,0.0,0.0
1.0,60330.0,0.0,0.0,0.0
0.0,51033.0,0.0,0.0,0.0
0.0,113140.0,5.0,0.0,1.0
0.0,133035.0,0.0,0.0,0.0
0.0,134487.0,0.0,0.0,0.0
0.0,106578.0,0.0,0.0,0.0
0.0,140000.0,0.0,0.0,0.0
0.0,117517.0,0.0,0.0,0.0
0.0,140382.0,0.0,0.0,0.0
0.0,131236.0,0.0,0.0,1.0
0.0,60131.0,0.0,0.0,0.0
0.0,58262.0,0.0,0.0,0.0
0.0,102584.0,0.0,0.0,0.0
0.0,52353.0,0.0,0.0,0.0
0.0,53026.0,0.0,0.0,0.0
0.0,131887.0,0.0,0.0,0.0
0.0,54874.0,6.0,0.0,0.0
0.0,116116.0,0.0,0.0,0.0
0.0,56015.0,6.0,0.0,0.0
2.0,153432.0,1.0,0.0,0.0
0.0,55121.0,1.0,0.0,0.0
0.0,67937.0,0.0,0.0,0.0
0.0,124486.0,14.0,0.0,0.0
0.0,63648.0,1.0,0.0,0.0
1.0,155613.0,0.0,0.0,0.0
0.0,90174.0,0.0,0.0,0.0
0.0,123683.0,0.0,0.0,0.0
1.0,85317.0,0.0,0.0,0.0
0.0,128101.0,0.0,0.0,25.0
1.0,149953.0,1.0,0.0,0.0
0.0,123513.0,0.0,0.0,0.0
1.0,56173.0,6.0,0.0,0.0
0.0,116596.0,14.0,0.0,0.0
0.0,114392.0,0.0,0.0,0.0
0.0,58323.0,1.0,0.0,0.0
0.0,131789.0,0.0,0.0,0.0
0.0,130938.0,0.0,0.0,0.0
0.0,115910.0,0.0,0.0,0.0
0.0,56529.0,0.0,0.0,0.0
0.0,66138.0,0.0,0.0,0.0
0.0,64384.0,0.0,0.0,0.0
0.0,123349.0,0.0,0.0,0.0
0.0,123014.0,3.0,0.0,0.0
0.0,62745.0,0.0,0.0,0.0
0.0,140547.0,0.0,0.0,0.0
0.0,16202.0,0.0,0.0,0.0
1.0,141739.0,0.0,0.0,0.0
1.0,102476.0,0.0,0.0,0.0
0.0,912851.0,2.0,0.0,0.0
1.0,735733.0,1.0,0.0,1.0
0.0,872797.0,2.0,0.0,0.0
1.0,535959.0,4.0,0.0,0.0
1.0,1501422.0,4.0,0.0,0.0
0.0,861883.0,12.0,0.0,1.0
1.0,1444957.0,557.0,9.0,53.0
3.0,1401239.0,5.0,0.0,0.0
0.0,821741.0,0.0,0.0,0.0
2.0,1486194.0,12.0,0.0,2.0
3.0,757374.0,7.0,0.0,0.0
0.0,803911.0,7.0,0.0,0.0
2.0,1360738.0,115.0,1.0,0.0
0.0,1140337.0,4.0,0.0,0.0
0.0,767583.0,6.0,0.0,0.0
1.0,1025490.0,4.0,0.0,0.0
1.0,1990106.0,11.0,0.0,0.0
1.0,1558389.0,3.0,0.0,0.0
1.0,906346.0,6.0,0.0,2.0
2.0,800335.0,2.0,0.0,0.0
1.0,1439630.0,161.0,4.0,36.0
0.0,1050805.0,34.0,0.0,11.0
0.0,1189607.0,1.0,0.0,1.0
0.0,869087.0,1.0,0.0,0.0
0.0,925424.0,20.0,0.0,4.0
2.0,1422998.0,8.0,0.0,0.0
0.0,710079.0,1.0,0.0,0.0
0.0,1549385.0,8.0,0.0,0.0
1.0,1518362.0,15.0,1.0,9.0
3.0,1220935.0,1.0,0.0,0.0
2.0,598893.0,1.0,0.0,0.0
2.0,1350296.0,5.0,0.0,0.0
0.0,981627.0,5.0,0.0,3.0
1.0,834707.0,0.0,0.0,0.0
0.0,1253980.0,7.0,0.0,1.0
0.0,599518.0,4.0,0.0,0.0
1.0,976722.0,2.0,0.0,0.0
0.0,1263227.0,3.0,0.0,0.0
0.0,930051.0,4.0,0.0,0.0
0.0,871300.0,141.0,0.0,13.0
2.0,2006036.0,10993.0,217.0,899.0
1.0,902758.0,22.0,0.0,3.0
3.0,691399.0,4.0,0.0,1.0
0.0,673092.0,7.0,0.0,0.0
1.0,664245.0,2.0,0.0,0.0
1.0,1481644.0,15.0,0.0,2.0
2.0,1441283.0,11.0,0.0,8.0
0.0,875209.0,1.0,0.0,0.0
0.0,452593.0,13.0,0.0,2.0
1.0,1226275.0,6.0,0.0,0.0
2.0,531279.0,2.0,0.0,0.0
2.0,1146417.0,6.0,0.0,0.0
2.0,1220104.0,2.0,0.0,0.0
1.0,912684.0,0.0,0.0,0.0
0.0,1346360.0,1.0,0.0,0.0
1.0,538274.0,1.0,0.0,0.0
5.0,1041854.0,7.0,0.0,0.0
0.0,1210497.0,2.0,0.0,0.0
0.0,1407847.0,66.0,2.0,16.0
2.0,1285480.0,28.0,0.0,6.0
0.0,6250.0,0.0,0.0,0.0
0.0,7740.0,3.0,0.0,0.0
0.0,6057.0,0.0,0.0,0.0
0.0,9421.0,1.0,0.0,0.0
0.0,724.0,0.0,0.0,0.0
0.0,13334.0,0.0,0.0,0.0
0.0,5427.0,0.0,0.0,0.0
0.0,11796.0,2.0,0.0,0.0
0.0,9749.0,0.0,0.0,0.0
0.0,4139.0,0.0,0.0,0.0
0.0,4717.0,0.0,0.0,0.0
0.0,2.0,0.0,0.0,0.0
0.0,10713.0,5.0,0.0,0.0
0.0,5917.0,0.0,0.0,0.0
0.0,10047.0,0.0,0.0,0.0
0.0,11196.0,0.0,0.0,0.0
0.0,22106.0,0.0,0.0,0.0
0.0,11351.0,3.0,0.0,0.0
0.0,8721.0,0.0,0.0,0.0
0.0,6149.0,1.0,0.0,0.0
0.0,9011.0,2.0,0.0,0.0
0.0,7569.0,0.0,0.0,0.0
0.0,5343.0,0.0,0.0,0.0
0.0,20439.0,7.0,0.0,0.0
0.0,14422.0,0.0,0.0,0.0
0.0,10255.0,0.0,0.0,0.0
0.0,6701.0,0.0,0.0,0.0
0.0,4034.0,0.0,0.0,1.0
0.0,13348.0,0.0,0.0,0.0
0.0,4262.0,0.0,0.0,0.0
0.0,7626.0,0.0,0.0,0.0
0.0,1523.0,0.0,0.0,0.0
0.0,5486.0,0.0,0.0,0.0
0.0,3588.0,0.0,0.0,0.0
0.0,15076.0,0.0,0.0,0.0
0.0,4876.0,0.0,0.0,0.0
0.0,17687.0,0.0,0.0,0.0
0.0,7152.0,0.0,0.0,0.0
0.0,5392.0,0.0,0.0,0.0
0.0,7589.0,0.0,0.0,0.0
0.0,16759.0,0.0,0.0,0.0
0.0,4847.0,0.0,0.0,0.0
0.0,6389.0,0.0,0.0,0.0
0.0,8436.0,0.0,0.0,0.0
0.0,6004.0,0.0,0.0,0.0
0.0,2355.0,0.0,0.0,0.0
0.0,10476.0,0.0,0.0,0.0
0.0,7027.0,0.0,0.0,0.0
0.0,4003.0,0.0,0.0,0.0
0.0,6286.0,0.0,0.0,0.0
0.0,6536.0,0.0,0.0,0.0
0.0,9166.0,0.0,0.0,0.0
0.0,7306.0,0.0,0.0,0.0
0.0,4281.0,0.0,0.0,0.0
0.0,3055.0,0.0,0.0,0.0
0.0,5472.0,0.0,0.0,0.0
0.0,9533.0,0.0,0.0,0.0
0.0,7071.0,0.0,0.0,0.0
0.0,20526.0,0.0,0.0,0.0
0.0,18641.0,0.0,0.0,0.0
0.0,11562.0,2.0,0.0,0.0
0.0,8294.0,0.0,0.0,0.0
0.0,5496.0,0.0,0.0,0.0
0.0,4299.0,0.0,0.0,0.0
0.0,5165.0,0.0,0.0,0.0
0.0,27834.0,51.0,0.0,0.0
0.0,9203.0,0.0,0.0,0.0
0.0,6570.0,0.0,0.0,0.0
0.0,14734.0,0.0,0.0,0.0
0.0,8158.0,0.0,0.0,0.0
0.0,5853.0,0.0,0.0,0.0
0.0,8990.0,0.0,0.0,0.0
0.0,12271.0,0.0,0.0,0.0
0.0,6386.0,0.0,0.0,0.0
0.0,10797.0,0.0,0.0,0.0
0.0,7372.0,1.0,0.0,0.0
0.0,4737.0,0.0,0.0,0.0
0.0,13181.0,0.0,0.0,0.0
0.0,16111.0,0.0,0.0,0.0
0.0,10779.0,0.0,0.0,0.0
0.0,5781.0,0.0,0.0,0.0
0.0,8308.0,0.0,0.0,0.0
0.0,13789.0,0.0,0.0,0.0
0.0,24107.0,8.0,0.0,0.0
0.0,13652.0,0.0,0.0,0.0
0.0,6400.0,1.0,0.0,0.0
0.0,17830.0,0.0,0.0,0.0
0.0,5356.0,0.0,0.0,0.0
0.0,5327.0,0.0,0.0,0.0
0.0,5377.0,0.0,0.0,0.0
0.0,7410.0,0.0,0.0,0.0
0.0,13476.0,0.0,0.0,0.0
0.0,10805.0,3.0,0.0,0.0
0.0,5474.0,0.0,0.0,0.0
0.0,7766.0,0.0,0.0,0.0
0.0,18432.0,0.0,0.0,0.0
0.0,10531.0,0.0,0.0,0.0
0.0,5371.0,0.0,0.0,0.0
0.0,6109.0,0.0,0.0,0.0
0.0,5312.0,0.0,0.0,0.0
0.0,37709.0,6.0,0.0,0.0
0.0,6304.0,0.0,0.0,0.0
0.0,10715.0,0.0,0.0,0.0
0.0,5720.0,0.0,0.0,0.0
0.0,7431.0,0.0,0.0,0.0
0.0,12210.0,1.0,0.0,0.0
0.0,8535.0,0.0,0.0,0.0
0.0,6078.0,0.0,0.0,0.0
0.0,9705.0,0.0,0.0,0.0
0.0,13649.0,0.0,0.0,0.0
0.0,31058.0,6.0,0.0,0.0
0.0,5997.0,0.0,0.0,0.0
0.0,18177.0,0.0,0.0,0.0
0.0,12870.0,0.0,0.0,0.0
0.0,18384.0,1.0,0.0,0.0
0.0,12002.0,0.0,0.0,0.0
0.0,18305.0,13.0,0.0,0.0
0.0,4911.0,0.0,0.0,0.0
0.0,4330.0,0.0,0.0,0.0
0.0,12171.0,0.0,0.0,0.0
0.0,17716.0,0.0,0.0,0.0
0.0,52.0,0.0,0.0,0.0
0.0,15268.0,0.0,0.0,0.0
0.0,8766.0,0.0,0.0,0.0
0.0,11163.0,3.0,0.0,0.0
0.0,28837.0,4.0,0.0,0.0
0.0,9434.0,0.0,0.0,0.0
0.0,4958.0,0.0,0.0,0.0
0.0,21972.0,50.0,0.0,0.0
0.0,8757.0,0.0,0.0,0.0
0.0,5507.0,0.0,0.0,0.0
0.0,1826.0,0.0,0.0,0.0
0.0,1502.0,0.0,0.0,0.0
0.0,2140.0,0.0,0.0,0.0
0.0,1858.0,0.0,0.0,0.0
0.0,1780.0,0.0,0.0,0.0
0.0,4019.0,0.0,0.0,0.0
0.0,125.0,0.0,0.0,2.0
0.0,2032.0,0.0,0.0,0.0
0.0,2177.0,0.0,0.0,0.0
0.0,1968.0,0.0,0.0,0.0
0.0,2365.0,0.0,0.0,0.0
0.0,1545.0,0.0,0.0,0.0
0.0,4283.0,4.0,0.0,0.0
0.0,2311.0,0.0,0.0,0.0
0.0,3145.0,0.0,0.0,0.0
0.0,3463.0,0.0,0.0,0.0
0.0,2085.0,0.0,0.0,0.0
0.0,1718.0,0.0,0.0,0.0
0.0,2545.0,0.0,0.0,0.0
0.0,3741.0,0.0,0.0,0.0
0.0,2003.0,6.0,0.0,0.0
0.0,2225.0,0.0,0.0,1.0
0.0,1734.0,0.0,0.0,0.0
0.0,3028.0,0.0,0.0,0.0
0.0,2447.0,0.0,0.0,0.0
0.0,3226.0,0.0,0.0,0.0
0.0,4744.0,0.0,0.0,0.0
0.0,1597.0,0.0,0.0,0.0
0.0,2440.0,0.0,0.0,0.0
0.0,3910.0,0.0,0.0,0.0
0.0,2447.0,0.0,0.0,0.0
0.0,2081.0,0.0,0.0,0.0
0.0,3198.0,1.0,0.0,0.0
0.0,1815.0,0.0,0.0,0.0
0.0,2346.0,12.0,0.0,1.0
0.0,1864.0,0.0,0.0,0.0
0.0,3700.0,0.0,0.0,0.0
0.0,1733.0,0.0,0.0,0.0
0.0,2596.0,0.0,0.0,0.0
0.0,2007.0,0.0,0.0,0.0
0.0,3482.0,0.0,0.0,0.0
0.0,9190.0,0.0,0.0,0.0
0.0,3426.0,0.0,0.0,0.0
0.0,4813.0,0.0,0.0,0.0
0.0,2610.0,0.0,0.0,0.0
0.0,6017.0,0.0,0.0,0.0
0.0,7612.0,0.0,0.0,0.0
0.0,4062.0,0.0,0.0,0.0
0.0,13708.0,0.0,0.0,0.0
0.0,6562.0,0.0,0.0,0.0
100.0,513684.0,4.0,0.0,2.0
4.0,600411.0,117.0,0.0,36.0
0.0,3026.0,0.0,0.0,0.0
4.0,430850.0,2.0,0.0,4.0
6.0,378082.0,20.0,0.0,3.0
89.0,1270232.0,7.0,0.0,1.0
0.0,34950.0,151.0,0.0,6.0
20.0,355004.0,14.0,0.0,12.0
0.0,46943.0,0.0,0.0,0.0
66.0,675215.0,30.0,0.0,4.0
6.0,447894.0,4.0,0.0,3.0
7.0,308992.0,5.0,0.0,2.0
2.0,631654.0,282.0,5.0,139.0
0.0,56120.0,2.0,0.0,0.0
980.0,522686.0,1.0,0.0,0.0
12.0,492786.0,3.0,0.0,2.0
6.0,328005.0,19.0,0.0,35.0
0.0,59171.0,0.0,0.0,1.0
0.0,10659.0,0.0,0.0,0.0
21.0,471732.0,1.0,0.0,8.0
1.0,462757.0,11.0,0.0,2.0
20.0,497356.0,1.0,0.0,1.0
112.0,449615.0,9.0,0.0,2.0
0.0,99825.0,76.0,0.0,25.0
0.0,38037.0,32.0,0.0,34.0
23.0,523986.0,529.0,1.0,197.0
1.0,50258.0,61.0,0.0,67.0
0.0,47653.0,6.0,0.0,3.0
2171.0,639846.0,2.0,0.0,3.0
2027.0,200340.0,172.0,0.0,12.0
0.0,61229.0,1.0,0.0,0.0
1.0,427044.0,4.0,0.0,2.0
1.0,181683.0,4.0,0.0,2.0
10.0,333795.0,5.0,0.0,15.0
623.0,336637.0,5.0,0.0,1.0
705.0,225788.0,217.0,0.0,29.0
3.0,587329.0,683.0,0.0,163.0
31.0,254080.0,3.0,0.0,1.0
56.0,274204.0,17.0,0.0,4.0
11.0,188924.0,74.0,0.0,37.0
4.0,563302.0,40.0,0.0,6.0
0.0,40385.0,1.0,0.0,0.0
8.0,431207.0,6.0,0.0,3.0
236.0,490424.0,0.0,0.0,3.0
0.0,15914.0,0.0,0.0,0.0
0.0,16670.0,0.0,0.0,0.0
0.0,30766.0,0.0,0.0,0.0
0.0,13260.0,0.0,0.0,0.0
1.0,14802.0,2.0,0.0,1.0
0.0,12986.0,0.0,0.0,0.0
0.0,12483.0,1.0,0.0,0.0
0.0,18060.0,0.0,0.0,0.0
0.0,23800.0,11.0,0.0,4.0
0.0,7376.0,0.0,0.0,0.0
0.0,17332.0,35.0,0.0,2.0
0.0,18233.0,0.0,0.0,0.0
0.0,20613.0,0.0,0.0,0.0
0.0,16637.0,0.0,0.0,0.0
0.0,16638.0,0.0,0.0,0.0
0.0,16223.0,0.0,0.0,0.0
0.0,11998.0,0.0,0.0,0.0
0.0,15631.0,0.0,0.0,0.0
0.0,14810.0,0.0,0.0,0.0
0.0,33409.0,0.0,0.0,0.0
0.0,40808.0,0.0,0.0,0.0
0.0,17719.0,0.0,0.0,0.0
0.0,28837.0,0.0,0.0,0.0
0.0,20328.0,0.0,0.0,0.0
0.0,33523.0,0.0,0.0,0.0
0.0,33694.0,0.0,0.0,0.0
0.0,21545.0,0.0,0.0,0.0
0.0,32955.0,3.0,0.0,0.0
0.0,22528.0,0.0,0.0,2.0
0.0,46976.0,0.0,0.0,0.0
0.0,19556.0,0.0,0.0,0.0
0.0,19514.0,0.0,0.0,5.0
0.0,45474.0,0.0,0.0,0.0
0.0,36608.0,0.0,0.0,0.0
0.0,48116.0,0.0,0.0,0.0
0.0,23445.0,0.0,0.0,0.0
0.0,23444.0,0.0,0.0,0.0
0.0,13399.0,0.0,0.0,0.0
0.0,36081.0,0.0,0.0,0.0
2.0,20982.0,0.0,0.0,0.0
0.0,28450.0,4.0,0.0,0.0
0.0,18774.0,0.0,0.0,0.0
0.0,25056.0,0.0,0.0,0.0
0.0,44406.0,1.0,0.0,0.0
0.0,16415.0,0.0,0.0,1.0
0.0,50177.0,0.0,0.0,0.0
0.0,34280.0,0.0,0.0,0.0
0.0,2834.0,0.0,0.0,0.0
0.0,47122.0,4.0,0.0,0.0
0.0,24543.0,0.0,0.0,0.0
0.0,21071.0,0.0,0.0,10.0
7.0,48508.0,0.0,0.0,0.0
0.0,22985.0,0.0,0.0,0.0
0.0,25143.0,0.0,0.0,0.0
0.0,25238.0,0.0,0.0,0.0
0.0,4825.0,0.0,0.0,0.0
0.0,41721.0,0.0,0.0,0.0
0.0,32182.0,0.0,0.0,3.0
0.0,45727.0,0.0,0.0,0.0
0.0,13257.0,0.0,0.0,0.0
0.0,10547.0,0.0,0.0,0.0
0.0,38090.0,0.0,0.0,0.0
0.0,28962.0,0.0,0.0,0.0
0.0,21835.0,0.0,0.0,0.0
0.0,14654.0,0.0,0.0,0.0
0.0,43948.0,0.0,0.0,0.0
0.0,25082.0,0.0,0.0,0.0
0.0,17677.0,0.0,0.0,0.0
0.0,42509.0,0.0,0.0,0.0
0.0,45557.0,0.0,0.0,0.0
0.0,29271.0,0.0,0.0,0.0
0.0,19096.0,1.0,0.0,37.0
0.0,27901.0,0.0,0.0,0.0
0.0,17563.0,0.0,0.0,0.0
0.0,19114.0,0.0,0.0,21.0
0.0,55231.0,0.0,0.0,0.0
0.0,19644.0,0.0,0.0,3.0
0.0,31416.0,0.0,0.0,0.0
0.0,17014.0,0.0,0.0,0.0
0.0,32205.0,1.0,0.0,1.0
0.0,19319.0,0.0,0.0,0.0
0.0,35044.0,0.0,0.0,0.0
0.0,38004.0,0.0,0.0,0.0
0.0,42483.0,0.0,0.0,0.0
0.0,23195.0,0.0,0.0,7.0
0.0,37611.0,0.0,0.0,0.0
0.0,24258.0,0.0,0.0,0.0
0.0,22189.0,0.0,0.0,0.0
3.0,85874.0,2.0,0.0,0.0
1.0,96559.0,0.0,0.0,0.0
0.0,82524.0,1.0,0.0,1.0
0.0,84511.0,7.0,0.0,1.0
36.0,83038.0,4.0,1.0,0.0
0.0,81757.0,7.0,0.0,0.0
0.0,86740.0,3.0,0.0,0.0
0.0,79476.0,19.0,0.0,0.0
0.0,98046.0,16.0,0.0,0.0
15.0,82975.0,5.0,0.0,0.0
0.0,96137.0,3.0,0.0,1.0
0.0,89165.0,0.0,0.0,0.0
18.0,88876.0,4.0,0.0,1.0
0.0,83748.0,1.0,0.0,0.0
3.0,103797.0,3.0,0.0,2.0
0.0,93319.0,1.0,0.0,0.0
0.0,80124.0,20.0,0.0,4.0
0.0,90269.0,39.0,0.0,10.0
1.0,84577.0,2.0,0.0,1.0
0.0,89582.0,8.0,0.0,0.0
3.0,88955.0,7.0,0.0,1.0
0.0,13.0,0.0,0.0,0.0
0.0,20.0,0.0,0.0,0.0
0.0,11.0,0.0,0.0,0.0
0.0,41.0,0.0,0.0,0.0
0.0,51.0,0.0,0.0,0.0
0.0,90.0,0.0,1.0,0.0
0.0,79.0,0.0,0.0,0.0
0.0,52.0,0.0,1.0,0.0
0.0,31.0,0.0,0.0,0.0
0.0,39.0,0.0,0.0,0.0
0.0,12.0,0.0,0.0,0.0
0.0,70.0,0.0,0.0,0.0
0.0,18.0,0.0,0.0,0.0
0.0,5.0,0.0,0.0,0.0
0.0,3.0,0.0,0.0,0.0
0.0,34.0,0.0,0.0,0.0
0.0,22.0,0.0,0.0,0.0
0.0,10.0,0.0,0.0,0.0
0.0,62.0,0.0,0.0,0.0
0.0,14.0,0.0,0.0,0.0
0.0,16.0,0.0,0.0,0.0
0.0,3.0,0.0,0.0,0.0
0.0,9.0,0.0,0.0,0.0
0.0,7.0,0.0,0.0,0.0
0.0,7.0,0.0,0.0,0.0
0.0,5.0,0.0,0.0,0.0
0.0,1.0,0.0,0.0,0.0
0.0,12.0,0.0,0.0,0.0
0.0,72.0,0.0,0.0,0.0
0.0,6.0,0.0,0.0,0.0
0.0,7.0,0.0,0.0,0.0
0.0,4.0,0.0,0.0,0.0
0.0,4.0,0.0,0.0,0.0
0.0,3.0,0.0,0.0,0.0
0.0,9.0,0.0,0.0,0.0
0.0,2.0,0.0,0.0,0.0
0.0,86.0,0.0,1.0,0.0
0.0,70.0,0.0,0.0,0.0
0.0,102.0,0.0,0.0,0.0
0.0,38.0,0.0,0.0,0.0
0.0,58.0,0.0,0.0,0.0
0.0,70.0,0.0,0.0,0.0
0.0,33.0,0.0,0.0,0.0
0.0,50.0,0.0,0.0,0.0
0.0,56.0,0.0,0.0,0.0
0.0,69.0,0.0,0.0,0.0
0.0,63.0,0.0,0.0,0.0
0.0,62.0,0.0,0.0,0.0
0.0,61.0,0.0,0.0,0.0
0.0,51.0,0.0,1.0,0.0
0.0,72.0,0.0,0.0,0.0
0.0,1.0,0.0,0.0,0.0
0.0,18.0,0.0,0.0,0.0
0.0,15.0,0.0,0.0,0.0
0.0,22.0,0.0,0.0,0.0
0.0,43.0,0.0,2.0,0.0
0.0,42.0,0.0,0.0,0.0
0.0,68.0,0.0,1.0,0.0
0.0,75.0,0.0,1.0,0.0
0.0,24.0,0.0,0.0,0.0
0.0,26.0,0.0,0.0,0.0
0.0,27.0,0.0,0.0,0.0
0.0,16.0,0.0,0.0,0.0
0.0,14.0,0.0,0.0,0.0
0.0,33.0,0.0,0.0,0.0
0.0,30.0,0.0,2.0,0.0
0.0,28.0,0.0,0.0,0.0
0.0,47.0,0.0,2.0,0.0
0.0,49.0,0.0,0.0,0.0
0.0,9.0,0.0,0.0,0.0
0.0,17.0,0.0,0.0,0.0
0.0,11.0,0.0,0.0,0.0
0.0,11.0,0.0,0.0,0.0
0.0,5.0,0.0,0.0,0.0
0.0,24.0,0.0,0.0,0.0
0.0,1.0,0.0,0.0,0.0
0.0,13.0,0.0,0.0,0.0
0.0,7.0,0.0,0.0,0.0
0.0,31.0,0.0,0.0,0.0
0.0,34.0,0.0,0.0,0.0
0.0,21.0,0.0,0.0,0.0
0.0,20.0,0.0,1.0,0.0
0.0,31.0,0.0,1.0,0.0
0.0,20.0,0.0,0.0,0.0
0.0,25.0,0.0,0.0,0.0
0.0,15.0,0.0,2.0,0.0
0.0,11.0,0.0,0.0,0.0
0.0,8.0,0.0,0.0,0.0
0.0,6.0,0.0,0.0,0.0
0.0,23.0,0.0,0.0,0.0
0.0,21.0,0.0,0.0,0.0
0.0,33.0,0.0,0.0,0.0
0.0,21.0,0.0,0.0,0.0
0.0,32.0,0.0,1.0,0.0
0.0,15.0,0.0,0.0,0.0
0.0,37.0,0.0,0.0,0.0
0.0,24.0,0.0,0.0,0.0
0.0,5.0,0.0,0.0,0.0
0.0,14.0,0.0,0.0,0.0
0.0,6.0,0.0,0.0,0.0
0.0,17.0,0.0,0.0,0.0
0.0,8.0,0.0,0.0,0.0
0.0,23.0,0.0,0.0,0.0
0.0,16.0,0.0,0.0,0.0
0.0,32.0,0.0,2.0,0.0
0.0,3.0,0.0,0.0,0.0
0.0,60.0,0.0,1.0,0.0
0.0,8.0,0.0,0.0,0.0
0.0,9.0,0.0,0.0,0.0
0.0,6.0,0.0,0.0,0.0
0.0,22.0,0.0,0.0,0.0
0.0,45.0,0.0,2.0,0.0
0.0,5.0,0.0,0.0,0.0
0.0,47.0,0.0,1.0,0.0
0.0,34.0,0.0,0.0,0.0
0.0,3.0,0.0,0.0,0.0
0.0,13.0,0.0,0.0,0.0
0.0,3.0,0.0,0.0,0.0
0.0,5.0,0.0,0.0,0.0
0.0,20.0,0.0,1.0,0.0
0.0,21.0,0.0,0.0,0.0
0.0,5.0,0.0,0.0,0.0
0.0,2.0,0.0,0.0,0.0
0.0,7.0,0.0,0.0,0.0
0.0,13.0,0.0,0.0,0.0
0.0,7.0,0.0,0.0,0.0
0.0,2.0,0.0,0.0,0.0
0.0,15.0,0.0,0.0,0.0
0.0,20.0,0.0,0.0,0.0
0.0,14.0,0.0,0.0,0.0
0.0,9.0,0.0,0.0,0.0
0.0,4.0,0.0,0.0,0.0
0.0,4.0,0.0,0.0,0.0
0.0,5.0,0.0,0.0,0.0
0.0,15.0,0.0,0.0,0.0
0.0,3.0,0.0,0.0,0.0
0.0,35.0,0.0,2.0,0.0
0.0,40.0,0.0,0.0,0.0
0.0,1.0,0.0,0.0,0.0
0.0,21.0,0.0,0.0,0.0
