1.0,3.7200759760208356e-44,3.7200759760208356e-44,3.7200759760208356e-44
1.0,3.7200759760208356e-44,3.7200759760208356e-44,3.7200759760208356e-44
1.0,3.7200759760208356e-44,3.7200759760208356e-44,3.7200759760208356e-44
1.0,3.7200759760208356e-44,3.7200759760208356e-44,3.7200759760208356e-44
1.0,3.7200759760208356e-44,3.7200759760208356e-44,3.7200759760208356e-44
1.0,3.7200759760208356e-44,3.7200759760208356e-44,3.7200759760208356e-44
1.0,3.7200759760208356e-44,3.7200759760208356e-44,3.7200759760208356e-44
1.0,3.7200759760208356e-44,3.7200759760208356e-44,3.7200759760208356e-44
1.0,3.7313727320873906e-44,3.7257200724447153e-44,3.7257200724447153e-44
1.0,3.7200759760208356e-44,3.7200759760208356e-44,3.7200759760208356e-44
1.0,3.7200759760208356e-44,3.7200759760208356e-44,3.7200759760208356e-44
1.0,3.7200759760208356e-44,3.7200759760208356e-44,3.7200759760208356e-44
1.0,3.7200759760208356e-44,3.7200759760208356e-44,3.7200759760208356e-44
1.0,3.7200759760208356e-44,3.7200759760208356e-44,3.7200759760208356e-44
1.0,3.7200759760208356e-44,3.7200759760208356e-44,3.7200759760208356e-44
1.0,3.7200759760208356e-44,3.7200759760208356e-44,3.7200759760208356e-44
1.0,3.7200759760208356e-44,3.7200759760208356e-44,3.7200759760208356e-44
1.0,3.7200759760208356e-44,3.7200759760208356e-44,3.7200759760208356e-44
1.0,3.7200759760208356e-44,3.7200759760208356e-44,3.7200759760208356e-44
1.0,3.7200759760208356e-44,3.7200759760208356e-44,3.7200759760208356e-44
1.0,3.7200759760208356e-44,3.7200759760208356e-44,3.7200759760208356e-44
1.0,3.7200759760208356e-44,3.7200759760208356e-44,3.7200759760208356e-44
1.0,3.7200759760208356e-44,3.7200759760208356e-44,3.7200759760208356e-44
1.0,3.7200759760208356e-44,3.7200759760208356e-44,3.7200759760208356e-44
1.0,3.7200759760208356e-44,3.7200759760208356e-44,3.7200759760208356e-44
1.0,3.7200759760208356e-44,3.7200759760208356e-44,3.7200759760208356e-44
1.0,3.7200759760208356e-44,3.7200759760208356e-44,3.7200759760208356e-44
1.0,3.7200759760208356e-44,3.7200759760208356e-44,3.7200759760208356e-44
1.0,3.7200759760208356e-44,3.7200759760208356e-44,3.7200759760208356e-44
1.0,3.7200759760208356e-44,3.7200759760208356e-44,3.7200759760208356e-44
1.0,3.7200759760208356e-44,3.7200759760208356e-44,3.7200759760208356e-44
1.0,3.7200759760208356e-44,3.7200759760208356e-44,3.7200759760208356e-44
1.0,3.7200759760208356e-44,3.7200759760208356e-44,3.7200759760208356e-44
1.0,3.7200759760208356e-44,3.7200759760208356e-44,3.7200759760208356e-44
1.0,3.7200759760208356e-44,3.7200759760208356e-44,3.7200759760208356e-44
1.0,3.7200759760208356e-44,3.7200759760208356e-44,3.7200759760208356e-44
1.0,3.7200759760208356e-44,3.7200759760208356e-44,3.7200759760208356e-44
1.0,3.7200759760208356e-44,3.7200759760208356e-44,3.7200759760208356e-44
1.0,3.7200759760208356e-44,3.7200759760208356e-44,3.7200759760208356e-44
1.0,3.7200759760208356e-44,3.7200759760208356e-44,3.7200759760208356e-44
1.0,3.7200759760208356e-44,3.7200759760208356e-44,3.7200759760208356e-44
1.0,3.7200759760208356e-44,3.7200759760208356e-44,3.7200759760208356e-44
1.0,3.7200759760208356e-44,3.7200759760208356e-44,3.7200759760208356e-44
1.0,3.7200759760208356e-44,3.7200759760208356e-44,3.7200759760208356e-44
1.0,3.7200759760208356e-44,3.7200759760208356e-44,3.7200759760208356e-44
1.0,3.7200759760208356e-44,3.7200759760208356e-44,3.7200759760208356e-44
1.0,3.7200759760208356e-44,3.7200759760208356e-44,3.7200759760208356e-44
1.0,3.7200759760208356e-44,3.7200759760208356e-44,3.7200759760208356e-44
1.0,3.7200759760208356e-44,3.7200759760208356e-44,3.7200759760208356e-44
1.0,3.7200759760208356e-44,3.7200759760208356e-44,3.7200759760208356e-44
1.0,3.7200759760208356e-44,3.7200759760208356e-44,3.7200759760208356e-44
1.0,3.7200759760208356e-44,3.7200759760208356e-44,3.7200759760208356e-44
1.0,3.7200759760208356e-44,3.7200759760208356e-44,3.7200759760208356e-44
1.0,3.7200759760208356e-44,3.7200759760208356e-44,3.7200759760208356e-44
1.0,3.7200759760208356e-44,3.7200759760208356e-44,3.7200759760208356e-44
1.0,3.7200759760208356e-44,3.7200759760208356e-44,3.7200759760208356e-44
1.0,3.7200759760208356e-44,3.7200759760208356e-44,3.7200759760208356e-44
1.0,3.7200759760208356e-44,3.7200759760208356e-44,3.7200759760208356e-44
1.0,3.7200759760208356e-44,3.7200759760208356e-44,3.7200759760208356e-44
1.0,3.7200759760208356e-44,3.7200759760208356e-44,3.7200759760208356e-44
1.0,3.7200759760208356e-44,3.7200759760208356e-44,3.7200759760208356e-44
1.0,3.7200759760208356e-44,3.7200759760208356e-44,3.7200759760208356e-44
1.0,3.7200759760208356e-44,3.7200759760208356e-44,3.7200759760208356e-44
1.0,3.7200759760208356e-44,3.7200759760208356e-44,3.7200759760208356e-44
1.0,3.7200759760208356e-44,3.7200759760208356e-44,3.7200759760208356e-44
1.0,3.7200759760208356e-44,3.7200759760208356e-44,3.7200759760208356e-44
1.0,3.7200759760208356e-44,3.7200759760208356e-44,3.7200759760208356e-44
1.0,3.7200759760208356e-44,3.7200759760208356e-44,3.7200759760208356e-44
1.0,3.7200759760208356e-44,3.7200759760208356e-44,3.7200759760208356e-44
1.0,3.7200759760208356e-44,3.7200759760208356e-44,3.7200759760208356e-44
1.0,3.7200759760208356e-44,3.7200759760208356e-44,3.7200759760208356e-44
1.0,3.7200759760208356e-44,3.7200759760208356e-44,3.7200759760208356e-44
1.0,3.7200759760208356e-44,3.7200759760208356e-44,3.7200759760208356e-44
1.0,3.7200759760208356e-44,3.7200759760208356e-44,3.7200759760208356e-44
1.0,3.7200759760208356e-44,3.7200759760208356e-44,3.7200759760208356e-44
1.0,3.7200759760208356e-44,3.7200759760208356e-44,3.7200759760208356e-44
1.0,3.7200759760208356e-44,3.7200759760208356e-44,3.7200759760208356e-44
1.0,3.7200759760208356e-44,3.7200759760208356e-44,3.7200759760208356e-44
1.0,3.7200759760208356e-44,3.7200759760208356e-44,3.7200759760208356e-44
1.0,3.7200759760208356e-44,3.7200759760208356e-44,3.7200759760208356e-44
1.0,3.7200759760208356e-44,3.7200759760208356e-44,3.7200759760208356e-44
1.0,3.7200759760208356e-44,3.7200759760208356e-44,3.7200759760208356e-44
1.0,3.7200759760208356e-44,3.7200759760208356e-44,3.7200759760208356e-44
1.0,3.7200759760208356e-44,3.7200759760208356e-44,3.7200759760208356e-44
1.0,3.7200759760208356e-44,3.7200759760208356e-44,3.7200759760208356e-44
1.0,3.7780696032282016e-44,3.7489606515278184e-44,3.7489606515278184e-44
1.0,3.7200759760208356e-44,3.7200759760208356e-44,3.7200759760208356e-44
1.0,3.7200759760208356e-44,3.7200759760208356e-44,3.7200759760208356e-44
1.0,3.7200759760208356e-44,3.7200759760208356e-44,3.7200759760208356e-44
1.0,3.7200759760208356e-44,3.7200759760208356e-44,3.7200759760208356e-44
1.0,3.7200759760208356e-44,3.7200759760208356e-44,3.7200759760208356e-44
1.0,3.7200759760208356e-44,3.7200759760208356e-44,3.7200759760208356e-44
1.0,3.7200759760208356e-44,3.7200759760208356e-44,3.7200759760208356e-44
1.0,3.7200759760208356e-44,3.7200759760208356e-44,3.7200759760208356e-44
1.0,3.7200759760208356e-44,3.7200759760208356e-44,3.7200759760208356e-44
1.0,3.7200759760208356e-44,3.7200759760208356e-44,3.7200759760208356e-44
1.0,3.7200759760208356e-44,3.7200759760208356e-44,3.7200759760208356e-44
1.0,3.7200759760208356e-44,3.7200759760208356e-44,3.7200759760208356e-44
1.0,3.7200759760208356e-44,3.7200759760208356e-44,3.7200759760208356e-44
1.0,3.7200759760208356e-44,3.7200759760208356e-44,3.7200759760208356e-44
1.0,3.7200759760208356e-44,3.7200759760208356e-44,3.7200759760208356e-44
1.0,3.7200759760208356e-44,3.7200759760208356e-44,3.7200759760208356e-44
1.0,3.7200759760208356e-44,3.7200759760208356e-44,3.7200759760208356e-44
1.0,3.7200759760208356e-44,3.7200759760208356e-44,3.7200759760208356e-44
1.0,3.7200759760208356e-44,3.7200759760208356e-44,3.7200759760208356e-44
1.0,3.7200759760208356e-44,3.7200759760208356e-44,3.7200759760208356e-44
1.0,3.7200759760208356e-44,3.7200759760208356e-44,3.7200759760208356e-44
1.0,3.7200759760208356e-44,3.7200759760208356e-44,3.7200759760208356e-44
1.0,3.7200759760208356e-44,3.7200759760208356e-44,3.7200759760208356e-44
1.0,3.7200759760208356e-44,3.7200759760208356e-44,3.7200759760208356e-44
1.0,3.7200759760208356e-44,3.7200759760208356e-44,3.7200759760208356e-44
1.0,3.7200759760208356e-44,3.7200759760208356e-44,3.7200759760208356e-44
1.0,3.7200759760208356e-44,3.7200759760208356e-44,3.7200759760208356e-44
1.0,3.7200759760208356e-44,3.7200759760208356e-44,3.7200759760208356e-44
1.0,3.7200759760208356e-44,3.7200759760208356e-44,3.7200759760208356e-44
1.0,3.7200759760208356e-44,3.7200759760208356e-44,3.7200759760208356e-44
1.0,3.7200759760208356e-44,3.7200759760208356e-44,3.7200759760208356e-44
1.0,3.7200759760208356e-44,3.7200759760208356e-44,3.7200759760208356e-44
1.0,3.7200759760208356e-44,3.7200759760208356e-44,3.7200759760208356e-44
1.0,3.7200759760208356e-44,3.7200759760208356e-44,3.7200759760208356e-44
1.0,3.7200759760208356e-44,3.7200759760208356e-44,3.7200759760208356e-44
1.0,3.7200759760208356e-44,3.7200759760208356e-44,3.7200759760208356e-44
1.0,3.7200759760208356e-44,3.7200759760208356e-44,3.7200759760208356e-44
1.0,3.7200759760208356e-44,3.7200759760208356e-44,3.7200759760208356e-44
1.0,3.7200759760208356e-44,3.7200759760208356e-44,3.7200759760208356e-44
1.0,3.7200759760208356e-44,3.7200759760208356e-44,3.7200759760208356e-44
1.0,3.7200759760208356e-44,3.7200759760208356e-44,3.7200759760208356e-44
1.0,3.7200759760208356e-44,3.7200759760208356e-44,3.7200759760208356e-44
1.0,3.7200759760208356e-44,3.7200759760208356e-44,3.7200759760208356e-44
1.0,3.7200759760208356e-44,3.7200759760208356e-44,3.7200759760208356e-44
1.0,3.7200759760208356e-44,3.7200759760208356e-44,3.7200759760208356e-44
1.0,3.7200759760208356e-44,3.7200759760208356e-44,3.7200759760208356e-44
1.0,3.7200759760208356e-44,3.7200759760208356e-44,3.7200759760208356e-44
1.0,3.7200759760208356e-44,3.7200759760208356e-44,3.7200759760208356e-44
1.0,3.7200759760208356e-44,3.7200759760208356e-44,3.7200759760208356e-44
1.0,3.7200759760208356e-44,3.7200759760208356e-44,3.7200759760208356e-44
1.0,3.7200759760208356e-44,3.7200759760208356e-44,3.7200759760208356e-44
1.0,3.777702777988703e-44,3.7487786476321734e-44,3.7487786476321734e-44
1.0,3.7200759760208356e-44,3.7200759760208356e-44,3.7200759760208356e-44
1.0,3.7200759760208356e-44,3.7200759760208356e-44,3.7200759760208356e-44
1.0,3.7200759760208356e-44,3.7200759760208356e-44,3.7200759760208356e-44
1.0,3.7200759760208356e-44,3.7200759760208356e-44,3.7200759760208356e-44
1.0,3.7200759760208356e-44,3.7200759760208356e-44,3.7200759760208356e-44
1.0,3.7200759760208356e-44,3.7200759760208356e-44,3.7200759760208356e-44
1.0,3.7200759760208356e-44,3.7200759760208356e-44,3.7200759760208356e-44
1.0,3.7200759760208356e-44,3.7200759760208356e-44,3.7200759760208356e-44
1.0,3.7200759760208356e-44,3.7200759760208356e-44,3.7200759760208356e-44
1.0,3.7200759760208356e-44,3.7200759760208356e-44,3.7200759760208356e-44
1.0,3.7200759760208356e-44,3.7200759760208356e-44,3.7200759760208356e-44
1.0,3.7200759760208356e-44,3.7200759760208356e-44,3.7200759760208356e-44
1.0,3.7200759760208356e-44,3.7200759760208356e-44,3.7200759760208356e-44
1.0,3.7200759760208356e-44,3.7200759760208356e-44,3.7200759760208356e-44
1.0,3.7200759760208356e-44,3.7200759760208356e-44,3.7200759760208356e-44
1.0,3.7200759760208356e-44,3.7200759760208356e-44,3.7200759760208356e-44
1.0,3.7200759760208356e-44,3.7200759760208356e-44,3.7200759760208356e-44
1.0,3.7200759760208356e-44,3.7200759760208356e-44,3.7200759760208356e-44
1.0,3.7200759760208356e-44,3.7200759760208356e-44,3.7200759760208356e-44
1.0,3.7200759760208356e-44,3.7200759760208356e-44,3.7200759760208356e-44
1.0,3.7200759760208356e-44,3.7200759760208356e-44,3.7200759760208356e-44
1.0,3.7200759760208356e-44,3.7200759760208356e-44,3.7200759760208356e-44
1.0,3.7200759760208356e-44,3.7200759760208356e-44,3.7200759760208356e-44
1.0,3.7200759760208356e-44,3.7200759760208356e-44,3.7200759760208356e-44
1.0,3.7200759760208356e-44,3.7200759760208356e-44,3.7200759760208356e-44
1.0,3.7200759760208356e-44,3.7200759760208356e-44,3.7200759760208356e-44
1.0,3.7200759760208356e-44,3.7200759760208356e-44,3.7200759760208356e-44
1.0,3.7200759760208356e-44,3.7200759760208356e-44,3.7200759760208356e-44
1.0,3.7200759760208356e-44,3.7200759760208356e-44,3.7200759760208356e-44
1.0,3.7200759760208356e-44,3.7200759760208356e-44,3.7200759760208356e-44
1.0,3.7200759760208356e-44,3.7200759760208356e-44,3.7200759760208356e-44
1.0,3.7200759760208356e-44,3.7200759760208356e-44,3.7200759760208356e-44
1.0,3.7200759760208356e-44,3.7200759760208356e-44,3.7200759760208356e-44
1.0,3.7200759760208356e-44,3.7200759760208356e-44,3.7200759760208356e-44
1.0,3.7200759760208356e-44,3.7200759760208356e-44,3.7200759760208356e-44
1.0,3.7200759760208356e-44,3.7200759760208356e-44,3.7200759760208356e-44
1.0,3.7200759760208356e-44,3.7200759760208356e-44,3.7200759760208356e-44
1.0,3.7200759760208356e-44,3.7200759760208356e-44,3.7200759760208356e-44
1.0,3.7200759760208356e-44,3.7200759760208356e-44,3.7200759760208356e-44
1.0,3.7200759760208356e-44,3.7200759760208356e-44,3.7200759760208356e-44
1.0,3.7200759760208356e-44,3.7200759760208356e-44,3.7200759760208356e-44
1.0,3.7200759760208356e-44,3.7200759760208356e-44,3.7200759760208356e-44
1.0,3.7200759760208356e-44,3.7200759760208356e-44,3.7200759760208356e-44
1.0,3.7200759760208356e-44,3.7200759760208356e-44,3.7200759760208356e-44
1.0,3.7200759760208356e-44,3.7200759760208356e-44,3.7200759760208356e-44
1.0,3.7200759760208356e-44,3.7200759760208356e-44,3.7200759760208356e-44
1.0,3.7200759760208356e-44,3.7200759760208356e-44,3.7200759760208356e-44
1.0,3.7200759760208356e-44,3.7200759760208356e-44,3.7200759760208356e-44
1.0,3.7200759760208356e-44,3.7200759760208356e-44,3.7200759760208356e-44
1.0,3.7200759760208356e-44,3.7200759760208356e-44,3.7200759760208356e-44
1.0,3.7200759760208356e-44,3.7200759760208356e-44,3.7200759760208356e-44
1.0,3.7200759760208356e-44,3.7200759760208356e-44,3.7200759760208356e-44
1.0,3.7200759760208356e-44,3.7200759760208356e-44,3.7200759760208356e-44
1.0,3.7200759760208356e-44,3.7200759760208356e-44,3.7200759760208356e-44
1.0,3.7200759760208356e-44,3.7200759760208356e-44,3.7200759760208356e-44
1.0,3.7200759760208356e-44,3.7200759760208356e-44,3.7200759760208356e-44
1.0,3.7200759760208356e-44,3.7200759760208356e-44,3.7200759760208356e-44
1.0,3.7200759760208356e-44,3.7200759760208356e-44,3.7200759760208356e-44
1.0,3.7200759760208356e-44,3.7200759760208356e-44,3.7200759760208356e-44
1.0,3.7200759760208356e-44,3.7200759760208356e-44,3.7200759760208356e-44
1.0,3.7200759760208356e-44,3.7200759760208356e-44,3.7200759760208356e-44
1.0,3.7200759760208356e-44,3.7200759760208356e-44,3.7200759760208356e-44
1.0,3.7200759760208356e-44,3.7200759760208356e-44,3.7200759760208356e-44
1.0,3.7200759760208356e-44,3.7200759760208356e-44,3.7200759760208356e-44
1.0,3.7200759760208356e-44,3.7200759760208356e-44,3.7200759760208356e-44
1.0,3.7200759760208356e-44,3.7200759760208356e-44,3.7200759760208356e-44
1.0,3.7200759760208356e-44,3.7200759760208356e-44,3.7200759760208356e-44
1.0,3.7200759760208356e-44,3.7200759760208356e-44,3.7200759760208356e-44
1.0,3.7200759760208356e-44,3.7200759760208356e-44,3.7200759760208356e-44
1.0,3.7200759760208356e-44,3.7200759760208356e-44,3.7200759760208356e-44
1.0,3.7200759760208356e-44,3.7200759760208356e-44,3.7200759760208356e-44
1.0,3.7200759760208356e-44,3.7200759760208356e-44,3.7200759760208356e-44
1.0,3.7200759760208356e-44,3.7200759760208356e-44,3.7200759760208356e-44
1.0,3.7200759760208356e-44,3.7200759760208356e-44,3.7200759760208356e-44
1.0,3.7200759760208356e-44,3.7200759760208356e-44,3.7200759760208356e-44
1.0,3.7200759760208356e-44,3.7200759760208356e-44,3.7200759760208356e-44
1.0,3.7200759760208356e-44,3.7200759760208356e-44,3.7200759760208356e-44
1.0,3.7200759760208356e-44,3.7200759760208356e-44,3.7200759760208356e-44
1.0,3.7200759760208356e-44,3.7200759760208356e-44,3.7200759760208356e-44
1.0,3.7200759760208356e-44,3.7200759760208356e-44,3.7200759760208356e-44
1.0,3.7200759760208356e-44,3.7200759760208356e-44,3.7200759760208356e-44
1.0,3.7200759760208356e-44,3.7200759760208356e-44,3.7200759760208356e-44
1.0,3.7200759760208356e-44,3.7200759760208356e-44,3.7200759760208356e-44
1.0,3.7200759760208356e-44,3.7200759760208356e-44,3.7200759760208356e-44
1.0,3.7200759760208356e-44,3.7200759760208356e-44,3.7200759760208356e-44
1.0,3.7200759760208356e-44,3.7200759760208356e-44,3.7200759760208356e-44
1.0,3.7200759760208356e-44,3.7200759760208356e-44,3.7200759760208356e-44
1.0,3.7200759760208356e-44,3.7200759760208356e-44,3.7200759760208356e-44
1.0,3.7200759760208356e-44,3.7200759760208356e-44,3.7200759760208356e-44
1.0,3.7200759760208356e-44,3.7200759760208356e-44,3.7200759760208356e-44
1.0,3.7200759760208356e-44,3.7200759760208356e-44,3.7200759760208356e-44
1.0,3.7200759760208356e-44,3.7200759760208356e-44,3.7200759760208356e-44
1.0,3.7200759760208356e-44,3.7200759760208356e-44,3.7200759760208356e-44
1.0,3.7200759760208356e-44,3.7200759760208356e-44,3.7200759760208356e-44
1.0,3.7200759760208356e-44,3.7200759760208356e-44,3.7200759760208356e-44
1.0,3.7200759760208356e-44,3.7200759760208356e-44,3.7200759760208356e-44
1.0,3.7200759760208356e-44,3.7200759760208356e-44,3.7200759760208356e-44
1.0,3.7200759760208356e-44,3.7200759760208356e-44,3.7200759760208356e-44
1.0,3.7200759760208356e-44,3.7200759760208356e-44,3.7200759760208356e-44
1.0,3.7200759760208356e-44,3.7200759760208356e-44,3.7200759760208356e-44
1.0,3.7200759760208356e-44,3.7200759760208356e-44,3.7200759760208356e-44
1.0,3.7200759760208356e-44,3.7200759760208356e-44,3.7200759760208356e-44
1.0,3.7200759760208356e-44,3.7200759760208356e-44,3.7200759760208356e-44
1.0,3.7200759760208356e-44,3.7200759760208356e-44,3.7200759760208356e-44
1.0,3.7200759760208356e-44,3.7200759760208356e-44,3.7200759760208356e-44
1.0,3.7200759760208356e-44,3.7200759760208356e-44,3.7200759760208356e-44
1.0,3.7200759760208356e-44,3.7200759760208356e-44,3.7200759760208356e-44
1.0,3.7200759760208356e-44,3.7200759760208356e-44,3.7200759760208356e-44
1.0,3.7200759760208356e-44,3.7200759760208356e-44,3.7200759760208356e-44
1.0,3.7200759760208356e-44,3.7200759760208356e-44,3.7200759760208356e-44
1.0,3.7200759760208356e-44,3.7200759760208356e-44,3.7200759760208356e-44
1.0,3.7200759760208356e-44,3.7200759760208356e-44,3.7200759760208356e-44
1.0,3.7200759760208356e-44,3.7200759760208356e-44,3.7200759760208356e-44
1.0,3.7200759760208356e-44,3.7200759760208356e-44,3.7200759760208356e-44
1.0,3.7200759760208356e-44,3.7200759760208356e-44,3.7200759760208356e-44
1.0,3.7200759760208356e-44,3.7200759760208356e-44,3.7200759760208356e-44
1.0,3.7200759760208356e-44,3.7200759760208356e-44,3.7200759760208356e-44
1.0,3.7200759760208356e-44,3.7200759760208356e-44,3.7200759760208356e-44
1.0,3.7200759760208356e-44,3.7200759760208356e-44,3.7200759760208356e-44
1.0,3.7200759760208356e-44,3.7200759760208356e-44,3.7200759760208356e-44
1.0,3.7200759760208356e-44,3.7200759760208356e-44,3.7200759760208356e-44
1.0,3.7200759760208356e-44,3.7200759760208356e-44,3.7200759760208356e-44
1.0,3.7200759760208356e-44,3.7200759760208356e-44,3.7200759760208356e-44
1.0,3.7200759760208356e-44,3.7200759760208356e-44,3.7200759760208356e-44
1.0,3.7200759760208356e-44,3.7200759760208356e-44,3.7200759760208356e-44
1.0,3.7200759760208356e-44,3.7200759760208356e-44,3.7200759760208356e-44
1.0,3.7200759760208356e-44,3.7200759760208356e-44,3.7200759760208356e-44
1.0,3.7200759760208356e-44,3.7200759760208356e-44,3.7200759760208356e-44
1.0,3.7200759760208356e-44,3.7200759760208356e-44,3.7200759760208356e-44
1.0,3.7200759760208356e-44,3.7200759760208356e-44,3.7200759760208356e-44
1.0,3.7200759760208356e-44,3.7200759760208356e-44,3.7200759760208356e-44
1.0,3.7200759760208356e-44,3.7200759760208356e-44,3.7200759760208356e-44
1.0,3.7200759760208356e-44,3.7200759760208356e-44,3.7200759760208356e-44
1.0,3.7200759760208356e-44,3.7200759760208356e-44,3.7200759760208356e-44
1.0,3.7200759760208356e-44,3.7200759760208356e-44,3.7200759760208356e-44
1.0,3.7200759760208356e-44,3.7200759760208356e-44,3.7200759760208356e-44
1.0,3.7200759760208356e-44,3.7200759760208356e-44,3.7200759760208356e-44
1.0,3.7200759760208356e-44,3.7200759760208356e-44,3.7200759760208356e-44
1.0,3.7200759760208356e-44,3.7200759760208356e-44,3.7200759760208356e-44
1.0,3.7200759760208356e-44,3.7200759760208356e-44,3.7200759760208356e-44
1.0,3.7200759760208356e-44,3.7200759760208356e-44,3.7200759760208356e-44
1.0,3.7200759760208356e-44,3.7200759760208356e-44,3.7200759760208356e-44
1.0,3.7200759760208356e-44,3.7200759760208356e-44,3.7200759760208356e-44
1.0,3.7200759760208356e-44,3.7200759760208356e-44,3.7200759760208356e-44
1.0,3.7200759760208356e-44,3.7200759760208356e-44,3.7200759760208356e-44
1.0,3.7200759760208356e-44,3.7200759760208356e-44,3.7200759760208356e-44
1.0,3.7200759760208356e-44,3.7200759760208356e-44,3.7200759760208356e-44
1.0,3.7200759760208356e-44,3.7200759760208356e-44,3.7200759760208356e-44
1.0,3.7200759760208356e-44,3.7200759760208356e-44,3.7200759760208356e-44
1.0,3.7200759760208356e-44,3.7200759760208356e-44,3.7200759760208356e-44
1.0,3.7200759760208356e-44,3.7200759760208356e-44,3.7200759760208356e-44
1.0,3.7200759760208356e-44,3.7200759760208356e-44,3.7200759760208356e-44
1.0,3.7200759760208356e-44,3.7200759760208356e-44,3.7200759760208356e-44
1.0,3.7200759760208356e-44,3.7200759760208356e-44,3.7200759760208356e-44
1.0,3.7200759760208356e-44,3.7200759760208356e-44,3.7200759760208356e-44
1.0,3.7200759760208356e-44,3.7200759760208356e-44,3.7200759760208356e-44
1.0,3.7200759760208356e-44,3.7200759760208356e-44,3.7200759760208356e-44
1.0,3.7200759760208356e-44,3.7200759760208356e-44,3.7200759760208356e-44
1.0,3.7200759760208356e-44,3.7200759760208356e-44,3.7200759760208356e-44
1.0,3.7200759760208356e-44,3.7200759760208356e-44,3.7200759760208356e-44
1.0,3.7200759760208356e-44,3.7200759760208356e-44,3.7200759760208356e-44
1.0,3.7200759760208356e-44,3.7200759760208356e-44,3.7200759760208356e-44
1.0,3.7200759760208356e-44,3.7200759760208356e-44,3.7200759760208356e-44
1.0,3.7200759760208356e-44,3.7200759760208356e-44,3.7200759760208356e-44
1.0,3.7200759760208356e-44,3.7200759760208356e-44,3.7200759760208356e-44
1.0,3.7200759760208356e-44,3.7200759760208356e-44,3.7200759760208356e-44
1.0,3.7200759760208356e-44,3.7200759760208356e-44,3.7200759760208356e-44
1.0,3.7200759760208356e-44,3.7200759760208356e-44,3.7200759760208356e-44
1.0,3.7200759760208356e-44,3.7200759760208356e-44,3.7200759760208356e-44
1.0,3.7200759760208356e-44,3.7200759760208356e-44,3.7200759760208356e-44
1.0,3.7200759760208356e-44,3.7200759760208356e-44,3.7200759760208356e-44
1.0,3.7200759760208356e-44,3.7200759760208356e-44,3.7200759760208356e-44
1.0,3.7200759760208356e-44,3.7200759760208356e-44,3.7200759760208356e-44
1.0,3.7200759760208356e-44,3.7200759760208356e-44,3.7200759760208356e-44
1.0,3.7200759760208356e-44,3.7200759760208356e-44,3.7200759760208356e-44
1.0,3.7200759760208356e-44,3.7200759760208356e-44,3.7200759760208356e-44
1.0,3.7200759760208356e-44,3.7200759760208356e-44,3.7200759760208356e-44
1.0,3.7200759760208356e-44,3.7200759760208356e-44,3.7200759760208356e-44
1.0,3.7200759760208356e-44,3.7200759760208356e-44,3.7200759760208356e-44
1.0,3.7200759760208356e-44,3.7200759760208356e-44,3.7200759760208356e-44
1.0,3.7200759760208356e-44,3.7200759760208356e-44,3.7200759760208356e-44
1.0,3.7200759760208356e-44,3.7200759760208356e-44,3.7200759760208356e-44
1.0,3.7200759760208356e-44,3.7200759760208356e-44,3.7200759760208356e-44
1.0,3.7200759760208356e-44,3.7200759760208356e-44,3.7200759760208356e-44
1.0,3.7200759760208356e-44,3.7200759760208356e-44,3.7200759760208356e-44
1.0,3.7200759760208356e-44,3.7200759760208356e-44,3.7200759760208356e-44
1.0,3.7200759760208356e-44,3.7200759760208356e-44,3.7200759760208356e-44
1.0,3.7200759760208356e-44,3.7200759760208356e-44,3.7200759760208356e-44
1.0,3.7200759760208356e-44,3.7200759760208356e-44,3.7200759760208356e-44
1.0,3.7200759760208356e-44,3.7200759760208356e-44,3.7200759760208356e-44
1.0,3.7200759760208356e-44,3.7200759760208356e-44,3.7200759760208356e-44
1.0,3.7200759760208356e-44,3.7200759760208356e-44,3.7200759760208356e-44
1.0,3.7200759760208356e-44,3.7200759760208356e-44,3.7200759760208356e-44
1.0,3.7200759760208356e-44,3.7200759760208356e-44,3.7200759760208356e-44
1.0,3.7200759760208356e-44,3.7200759760208356e-44,3.7200759760208356e-44
1.0,3.7200759760208356e-44,3.7200759760208356e-44,3.7200759760208356e-44
1.0,3.7200759760208356e-44,3.7200759760208356e-44,3.7200759760208356e-44
1.0,3.7200759760208356e-44,3.7200759760208356e-44,3.7200759760208356e-44
1.0,3.7200759760208356e-44,3.7200759760208356e-44,3.7200759760208356e-44
1.0,3.7200759760208356e-44,3.7200759760208356e-44,3.7200759760208356e-44
1.0,3.7200759760208356e-44,3.7200759760208356e-44,3.7200759760208356e-44
1.0,3.7200759760208356e-44,3.7200759760208356e-44,3.7200759760208356e-44
1.0,3.7200759760208356e-44,3.7200759760208356e-44,3.7200759760208356e-44
1.0,3.7200759760208356e-44,3.7200759760208356e-44,3.7200759760208356e-44
1.0,3.7200759760208356e-44,3.7200759760208356e-44,3.7200759760208356e-44
1.0,3.7200759760208356e-44,3.7200759760208356e-44,3.7200759760208356e-44
1.0,3.7200759760208356e-44,3.7200759760208356e-44,3.7200759760208356e-44
1.0,3.7200759760208356e-44,3.7200759760208356e-44,3.7200759760208356e-44
1.0,3.7200759760208356e-44,3.7200759760208356e-44,3.7200759760208356e-44
1.0,3.7200759760208356e-44,3.7200759760208356e-44,3.7200759760208356e-44
1.0,3.7200759760208356e-44,3.7200759760208356e-44,3.7200759760208356e-44
1.0,3.7200759760208356e-44,3.7200759760208356e-44,3.7200759760208356e-44
1.0,3.7200759760208356e-44,3.7200759760208356e-44,3.7200759760208356e-44
1.0,3.7200759760208356e-44,3.7200759760208356e-44,3.7200759760208356e-44
1.0,3.7200759760208356e-44,3.7200759760208356e-44,3.7200759760208356e-44
1.0,3.7200759760208356e-44,3.7200759760208356e-44,3.7200759760208356e-44
1.0,3.7200759760208356e-44,3.7200759760208356e-44,3.7200759760208356e-44
1.0,3.7200759760208356e-44,3.7200759760208356e-44,3.7200759760208356e-44
1.0,3.7200759760208356e-44,3.7200759760208356e-44,3.7200759760208356e-44
1.0,3.7200759760208356e-44,3.7200759760208356e-44,3.7200759760208356e-44
1.0,3.7200759760208356e-44,3.7200759760208356e-44,3.7200759760208356e-44
1.0,3.7200759760208356e-44,3.7200759760208356e-44,3.7200759760208356e-44
1.0,3.7200759760208356e-44,3.7200759760208356e-44,3.7200759760208356e-44
1.0,3.7200759760208356e-44,3.7200759760208356e-44,3.7200759760208356e-44
1.0,3.7200759760208356e-44,3.7200759760208356e-44,3.7200759760208356e-44
1.0,3.7200759760208356e-44,3.7200759760208356e-44,3.7200759760208356e-44
1.0,3.7200759760208356e-44,3.7200759760208356e-44,3.7200759760208356e-44
1.0,3.7200759760208356e-44,3.7200759760208356e-44,3.7200759760208356e-44
1.0,3.7200759760208356e-44,3.7200759760208356e-44,3.7200759760208356e-44
1.0,3.7200759760208356e-44,3.7200759760208356e-44,3.7200759760208356e-44
1.0,3.7200759760208356e-44,3.7200759760208356e-44,3.7200759760208356e-44
1.0,3.7200759760208356e-44,3.7200759760208356e-44,3.7200759760208356e-44
1.0,3.7200759760208356e-44,3.7200759760208356e-44,3.7200759760208356e-44
1.0,3.7200759760208356e-44,3.7200759760208356e-44,3.7200759760208356e-44
1.0,3.7200759760208356e-44,3.7200759760208356e-44,3.7200759760208356e-44
1.0,3.7200759760208356e-44,3.7200759760208356e-44,3.7200759760208356e-44
1.0,3.7200759760208356e-44,3.7200759760208356e-44,3.7200759760208356e-44
1.0,3.7200759760208356e-44,3.7200759760208356e-44,3.7200759760208356e-44
1.0,3.7200759760208356e-44,3.7200759760208356e-44,3.7200759760208356e-44
1.0,3.7200759760208356e-44,3.7200759760208356e-44,3.7200759760208356e-44
1.0,3.7200759760208356e-44,3.7200759760208356e-44,3.7200759760208356e-44
1.0,3.7200759760208356e-44,3.7200759760208356e-44,3.7200759760208356e-44
1.0,3.7200759760208356e-44,3.7200759760208356e-44,3.7200759760208356e-44
1.0,3.7200759760208356e-44,3.7200759760208356e-44,3.7200759760208356e-44
1.0,3.7200759760208356e-44,3.7200759760208356e-44,3.7200759760208356e-44
1.0,3.7200759760208356e-44,3.7200759760208356e-44,3.7200759760208356e-44
1.0,3.7200759760208356e-44,3.7200759760208356e-44,3.7200759760208356e-44
1.0,3.7200759760208356e-44,3.7200759760208356e-44,3.7200759760208356e-44
1.0,3.7200759760208356e-44,3.7200759760208356e-44,3.7200759760208356e-44
1.0,3.7200759760208356e-44,3.7200759760208356e-44,3.7200759760208356e-44
1.0,3.7200759760208356e-44,3.7200759760208356e-44,3.7200759760208356e-44
1.0,3.7200759760208356e-44,3.7200759760208356e-44,3.7200759760208356e-44
1.0,3.7200759760208356e-44,3.7200759760208356e-44,3.7200759760208356e-44
1.0,3.7200759760208356e-44,3.7200759760208356e-44,3.7200759760208356e-44
1.0,3.7200759760208356e-44,3.7200759760208356e-44,3.7200759760208356e-44
1.0,3.7200759760208356e-44,3.7200759760208356e-44,3.7200759760208356e-44
1.0,3.7200759760208356e-44,3.7200759760208356e-44,3.7200759760208356e-44
1.0,3.7200759760208356e-44,3.7200759760208356e-44,3.7200759760208356e-44
1.0,3.7200759760208356e-44,3.7200759760208356e-44,3.7200759760208356e-44
1.0,3.7200759760208356e-44,3.7200759760208356e-44,3.7200759760208356e-44
1.0,3.7200759760208356e-44,3.7200759760208356e-44,3.7200759760208356e-44
1.0,3.7200759760208356e-44,3.7200759760208356e-44,3.7200759760208356e-44
1.0,3.7200759760208356e-44,3.7200759760208356e-44,3.7200759760208356e-44
1.0,3.7200759760208356e-44,3.7200759760208356e-44,3.7200759760208356e-44
1.0,3.7200759760208356e-44,3.7200759760208356e-44,3.7200759760208356e-44
1.0,3.7200759760208356e-44,3.7200759760208356e-44,3.7200759760208356e-44
1.0,3.7200759760208356e-44,3.7200759760208356e-44,3.7200759760208356e-44
1.0,3.7200759760208356e-44,3.7200759760208356e-44,3.7200759760208356e-44
1.0,3.7200759760208356e-44,3.7200759760208356e-44,3.7200759760208356e-44
1.0,3.7200759760208356e-44,3.7200759760208356e-44,3.7200759760208356e-44
1.0,3.7200759760208356e-44,3.7200759760208356e-44,3.7200759760208356e-44
1.0,3.7200759760208356e-44,3.7200759760208356e-44,3.7200759760208356e-44
1.0,3.7200759760208356e-44,3.7200759760208356e-44,3.7200759760208356e-44
1.0,3.7200759760208356e-44,3.7200759760208356e-44,3.7200759760208356e-44
1.0,3.7200759760208356e-44,3.7200759760208356e-44,3.7200759760208356e-44
1.0,3.7200759760208356e-44,3.7200759760208356e-44,3.7200759760208356e-44
1.0,3.7200759760208356e-44,3.7200759760208356e-44,3.7200759760208356e-44
1.0,3.7200759760208356e-44,3.7200759760208356e-44,3.7200759760208356e-44
1.0,3.7200759760208356e-44,3.7200759760208356e-44,3.7200759760208356e-44
1.0,3.7200759760208356e-44,3.7200759760208356e-44,3.7200759760208356e-44
1.0,3.7200759760208356e-44,3.7200759760208356e-44,3.7200759760208356e-44
1.0,3.7200759760208356e-44,3.7200759760208356e-44,3.7200759760208356e-44
1.0,3.7200759760208356e-44,3.7200759760208356e-44,3.7200759760208356e-44
1.0,3.7200759760208356e-44,3.7200759760208356e-44,3.7200759760208356e-44
1.0,3.7200759760208356e-44,3.7200759760208356e-44,3.7200759760208356e-44
1.0,3.7200759760208356e-44,3.7200759760208356e-44,3.7200759760208356e-44
1.0,3.7200759760208356e-44,3.7200759760208356e-44,3.7200759760208356e-44
1.0,3.7200759760208356e-44,3.7200759760208356e-44,3.7200759760208356e-44
1.0,3.7200759760208356e-44,3.7200759760208356e-44,3.7200759760208356e-44
1.0,3.7200759760208356e-44,3.7200759760208356e-44,3.7200759760208356e-44
1.0,3.7200759760208356e-44,3.7200759760208356e-44,3.7200759760208356e-44
1.0,3.7200759760208356e-44,3.7200759760208356e-44,3.7200759760208356e-44
1.0,3.7200759760208356e-44,3.7200759760208356e-44,3.7200759760208356e-44
1.0,3.7200759760208356e-44,3.7200759760208356e-44,3.7200759760208356e-44
1.0,3.7200759760208356e-44,3.7200759760208356e-44,3.7200759760208356e-44
1.0,3.7200759760208356e-44,3.7200759760208356e-44,3.7200759760208356e-44
1.0,3.7200759760208356e-44,3.7200759760208356e-44,3.7200759760208356e-44
1.0,3.7200759760208356e-44,3.7200759760208356e-44,3.7200759760208356e-44
1.0,3.7200759760208356e-44,3.7200759760208356e-44,3.7200759760208356e-44
1.0,3.7200759760208356e-44,3.7200759760208356e-44,3.7200759760208356e-44
1.0,3.7200759760208356e-44,3.7200759760208356e-44,3.7200759760208356e-44
1.0,3.7200759760208356e-44,3.7200759760208356e-44,3.7200759760208356e-44
1.0,3.7200759760208356e-44,3.7200759760208356e-44,3.7200759760208356e-44
1.0,3.7200759760208356e-44,3.7200759760208356e-44,3.7200759760208356e-44
1.0,3.7200759760208356e-44,3.7200759760208356e-44,3.7200759760208356e-44
1.0,3.7200759760208356e-44,3.7200759760208356e-44,3.7200759760208356e-44
1.0,3.7200759760208356e-44,3.7200759760208356e-44,3.7200759760208356e-44
1.0,3.7200759760208356e-44,3.7200759760208356e-44,3.7200759760208356e-44
1.0,3.7224104325864635e-44,3.7224104325864635e-44,3.724746354091908e-44
1.0,3.7200759760208356e-44,3.7200759760208356e-44,3.7200759760208356e-44
1.0,3.7200759760208356e-44,3.7200759760208356e-44,3.7200759760208356e-44
1.0,3.7200759760208356e-44,3.7200759760208356e-44,3.7200759760208356e-44
1.0,3.7200759760208356e-44,3.7200759760208356e-44,3.7200759760208356e-44
1.0,3.7200759760208356e-44,3.7200759760208356e-44,3.7200759760208356e-44
1.0,3.720350040608477e-44,3.720350040608477e-44,3.7206241253869256e-44
1.0,3.7200759760208356e-44,3.7200759760208356e-44,3.7200759760208356e-44
1.0,3.7200759760208356e-44,3.7200759760208356e-44,3.7200759760208356e-44
1.0,3.7200759760208356e-44,3.7200759760208356e-44,3.7200759760208356e-44
1.0,3.7200759760208356e-44,3.7200759760208356e-44,3.7200759760208356e-44
1.0,3.7200759760208356e-44,3.7200759760208356e-44,3.7200759760208356e-44
1.0,3.7200759760208356e-44,3.7200759760208356e-44,3.7200759760208356e-44
1.0,3.7200759760208356e-44,3.7200759760208356e-44,3.7200759760208356e-44
1.0,3.7211131774608524e-44,3.7211131774608524e-44,3.7221506680849965e-44
1.0,3.7200759760208356e-44,3.7200759760208356e-44,3.7200759760208356e-44
1.0,3.7200759760208356e-44,3.7200759760208356e-44,3.7200759760208356e-44
1.0,3.7200759760208356e-44,3.7200759760208356e-44,3.7200759760208356e-44
1.0,3.7200759760208356e-44,3.7200759760208356e-44,3.7200759760208356e-44
1.0,3.7200759760208356e-44,3.7200759760208356e-44,3.7200759760208356e-44
1.0,3.7200759760208356e-44,3.7200759760208356e-44,3.7200759760208356e-44
1.0,3.7200759760208356e-44,3.7200759760208356e-44,3.7200759760208356e-44
1.0,3.7203218805691687e-44,3.7203218805691687e-44,3.7205678013722826e-44
1.0,3.7200759760208356e-44,3.7200759760208356e-44,3.7200759760208356e-44
1.0,3.7200759760208356e-44,3.7200759760208356e-44,3.7200759760208356e-44
1.0,3.7200759760208356e-44,3.7200759760208356e-44,3.7200759760208356e-44
1.0,3.7200759760208356e-44,3.7200759760208356e-44,3.7200759760208356e-44
1.0,3.7200759760208356e-44,3.7200759760208356e-44,3.7200759760208356e-44
1.0,3.7200759760208356e-44,3.7200759760208356e-44,3.7200759760208356e-44
1.0,3.7200759760208356e-44,3.7200759760208356e-44,3.7200759760208356e-44
1.0,3.7200759760208356e-44,3.7200759760208356e-44,3.7200759760208356e-44
1.0,3.7200759760208356e-44,3.7200759760208356e-44,3.7200759760208356e-44
1.0,3.7200759760208356e-44,3.7200759760208356e-44,3.7200759760208356e-44
1.0,3.7200759760208356e-44,3.7200759760208356e-44,3.7200759760208356e-44
1.0,3.7608007481104667e-44,3.7608007481104667e-44,3.8019713463263434e-44
1.0,3.7200759760208356e-44,3.7200759760208356e-44,3.7200759760208356e-44
1.0,3.7200759760208356e-44,3.7200759760208356e-44,3.7200759760208356e-44
1.0,3.7200759760208356e-44,3.7200759760208356e-44,3.7200759760208356e-44
1.0,3.7200759760208356e-44,3.7200759760208356e-44,3.7200759760208356e-44
1.0,3.7200759760208356e-44,3.7200759760208356e-44,3.7200759760208356e-44
1.0,3.7200759760208356e-44,3.7200759760208356e-44,3.7200759760208356e-44
1.0,3.7200759760208356e-44,3.7200759760208356e-44,3.7200759760208356e-44
1.0,3.7200759760208356e-44,3.7200759760208356e-44,3.7200759760208356e-44
1.0,3.7200759760208356e-44,3.7200759760208356e-44,3.7200759760208356e-44
1.0,3.7200759760208356e-44,3.7200759760208356e-44,3.7200759760208356e-44
1.0,3.7200759760208356e-44,3.7200759760208356e-44,3.7200759760208356e-44
1.0,3.7200759760208356e-44,3.7200759760208356e-44,3.7200759760208356e-44
1.0,3.7200759760208356e-44,3.7200759760208356e-44,3.7200759760208356e-44
1.0,3.7200759760208356e-44,3.7200759760208356e-44,3.7200759760208356e-44
1.0,3.7200759760208356e-44,3.7200759760208356e-44,3.7200759760208356e-44
1.0,3.7200759760208356e-44,3.7200759760208356e-44,3.7200759760208356e-44
1.0,3.7200759760208356e-44,3.7200759760208356e-44,3.7200759760208356e-44
1.0,3.720606507856655e-44,3.720606507856655e-44,3.7211371153533375e-44
1.0,3.7200759760208356e-44,3.7200759760208356e-44,3.7200759760208356e-44
1.0,3.7200759760208356e-44,3.7200759760208356e-44,3.7200759760208356e-44
1.0,3.7200759760208356e-44,3.7200759760208356e-44,3.7200759760208356e-44
1.0,3.7200759760208356e-44,3.7200759760208356e-44,3.7200759760208356e-44
1.0,3.7200759760208356e-44,3.7200759760208356e-44,3.7200759760208356e-44
1.0,3.7200759760208356e-44,3.7200759760208356e-44,3.7200759760208356e-44
1.0,3.7200759760208356e-44,3.7200759760208356e-44,3.7200759760208356e-44
1.0,3.7200759760208356e-44,3.7200759760208356e-44,3.7200759760208356e-44
1.0,3.7200759760208356e-44,3.7200759760208356e-44,3.7200759760208356e-44
1.0,3.7200759760208356e-44,3.7200759760208356e-44,3.7200759760208356e-44
1.0,3.7200759760208356e-44,3.7200759760208356e-44,3.7200759760208356e-44
1.0,3.7200759760208356e-44,3.7200759760208356e-44,3.7200759760208356e-44
1.0,3.7200759760208356e-44,3.7200759760208356e-44,3.7200759760208356e-44
1.0,3.7200759760208356e-44,3.7200759760208356e-44,3.7200759760208356e-44
1.0,3.7200759760208356e-44,3.7200759760208356e-44,3.7200759760208356e-44
1.0,3.7200759760208356e-44,3.7200759760208356e-44,3.7200759760208356e-44
1.0,3.7200759760208356e-44,3.7200759760208356e-44,3.7200759760208356e-44
1.0,3.7200759760208356e-44,3.7200759760208356e-44,3.7200759760208356e-44
1.0,3.7200759760208356e-44,3.7200759760208356e-44,3.7200759760208356e-44
1.0,3.7200759760208356e-44,3.7200759760208356e-44,3.7200759760208356e-44
1.0,3.7200759760208356e-44,3.7200759760208356e-44,3.7200759760208356e-44
1.0,3.7200759760208356e-44,3.7200759760208356e-44,3.7200759760208356e-44
1.0,3.7200759760208356e-44,3.7200759760208356e-44,3.7200759760208356e-44
1.0,3.7200759760208356e-44,3.7200759760208356e-44,3.7200759760208356e-44
1.0,3.7200759760208356e-44,3.7200759760208356e-44,3.7200759760208356e-44
1.0,3.7200759760208356e-44,3.7200759760208356e-44,3.7200759760208356e-44
1.0,3.7200759760208356e-44,3.7200759760208356e-44,3.7200759760208356e-44
1.0,3.7200759760208356e-44,3.7200759760208356e-44,3.7200759760208356e-44
1.0,3.7200759760208356e-44,3.7200759760208356e-44,3.7200759760208356e-44
1.0,3.7200759760208356e-44,3.7200759760208356e-44,3.7200759760208356e-44
1.0,3.7200759760208356e-44,3.7200759760208356e-44,3.7200759760208356e-44
1.0,3.7200759760208356e-44,3.7200759760208356e-44,3.7200759760208356e-44
1.0,3.7200759760208356e-44,3.7200759760208356e-44,3.7200759760208356e-44
1.0,3.7200759760208356e-44,3.7200759760208356e-44,3.7200759760208356e-44
1.0,3.7200759760208356e-44,3.7200759760208356e-44,3.7200759760208356e-44
1.0,3.7200759760208356e-44,3.7200759760208356e-44,3.7200759760208356e-44
1.0,3.7200759760208356e-44,3.7200759760208356e-44,3.7200759760208356e-44
1.0,3.7200759760208356e-44,3.7200759760208356e-44,3.7200759760208356e-44
1.0,3.7200759760208356e-44,3.7200759760208356e-44,3.7200759760208356e-44
1.0,3.7200759760208356e-44,3.7200759760208356e-44,3.7200759760208356e-44
1.0,3.7200759760208356e-44,3.7200759760208356e-44,3.7200759760208356e-44
1.0,3.7200759760208356e-44,3.7200759760208356e-44,3.7200759760208356e-44
1.0,3.7200759760208356e-44,3.7200759760208356e-44,3.7200759760208356e-44
1.0,3.7200759760208356e-44,3.7200759760208356e-44,3.7200759760208356e-44
1.0,3.7200759760208356e-44,3.7200759760208356e-44,3.7200759760208356e-44
1.0,3.7200759760208356e-44,3.7200759760208356e-44,3.7200759760208356e-44
1.0,3.7200759760208356e-44,3.7200759760208356e-44,3.7200759760208356e-44
1.0,3.7200759760208356e-44,3.7200759760208356e-44,3.7200759760208356e-44
1.0,3.7200759760208356e-44,3.7200759760208356e-44,3.7200759760208356e-44
1.0,3.7200759760208356e-44,3.7200759760208356e-44,3.7200759760208356e-44
1.0,3.7200759760208356e-44,3.7200759760208356e-44,3.7200759760208356e-44
1.0,3.7200759760208356e-44,3.7200759760208356e-44,3.7200759760208356e-44
1.0,3.7200759760208356e-44,3.7200759760208356e-44,3.7200759760208356e-44
1.0,3.7200759760208356e-44,3.7200759760208356e-44,3.7200759760208356e-44
1.0,3.7200759760208356e-44,3.7200759760208356e-44,3.7200759760208356e-44
1.0,3.7200759760208356e-44,3.7200759760208356e-44,3.7200759760208356e-44
1.0,3.7200759760208356e-44,3.7200759760208356e-44,3.7200759760208356e-44
1.0,3.7200759760208356e-44,3.7200759760208356e-44,3.7200759760208356e-44
1.0,3.7200759760208356e-44,3.7200759760208356e-44,3.7200759760208356e-44
1.0,3.7200759760208356e-44,3.7200759760208356e-44,3.7200759760208356e-44
1.0,3.7200759760208356e-44,3.7200759760208356e-44,3.7200759760208356e-44
1.0,3.7200759760208356e-44,3.7200759760208356e-44,3.7200759760208356e-44
1.0,3.7200759760208356e-44,3.7200759760208356e-44,3.7200759760208356e-44
1.0,3.7200759760208356e-44,3.7200759760208356e-44,3.7200759760208356e-44
1.0,3.7200759760208356e-44,3.7200759760208356e-44,3.7200759760208356e-44
1.0,3.7200759760208356e-44,3.7200759760208356e-44,3.7200759760208356e-44
1.0,3.7200759760208356e-44,3.7200759760208356e-44,3.7200759760208356e-44
1.0,3.7200759760208356e-44,3.7200759760208356e-44,3.7200759760208356e-44
1.0,3.7200759760208356e-44,3.7200759760208356e-44,3.7200759760208356e-44
1.0,3.7200759760208356e-44,3.7200759760208356e-44,3.7200759760208356e-44
1.0,3.7200759760208356e-44,3.7200759760208356e-44,3.7200759760208356e-44
1.0,3.7200759760208356e-44,3.7200759760208356e-44,3.7200759760208356e-44
1.0,3.7200759760208356e-44,3.7200759760208356e-44,3.7200759760208356e-44
1.0,3.7200759760208356e-44,3.7200759760208356e-44,3.7200759760208356e-44
1.0,3.7200759760208356e-44,3.7200759760208356e-44,3.7200759760208356e-44
1.0,3.7200759760208356e-44,3.7200759760208356e-44,3.7200759760208356e-44
1.0,3.7200759760208356e-44,3.7200759760208356e-44,3.7200759760208356e-44
1.0,3.7200759760208356e-44,3.7200759760208356e-44,3.7200759760208356e-44
1.0,3.7200759760208356e-44,3.7200759760208356e-44,3.7200759760208356e-44
1.0,3.7200759760208356e-44,3.7200759760208356e-44,3.7200759760208356e-44
1.0,3.7200759760208356e-44,3.7200759760208356e-44,3.7200759760208356e-44
1.0,3.7200759760208356e-44,3.7200759760208356e-44,3.7200759760208356e-44
1.0,3.7200759760208356e-44,3.7200759760208356e-44,3.7200759760208356e-44
1.0,3.7200759760208356e-44,3.7200759760208356e-44,3.7200759760208356e-44
1.0,3.7200759760208356e-44,3.7200759760208356e-44,3.7200759760208356e-44
1.0,3.7200759760208356e-44,3.7200759760208356e-44,3.7200759760208356e-44
1.0,3.7200759760208356e-44,3.7200759760208356e-44,3.7200759760208356e-44
1.0,3.7200759760208356e-44,3.7200759760208356e-44,3.7200759760208356e-44
1.0,3.7200759760208356e-44,3.7200759760208356e-44,3.7200759760208356e-44
1.0,3.7200759760208356e-44,3.7200759760208356e-44,3.7200759760208356e-44
1.0,3.7200759760208356e-44,3.7200759760208356e-44,3.7200759760208356e-44
1.0,3.7200759760208356e-44,3.7200759760208356e-44,3.7200759760208356e-44
1.0,3.7200759760208356e-44,3.7200759760208356e-44,3.7200759760208356e-44
1.0,3.7200759760208356e-44,3.7200759760208356e-44,3.7200759760208356e-44
1.0,3.7200759760208356e-44,3.7200759760208356e-44,3.7200759760208356e-44
1.0,3.7200759760208356e-44,3.7200759760208356e-44,3.7200759760208356e-44
1.0,3.7200759760208356e-44,3.7200759760208356e-44,3.7200759760208356e-44
1.0,3.7200759760208356e-44,3.7200759760208356e-44,3.7200759760208356e-44
1.0,3.7200759760208356e-44,3.7200759760208356e-44,3.7200759760208356e-44
1.0,3.7200759760208356e-44,3.7200759760208356e-44,3.7200759760208356e-44
1.0,3.7200759760208356e-44,3.7200759760208356e-44,3.7200759760208356e-44
1.0,3.7200759760208356e-44,3.7200759760208356e-44,3.7200759760208356e-44
1.0,3.7200759760208356e-44,3.7200759760208356e-44,3.7200759760208356e-44
1.0,3.7200759760208356e-44,3.7200759760208356e-44,3.7200759760208356e-44
1.0,3.7200759760208356e-44,3.7200759760208356e-44,3.7200759760208356e-44
1.0,3.7200759760208356e-44,3.7200759760208356e-44,3.7200759760208356e-44
1.0,3.7200759760208356e-44,3.7200759760208356e-44,3.7200759760208356e-44
1.0,3.7200759760208356e-44,3.7200759760208356e-44,3.7200759760208356e-44
1.0,3.7200759760208356e-44,3.7200759760208356e-44,3.7200759760208356e-44
1.0,3.7200759760208356e-44,3.7200759760208356e-44,3.7200759760208356e-44
1.0,3.7200759760208356e-44,3.7200759760208356e-44,3.7200759760208356e-44
1.0,3.7200759760208356e-44,3.7200759760208356e-44,3.7200759760208356e-44
1.0,3.7200759760208356e-44,3.7200759760208356e-44,3.7200759760208356e-44
1.0,3.7200759760208356e-44,3.7200759760208356e-44,3.7200759760208356e-44
1.0,3.7200759760208356e-44,3.7200759760208356e-44,3.7200759760208356e-44
1.0,3.7200759760208356e-44,3.7200759760208356e-44,3.7200759760208356e-44
1.0,3.7200759760208356e-44,3.7200759760208356e-44,3.7200759760208356e-44
1.0,3.7200759760208356e-44,3.7200759760208356e-44,3.7200759760208356e-44
1.0,3.7200759760208356e-44,3.7200759760208356e-44,3.7200759760208356e-44
1.0,3.7200759760208356e-44,3.7200759760208356e-44,3.7200759760208356e-44
1.0,3.7200759760208356e-44,3.7200759760208356e-44,3.7200759760208356e-44
1.0,3.7200759760208356e-44,3.7200759760208356e-44,3.7200759760208356e-44
1.0,3.7200759760208356e-44,3.7200759760208356e-44,3.7200759760208356e-44
1.0,3.7200759760208356e-44,3.7200759760208356e-44,3.7200759760208356e-44
1.0,3.7200759760208356e-44,3.7200759760208356e-44,3.7200759760208356e-44
1.0,3.7200759760208356e-44,3.7200759760208356e-44,3.7200759760208356e-44
1.0,3.7200759760208356e-44,3.7200759760208356e-44,3.7200759760208356e-44
1.0,3.7200759760208356e-44,3.7200759760208356e-44,3.7200759760208356e-44
1.0,3.7200759760208356e-44,3.7200759760208356e-44,3.7200759760208356e-44
1.0,3.7200759760208356e-44,3.7200759760208356e-44,3.7200759760208356e-44
1.0,3.7200759760208356e-44,3.7200759760208356e-44,3.7200759760208356e-44
1.0,3.7200759760208356e-44,3.7200759760208356e-44,3.7200759760208356e-44
1.0,3.7200759760208356e-44,3.7200759760208356e-44,3.7200759760208356e-44
1.0,3.7200759760208356e-44,3.7200759760208356e-44,3.7200759760208356e-44
1.0,3.7200759760208356e-44,3.7200759760208356e-44,3.7200759760208356e-44
1.0,3.7200759760208356e-44,3.7200759760208356e-44,3.7200759760208356e-44
1.0,3.7200759760208356e-44,3.7200759760208356e-44,3.7200759760208356e-44
1.0,3.7200759760208356e-44,3.7200759760208356e-44,3.7200759760208356e-44
1.0,3.7200759760208356e-44,3.7200759760208356e-44,3.7200759760208356e-44
1.0,3.7200759760208356e-44,3.7200759760208356e-44,3.7200759760208356e-44
1.0,3.7200759760208356e-44,3.7200759760208356e-44,3.7200759760208356e-44
1.0,3.7200759760208356e-44,3.7200759760208356e-44,3.7200759760208356e-44
1.0,3.7200759760208356e-44,3.7200759760208356e-44,3.7200759760208356e-44
1.0,3.7200759760208356e-44,3.7200759760208356e-44,3.7200759760208356e-44
1.0,3.7200759760208356e-44,3.7200759760208356e-44,3.7200759760208356e-44
1.0,3.7200759760208356e-44,3.7200759760208356e-44,3.7200759760208356e-44
1.0,3.7200759760208356e-44,3.7200759760208356e-44,3.7200759760208356e-44
1.0,3.7200759760208356e-44,3.7200759760208356e-44,3.7200759760208356e-44
1.0,3.7200759760208356e-44,3.7200759760208356e-44,3.7200759760208356e-44
1.0,3.7200759760208356e-44,3.7200759760208356e-44,3.7200759760208356e-44
1.0,3.7200759760208356e-44,3.7200759760208356e-44,3.7200759760208356e-44
1.0,3.7200759760208356e-44,3.7200759760208356e-44,3.7200759760208356e-44
1.0,3.7200759760208356e-44,3.7200759760208356e-44,3.7200759760208356e-44
1.0,3.7200759760208356e-44,3.7200759760208356e-44,3.7200759760208356e-44
1.0,3.7200759760208356e-44,3.7200759760208356e-44,3.7200759760208356e-44
1.0,3.7200759760208356e-44,3.7200759760208356e-44,3.7200759760208356e-44
1.0,3.7200759760208356e-44,3.7200759760208356e-44,3.7200759760208356e-44
1.0,3.7200759760208356e-44,3.7200759760208356e-44,3.7200759760208356e-44
1.0,3.7200759760208356e-44,3.7200759760208356e-44,3.7200759760208356e-44
1.0,3.7200759760208356e-44,3.7200759760208356e-44,3.7200759760208356e-44
1.0,3.7200759760208356e-44,3.7200759760208356e-44,3.7200759760208356e-44
1.0,3.7200759760208356e-44,3.7200759760208356e-44,3.7200759760208356e-44
1.0,3.7200759760208356e-44,3.7200759760208356e-44,3.7200759760208356e-44
1.0,3.7200759760208356e-44,3.7200759760208356e-44,3.7200759760208356e-44
1.0,3.7200759760208356e-44,3.7200759760208356e-44,3.7200759760208356e-44
1.0,3.7200759760208356e-44,3.7200759760208356e-44,3.7200759760208356e-44
1.0,3.7200759760208356e-44,3.7200759760208356e-44,3.7200759760208356e-44
1.0,3.7200759760208356e-44,3.7200759760208356e-44,3.7200759760208356e-44
1.0,3.7200759760208356e-44,3.7200759760208356e-44,3.7200759760208356e-44
1.0,3.7200759760208356e-44,3.7200759760208356e-44,3.7200759760208356e-44
1.0,3.7200759760208356e-44,3.7200759760208356e-44,3.7200759760208356e-44
1.0,3.7200759760208356e-44,3.7200759760208356e-44,3.7200759760208356e-44
1.0,3.7200759760208356e-44,3.7200759760208356e-44,3.7200759760208356e-44
1.0,3.7200759760208356e-44,3.7200759760208356e-44,3.7200759760208356e-44
1.0,3.7200759760208356e-44,3.7200759760208356e-44,3.7200759760208356e-44
1.0,3.7200759760208356e-44,3.7200759760208356e-44,3.7200759760208356e-44
1.0,3.7200759760208356e-44,3.7200759760208356e-44,3.7200759760208356e-44
1.0,3.7200759760208356e-44,3.7200759760208356e-44,3.7200759760208356e-44
1.0,3.7200759760208356e-44,3.7200759760208356e-44,3.7200759760208356e-44
1.0,3.7200759760208356e-44,3.7200759760208356e-44,3.7200759760208356e-44
1.0,3.7200759760208356e-44,3.7200759760208356e-44,3.7200759760208356e-44
1.0,3.7200759760208356e-44,3.7200759760208356e-44,3.7200759760208356e-44
1.0,3.7200759760208356e-44,3.7200759760208356e-44,3.7200759760208356e-44
1.0,3.7200759760208356e-44,3.7200759760208356e-44,3.7200759760208356e-44
1.0,3.7200759760208356e-44,3.7200759760208356e-44,3.7200759760208356e-44
1.0,3.7200759760208356e-44,3.7200759760208356e-44,3.7200759760208356e-44
1.0,3.7200759760208356e-44,3.7200759760208356e-44,3.7200759760208356e-44
1.0,3.7200759760208356e-44,3.7200759760208356e-44,3.7200759760208356e-44
1.0,3.7200759760208356e-44,3.7200759760208356e-44,3.7200759760208356e-44
1.0,3.7200759760208356e-44,3.7200759760208356e-44,3.7200759760208356e-44
1.0,3.7200759760208356e-44,3.7200759760208356e-44,3.7200759760208356e-44
1.0,3.7200759760208356e-44,3.7200759760208356e-44,3.7200759760208356e-44
1.0,3.7200759760208356e-44,3.7200759760208356e-44,3.7200759760208356e-44
1.0,3.7200759760208356e-44,3.7200759760208356e-44,3.7200759760208356e-44
1.0,3.726133368910941e-44,3.7231034405634125e-44,3.7231034405634125e-44
1.0,3.7200759760208356e-44,3.7200759760208356e-44,3.7200759760208356e-44
1.0,3.7200759760208356e-44,3.7200759760208356e-44,3.7200759760208356e-44
1.0,3.7200759760208356e-44,3.7200759760208356e-44,3.7200759760208356e-44
1.0,3.7200759760208356e-44,3.7200759760208356e-44,3.7200759760208356e-44
1.0,3.7200759760208356e-44,3.7200759760208356e-44,3.7200759760208356e-44
1.0,3.7200759760208356e-44,3.7200759760208356e-44,3.7200759760208356e-44
1.0,3.7200759760208356e-44,3.7200759760208356e-44,3.7200759760208356e-44
1.0,3.7200759760208356e-44,3.7200759760208356e-44,3.7200759760208356e-44
1.0,3.7200759760208356e-44,3.7200759760208356e-44,3.7200759760208356e-44
1.0,3.7200759760208356e-44,3.7200759760208356e-44,3.7200759760208356e-44
1.0,3.7200759760208356e-44,3.7200759760208356e-44,3.7200759760208356e-44
1.0,3.7200759760208356e-44,3.7200759760208356e-44,3.7200759760208356e-44
1.0,3.7215447391571e-44,3.7208102851160073e-44,3.7208102851160073e-44
1.0,3.7200759760208356e-44,3.7200759760208356e-44,3.7200759760208356e-44
1.0,3.7200759760208356e-44,3.7200759760208356e-44,3.7200759760208356e-44
1.0,3.7200759760208356e-44,3.7200759760208356e-44,3.7200759760208356e-44
1.0,3.7200759760208356e-44,3.7200759760208356e-44,3.7200759760208356e-44
1.0,3.7200759760208356e-44,3.7200759760208356e-44,3.7200759760208356e-44
1.0,3.7200759760208356e-44,3.7200759760208356e-44,3.7200759760208356e-44
1.0,3.7200759760208356e-44,3.7200759760208356e-44,3.7200759760208356e-44
1.0,3.7200759760208356e-44,3.7200759760208356e-44,3.7200759760208356e-44
1.0,3.7200759760208356e-44,3.7200759760208356e-44,3.7200759760208356e-44
1.0,3.7200759760208356e-44,3.7200759760208356e-44,3.7200759760208356e-44
1.0,3.7200759760208356e-44,3.7200759760208356e-44,3.7200759760208356e-44
1.0,3.7200759760208356e-44,3.7200759760208356e-44,3.7200759760208356e-44
1.0,3.7200759760208356e-44,3.7200759760208356e-44,3.7200759760208356e-44
1.0,3.7200759760208356e-44,3.7200759760208356e-44,3.7200759760208356e-44
1.0,3.7200759760208356e-44,3.7200759760208356e-44,3.7200759760208356e-44
1.0,3.7200759760208356e-44,3.7200759760208356e-44,3.7200759760208356e-44
1.0,3.7200759760208356e-44,3.7200759760208356e-44,3.7200759760208356e-44
1.0,3.7200759760208356e-44,3.7200759760208356e-44,3.7200759760208356e-44
1.0,3.7200759760208356e-44,3.7200759760208356e-44,3.7200759760208356e-44
1.0,3.7200759760208356e-44,3.7200759760208356e-44,3.7200759760208356e-44
1.0,3.7200759760208356e-44,3.7200759760208356e-44,3.7200759760208356e-44
1.0,3.7200759760208356e-44,3.7200759760208356e-44,3.7200759760208356e-44
1.0,3.7200759760208356e-44,3.7200759760208356e-44,3.7200759760208356e-44
1.0,3.7200759760208356e-44,3.7200759760208356e-44,3.7200759760208356e-44
1.0,3.7200759760208356e-44,3.7200759760208356e-44,3.7200759760208356e-44
1.0,3.7200759760208356e-44,3.7200759760208356e-44,3.7200759760208356e-44
1.0,3.7200759760208356e-44,3.7200759760208356e-44,3.7200759760208356e-44
1.0,3.7200759760208356e-44,3.7200759760208356e-44,3.7200759760208356e-44
1.0,3.7200759760208356e-44,3.7200759760208356e-44,3.7200759760208356e-44
1.0,3.7200759760208356e-44,3.7200759760208356e-44,3.7200759760208356e-44
1.0,3.7200759760208356e-44,3.7200759760208356e-44,3.7200759760208356e-44
1.0,3.7200759760208356e-44,3.7200759760208356e-44,3.7200759760208356e-44
1.0,3.7200759760208356e-44,3.7200759760208356e-44,3.7200759760208356e-44
1.0,3.7200759760208356e-44,3.7200759760208356e-44,3.7200759760208356e-44
1.0,3.7200759760208356e-44,3.7200759760208356e-44,3.7200759760208356e-44
1.0,3.7200759760208356e-44,3.7200759760208356e-44,3.7200759760208356e-44
1.0,3.7200759760208356e-44,3.7200759760208356e-44,3.7200759760208356e-44
1.0,3.7200759760208356e-44,3.7200759760208356e-44,3.7200759760208356e-44
1.0,3.7200759760208356e-44,3.7200759760208356e-44,3.7200759760208356e-44
1.0,3.7200759760208356e-44,3.7200759760208356e-44,3.7200759760208356e-44
1.0,3.7200759760208356e-44,3.7200759760208356e-44,3.7200759760208356e-44
1.0,3.7200759760208356e-44,3.7200759760208356e-44,3.7200759760208356e-44
1.0,3.7200759760208356e-44,3.7200759760208356e-44,3.7200759760208356e-44
1.0,3.7200759760208356e-44,3.7200759760208356e-44,3.7200759760208356e-44
1.0,3.7200759760208356e-44,3.7200759760208356e-44,3.7200759760208356e-44
1.0,3.7200759760208356e-44,3.7200759760208356e-44,3.7200759760208356e-44
1.0,3.7200759760208356e-44,3.7200759760208356e-44,3.7200759760208356e-44
1.0,3.7200759760208356e-44,3.7200759760208356e-44,3.7200759760208356e-44
1.0,3.7200759760208356e-44,3.7200759760208356e-44,3.7200759760208356e-44
1.0,3.7200759760208356e-44,3.7200759760208356e-44,3.7200759760208356e-44
1.0,3.7200759760208356e-44,3.7200759760208356e-44,3.7200759760208356e-44
1.0,3.7200759760208356e-44,3.7200759760208356e-44,3.7200759760208356e-44
1.0,3.7200759760208356e-44,3.7200759760208356e-44,3.7200759760208356e-44
1.0,3.7200759760208356e-44,3.7200759760208356e-44,3.7200759760208356e-44
1.0,3.7200759760208356e-44,3.7200759760208356e-44,3.7200759760208356e-44
1.0,3.7200759760208356e-44,3.7200759760208356e-44,3.7200759760208356e-44
1.0,3.7200759760208356e-44,3.7200759760208356e-44,3.7200759760208356e-44
1.0,3.7200759760208356e-44,3.7200759760208356e-44,3.7200759760208356e-44
1.0,3.7200759760208356e-44,3.7200759760208356e-44,3.7200759760208356e-44
1.0,3.7200759760208356e-44,3.7200759760208356e-44,3.7200759760208356e-44
1.0,3.7200759760208356e-44,3.7200759760208356e-44,3.7200759760208356e-44
1.0,3.7200759760208356e-44,3.7200759760208356e-44,3.7200759760208356e-44
1.0,3.7200759760208356e-44,3.7200759760208356e-44,3.7200759760208356e-44
1.0,3.7200759760208356e-44,3.7200759760208356e-44,3.7200759760208356e-44
1.0,3.7200759760208356e-44,3.7200759760208356e-44,3.7200759760208356e-44
1.0,3.7200759760208356e-44,3.7200759760208356e-44,3.7200759760208356e-44
1.0,3.7200759760208356e-44,3.7200759760208356e-44,3.7200759760208356e-44
1.0,3.7200759760208356e-44,3.7200759760208356e-44,3.7200759760208356e-44
1.0,3.7200759760208356e-44,3.7200759760208356e-44,3.7200759760208356e-44
1.0,3.7200759760208356e-44,3.7200759760208356e-44,3.7200759760208356e-44
1.0,3.7200759760208356e-44,3.7200759760208356e-44,3.7200759760208356e-44
1.0,3.7200759760208356e-44,3.7200759760208356e-44,3.7200759760208356e-44
1.0,3.7200759760208356e-44,3.7200759760208356e-44,3.7200759760208356e-44
1.0,3.7200759760208356e-44,3.7200759760208356e-44,3.7200759760208356e-44
1.0,3.7200759760208356e-44,3.7200759760208356e-44,3.7200759760208356e-44
1.0,3.7200759760208356e-44,3.7200759760208356e-44,3.7200759760208356e-44
1.0,3.7200759760208356e-44,3.7200759760208356e-44,3.7200759760208356e-44
1.0,3.7200759760208356e-44,3.7200759760208356e-44,3.7200759760208356e-44
1.0,3.7200759760208356e-44,3.7200759760208356e-44,3.7200759760208356e-44
1.0,3.7200759760208356e-44,3.7200759760208356e-44,3.7200759760208356e-44
1.0,3.7200759760208356e-44,3.7200759760208356e-44,3.7200759760208356e-44
1.0,3.7200759760208356e-44,3.7200759760208356e-44,3.7200759760208356e-44
1.0,3.7200759760208356e-44,3.7200759760208356e-44,3.7200759760208356e-44
1.0,3.7200759760208356e-44,3.7200759760208356e-44,3.7200759760208356e-44
1.0,3.7200759760208356e-44,3.7200759760208356e-44,3.7200759760208356e-44
1.0,3.7200759760208356e-44,3.7200759760208356e-44,3.7200759760208356e-44
1.0,3.7200759760208356e-44,3.7200759760208356e-44,3.7200759760208356e-44
1.0,3.7200759760208356e-44,3.7200759760208356e-44,3.7200759760208356e-44
1.0,3.7200759760208356e-44,3.7200759760208356e-44,3.7200759760208356e-44
1.0,3.7200759760208356e-44,3.7200759760208356e-44,3.7200759760208356e-44
1.0,3.7200759760208356e-44,3.7200759760208356e-44,3.7200759760208356e-44
1.0,3.7200759760208356e-44,3.7200759760208356e-44,3.7200759760208356e-44
1.0,3.7200759760208356e-44,3.7200759760208356e-44,3.7200759760208356e-44
1.0,3.7200759760208356e-44,3.7200759760208356e-44,3.7200759760208356e-44
1.0,3.7200759760208356e-44,3.7200759760208356e-44,3.7200759760208356e-44
1.0,3.7200759760208356e-44,3.7200759760208356e-44,3.7200759760208356e-44
1.0,3.7200759760208356e-44,3.7200759760208356e-44,3.7200759760208356e-44
1.0,3.7200759760208356e-44,3.7200759760208356e-44,3.7200759760208356e-44
1.0,3.7200759760208356e-44,3.7200759760208356e-44,3.7200759760208356e-44
1.0,3.7200759760208356e-44,3.7200759760208356e-44,3.7200759760208356e-44
1.0,3.7200759760208356e-44,3.7200759760208356e-44,3.7200759760208356e-44
1.0,3.7200759760208356e-44,3.7200759760208356e-44,3.7200759760208356e-44
1.0,3.7200759760208356e-44,3.7200759760208356e-44,3.7200759760208356e-44
1.0,3.7200759760208356e-44,3.7200759760208356e-44,3.7200759760208356e-44
1.0,3.7200759760208356e-44,3.7200759760208356e-44,3.7200759760208356e-44
1.0,3.7200759760208356e-44,3.7200759760208356e-44,3.7200759760208356e-44
1.0,3.7200759760208356e-44,3.7200759760208356e-44,3.7200759760208356e-44
1.0,3.7200759760208356e-44,3.7200759760208356e-44,3.7200759760208356e-44
1.0,3.7200759760208356e-44,3.7200759760208356e-44,3.7200759760208356e-44
1.0,3.7200759760208356e-44,3.7200759760208356e-44,3.7200759760208356e-44
1.0,3.725068159678619e-44,3.725068159678619e-44,3.730067042634454e-44
1.0,3.7200759760208356e-44,3.7200759760208356e-44,3.7200759760208356e-44
1.0,3.7200759760208356e-44,3.7200759760208356e-44,3.7200759760208356e-44
1.0,3.7200759760208356e-44,3.7200759760208356e-44,3.7200759760208356e-44
1.0,3.7200759760208356e-44,3.7200759760208356e-44,3.7200759760208356e-44
1.0,3.7200759760208356e-44,3.7200759760208356e-44,3.7200759760208356e-44
1.0,3.7200759760208356e-44,3.7200759760208356e-44,3.7200759760208356e-44
1.0,3.7200759760208356e-44,3.7200759760208356e-44,3.7200759760208356e-44
1.0,3.7200759760208356e-44,3.7200759760208356e-44,3.7200759760208356e-44
1.0,3.7200759760208356e-44,3.7200759760208356e-44,3.7200759760208356e-44
1.0,3.7200759760208356e-44,3.7200759760208356e-44,3.7200759760208356e-44
1.0,3.7200759760208356e-44,3.7200759760208356e-44,3.7200759760208356e-44
1.0,3.7200759760208356e-44,3.7200759760208356e-44,3.7200759760208356e-44
1.0,3.7200759760208356e-44,3.7200759760208356e-44,3.7200759760208356e-44
1.0,3.7200759760208356e-44,3.7200759760208356e-44,3.7200759760208356e-44
1.0,3.7200759760208356e-44,3.7200759760208356e-44,3.7200759760208356e-44
1.0,3.7200759760208356e-44,3.7200759760208356e-44,3.7200759760208356e-44
1.0,3.7200759760208356e-44,3.7200759760208356e-44,3.7200759760208356e-44
1.0,3.7200759760208356e-44,3.7200759760208356e-44,3.7200759760208356e-44
1.0,3.7200759760208356e-44,3.7200759760208356e-44,3.7200759760208356e-44
1.0,3.7200759760208356e-44,3.7200759760208356e-44,3.7200759760208356e-44
1.0,3.7200759760208356e-44,3.7200759760208356e-44,3.7200759760208356e-44
1.0,1.3191423407309895e-43,4.677690795365327e-43,1.3191423407309895e-43
1.0,3.7200759760208356e-44,3.7200759760208356e-44,3.7200759760208356e-44
1.0,2.875998713990113e-42,3.270922457500557e-43,3.270922457500557e-43
1.0,3.7200759760208356e-44,3.7200759760208356e-44,3.7200759760208356e-44
1.0,3.7200759760208356e-44,3.7200759760208356e-44,3.7200759760208356e-44
1.0,3.7200759760208356e-44,3.7200759760208356e-44,3.7200759760208356e-44
1.0,3.7200759760208356e-44,3.7200759760208356e-44,3.7200759760208356e-44
1.0,3.7200759760208356e-44,3.7200759760208356e-44,3.7200759760208356e-44
1.0,3.7200759760208356e-44,3.7200759760208356e-44,3.7200759760208356e-44
1.0,3.7200759760208356e-44,3.7200759760208356e-44,3.7200759760208356e-44
1.0,3.7200759760208356e-44,3.7200759760208356e-44,3.7200759760208356e-44
1.0,3.7200759760208356e-44,3.7200759760208356e-44,3.7200759760208356e-44
1.0,3.7200759760208356e-44,3.7200759760208356e-44,3.7200759760208356e-44
1.0,3.7200759760208356e-44,3.7200759760208356e-44,3.7200759760208356e-44
1.0,3.7200759760208356e-44,3.7200759760208356e-44,3.7200759760208356e-44
1.0,3.7200759760208356e-44,3.7200759760208356e-44,3.7200759760208356e-44
1.0,3.7200759760208356e-44,3.7200759760208356e-44,3.7200759760208356e-44
1.0,3.7200759760208356e-44,3.7200759760208356e-44,3.7200759760208356e-44
1.0,3.7200759760208356e-44,3.7200759760208356e-44,3.7200759760208356e-44
1.0,3.7200759760208356e-44,3.7200759760208356e-44,3.7200759760208356e-44
1.0,3.7200759760208356e-44,3.7200759760208356e-44,3.7200759760208356e-44
0.0,0.0,0.0,0.0
1.0,3.7200759760208356e-44,3.7200759760208356e-44,3.7200759760208356e-44
1.0,3.7200759760208356e-44,3.7200759760208356e-44,3.7200759760208356e-44
1.0,3.7200759760208356e-44,3.7200759760208356e-44,3.7200759760208356e-44
1.0,3.7200759760208356e-44,3.7200759760208356e-44,3.7200759760208356e-44
1.0,3.7200759760208356e-44,3.7200759760208356e-44,3.7200759760208356e-44
1.0,3.7200759760208356e-44,3.7200759760208356e-44,3.7200759760208356e-44
1.0,3.7200759760208356e-44,3.7200759760208356e-44,3.7200759760208356e-44
1.0,3.7200759760208356e-44,3.7200759760208356e-44,3.7200759760208356e-44
1.0,3.7200759760208356e-44,3.7200759760208356e-44,3.7200759760208356e-44
1.0,3.7200759760208356e-44,3.7200759760208356e-44,3.7200759760208356e-44
1.0,3.7200759760208356e-44,3.7200759760208356e-44,3.7200759760208356e-44
1.0,3.7200759760208356e-44,3.7200759760208356e-44,3.7200759760208356e-44
1.0,3.7200759760208356e-44,3.7200759760208356e-44,3.7200759760208356e-44
1.0,3.7200759760208356e-44,3.7200759760208356e-44,3.7200759760208356e-44
1.0,3.7200759760208356e-44,3.7200759760208356e-44,3.7200759760208356e-44
1.0,3.7200759760208356e-44,3.7200759760208356e-44,3.7200759760208356e-44
1.0,3.7200759760208356e-44,3.7200759760208356e-44,3.7200759760208356e-44
1.0,3.7200759760208356e-44,3.7200759760208356e-44,3.7200759760208356e-44
1.0,3.7200759760208356e-44,3.7200759760208356e-44,3.7200759760208356e-44
1.0,3.7200759760208356e-44,3.7200759760208356e-44,3.7200759760208356e-44
1.0,3.7200759760208356e-44,3.7200759760208356e-44,3.7200759760208356e-44
1.0,3.7200759760208356e-44,3.7200759760208356e-44,3.7200759760208356e-44
1.0,3.7200759760208356e-44,3.7200759760208356e-44,3.7200759760208356e-44
1.0,3.7200759760208356e-44,3.7200759760208356e-44,3.7200759760208356e-44
1.0,3.7200759760208356e-44,3.7200759760208356e-44,3.7200759760208356e-44
1.0,3.7200759760208356e-44,3.7200759760208356e-44,3.7200759760208356e-44
1.0,3.7200759760208356e-44,3.7200759760208356e-44,3.7200759760208356e-44
1.0,3.7200759760208356e-44,3.7200759760208356e-44,3.7200759760208356e-44
1.0,3.7200759760208356e-44,3.7200759760208356e-44,3.7200759760208356e-44
1.0,3.7200759760208356e-44,3.7200759760208356e-44,3.7200759760208356e-44
1.0,3.7200759760208356e-44,3.7200759760208356e-44,3.7200759760208356e-44
1.0,3.7200759760208356e-44,3.7200759760208356e-44,3.7200759760208356e-44
1.0,3.7200759760208356e-44,3.7200759760208356e-44,3.7200759760208356e-44
1.0,3.7200759760208356e-44,3.7200759760208356e-44,3.7200759760208356e-44
1.0,3.7200759760208356e-44,3.7200759760208356e-44,3.7200759760208356e-44
1.0,3.7200759760208356e-44,3.7200759760208356e-44,3.7200759760208356e-44
1.0,3.7200759760208356e-44,3.7200759760208356e-44,3.7200759760208356e-44
1.0,3.7200759760208356e-44,3.7200759760208356e-44,3.7200759760208356e-44
1.0,3.7200759760208356e-44,3.7200759760208356e-44,3.7200759760208356e-44
1.0,3.7200759760208356e-44,3.7200759760208356e-44,3.7200759760208356e-44
1.0,3.7200759760208356e-44,3.7200759760208356e-44,3.7200759760208356e-44
1.0,3.7200759760208356e-44,3.7200759760208356e-44,3.7200759760208356e-44
1.0,3.7200759760208356e-44,3.7200759760208356e-44,3.7200759760208356e-44
1.0,3.7200759760208356e-44,3.7200759760208356e-44,3.7200759760208356e-44
1.0,3.7200759760208356e-44,3.7200759760208356e-44,3.7200759760208356e-44
1.0,3.7200759760208356e-44,3.7200759760208356e-44,3.7200759760208356e-44
1.0,3.7200759760208356e-44,3.7200759760208356e-44,3.7200759760208356e-44
1.0,3.7200759760208356e-44,3.7200759760208356e-44,3.7200759760208356e-44
1.0,3.7200759760208356e-44,3.7200759760208356e-44,3.7200759760208356e-44
1.0,3.7200759760208356e-44,3.7200759760208356e-44,3.7200759760208356e-44
1.0,3.7200759760208356e-44,3.7200759760208356e-44,3.7200759760208356e-44
1.0,3.7200759760208356e-44,3.7200759760208356e-44,3.7200759760208356e-44
1.0,3.7200759760208356e-44,3.7200759760208356e-44,3.7200759760208356e-44
1.0,3.7200759760208356e-44,3.7200759760208356e-44,3.7200759760208356e-44
1.0,3.7200759760208356e-44,3.7200759760208356e-44,3.7200759760208356e-44
1.0,3.7200759760208356e-44,3.7200759760208356e-44,3.7200759760208356e-44
1.0,3.7200759760208356e-44,3.7200759760208356e-44,3.7200759760208356e-44
1.0,3.7200759760208356e-44,3.7200759760208356e-44,3.7200759760208356e-44
1.0,3.7200759760208356e-44,3.7200759760208356e-44,3.7200759760208356e-44
1.0,3.7200759760208356e-44,3.7200759760208356e-44,3.7200759760208356e-44
1.0,3.7200759760208356e-44,3.7200759760208356e-44,3.7200759760208356e-44
1.0,3.7200759760208356e-44,3.7200759760208356e-44,3.7200759760208356e-44
1.0,3.7200759760208356e-44,3.7200759760208356e-44,3.7200759760208356e-44
1.0,3.7200759760208356e-44,3.7200759760208356e-44,3.7200759760208356e-44
1.0,3.7200759760208356e-44,3.7200759760208356e-44,3.7200759760208356e-44
1.0,3.7200759760208356e-44,3.7200759760208356e-44,3.7200759760208356e-44
1.0,3.7200759760208356e-44,3.7200759760208356e-44,3.7200759760208356e-44
1.0,3.7200759760208356e-44,3.7200759760208356e-44,3.7200759760208356e-44
1.0,3.7200759760208356e-44,3.7200759760208356e-44,3.7200759760208356e-44
1.0,3.7200759760208356e-44,3.7200759760208356e-44,3.7200759760208356e-44
1.0,3.7200759760208356e-44,3.7200759760208356e-44,3.7200759760208356e-44
1.0,3.7200759760208356e-44,3.7200759760208356e-44,3.7200759760208356e-44
1.0,3.7200759760208356e-44,3.7200759760208356e-44,3.7200759760208356e-44
1.0,3.7200759760208356e-44,3.7200759760208356e-44,3.7200759760208356e-44
1.0,3.7200759760208356e-44,3.7200759760208356e-44,3.7200759760208356e-44
1.0,3.7200759760208356e-44,3.7200759760208356e-44,3.7200759760208356e-44
1.0,3.7200759760208356e-44,3.7200759760208356e-44,3.7200759760208356e-44
1.0,3.7200759760208356e-44,3.7200759760208356e-44,3.7200759760208356e-44
1.0,3.7200759760208356e-44,3.7200759760208356e-44,3.7200759760208356e-44
1.0,3.7200759760208356e-44,3.7200759760208356e-44,3.7200759760208356e-44
1.0,3.7200759760208356e-44,3.7200759760208356e-44,3.7200759760208356e-44
1.0,3.7200759760208356e-44,3.7200759760208356e-44,3.7200759760208356e-44
1.0,3.7200759760208356e-44,3.7200759760208356e-44,3.7200759760208356e-44
1.0,3.7200759760208356e-44,3.7200759760208356e-44,3.7200759760208356e-44
1.0,3.7200759760208356e-44,3.7200759760208356e-44,3.7200759760208356e-44
1.0,3.7200759760208356e-44,3.7200759760208356e-44,3.7200759760208356e-44
1.0,3.7200759760208356e-44,3.7200759760208356e-44,3.7200759760208356e-44
1.0,3.7200759760208356e-44,3.7200759760208356e-44,3.7200759760208356e-44
1.0,3.7200759760208356e-44,3.7200759760208356e-44,3.7200759760208356e-44
1.0,3.7200759760208356e-44,3.7200759760208356e-44,3.7200759760208356e-44
1.0,3.7200759760208356e-44,3.7200759760208356e-44,3.7200759760208356e-44
1.0,3.7200759760208356e-44,3.7200759760208356e-44,3.7200759760208356e-44
1.0,3.7200759760208356e-44,3.7200759760208356e-44,3.7200759760208356e-44
1.0,3.7200759760208356e-44,3.7200759760208356e-44,3.7200759760208356e-44
1.0,3.7200759760208356e-44,3.7200759760208356e-44,3.7200759760208356e-44
1.0,3.7200759760208356e-44,3.7200759760208356e-44,3.7200759760208356e-44
1.0,3.7200759760208356e-44,3.7200759760208356e-44,3.7200759760208356e-44
1.0,3.7200759760208356e-44,3.7200759760208356e-44,3.7200759760208356e-44
1.0,3.7200759760208356e-44,3.7200759760208356e-44,3.7200759760208356e-44
1.0,3.7200759760208356e-44,3.7200759760208356e-44,3.7200759760208356e-44
1.0,3.7200759760208356e-44,3.7200759760208356e-44,3.7200759760208356e-44
1.0,3.7200759760208356e-44,3.7200759760208356e-44,3.7200759760208356e-44
1.0,3.7200759760208356e-44,3.7200759760208356e-44,3.7200759760208356e-44
1.0,3.7200759760208356e-44,3.7200759760208356e-44,3.7200759760208356e-44
1.0,3.7200759760208356e-44,3.7200759760208356e-44,3.7200759760208356e-44
1.0,3.7200759760208356e-44,3.7200759760208356e-44,3.7200759760208356e-44
1.0,3.7200759760208356e-44,3.7200759760208356e-44,3.7200759760208356e-44
1.0,3.7200759760208356e-44,3.7200759760208356e-44,3.7200759760208356e-44
1.0,3.7200759760208356e-44,3.7200759760208356e-44,3.7200759760208356e-44
1.0,1.334213198824322e-41,7.045122048507219e-43,7.045122048507219e-43
1.0,3.7200759760208356e-44,3.7200759760208356e-44,3.7200759760208356e-44
1.0,3.7200759760208356e-44,3.7200759760208356e-44,3.7200759760208356e-44
1.0,3.7200759760208356e-44,3.7200759760208356e-44,3.7200759760208356e-44
