3.7200759760208356e-44,3.7200759760208356e-44,3.7200759760208356e-44,1.0,3.7200759760208356e-44
3.7200759760208356e-44,3.7200759760208356e-44,3.7200759760208356e-44,1.0,3.7200759760208356e-44
3.7200759760208356e-44,3.7200759760208356e-44,3.7200759760208356e-44,1.0,3.7200759760208356e-44
3.7200759760208356e-44,3.7200759760208356e-44,3.7200759760208356e-44,1.0,3.7200759760208356e-44
3.7200759760208356e-44,3.7200759760208356e-44,3.7200759760208356e-44,1.0,3.7200759760208356e-44
3.7200759760208356e-44,3.7200759760208356e-44,3.7200759760208356e-44,1.0,3.7200759760208356e-44
3.7200759760208356e-44,3.7200759760208356e-44,3.7200759760208356e-44,1.0,3.7200759760208356e-44
3.7200759760208356e-44,3.7200759760208356e-44,3.7200759760208356e-44,1.0,3.7200759760208356e-44
3.7200759760208356e-44,3.7200759760208356e-44,3.7200759760208356e-44,1.0,3.7200759760208356e-44
3.7200759760208356e-44,3.7200759760208356e-44,3.7200759760208356e-44,1.0,3.7200759760208356e-44
3.7200759760208356e-44,3.7200759760208356e-44,3.7200759760208356e-44,1.0,3.7200759760208356e-44
3.7200759760208356e-44,3.7200759760208356e-44,3.7200759760208356e-44,1.0,3.7200759760208356e-44
3.7200759760208356e-44,3.7200759760208356e-44,3.7200759760208356e-44,1.0,3.7200759760208356e-44
3.7200759760208356e-44,3.7200759760208356e-44,3.7200759760208356e-44,1.0,3.7200759760208356e-44
3.7200759760208356e-44,3.7200759760208356e-44,3.7200759760208356e-44,1.0,3.7200759760208356e-44
3.7200759760208356e-44,3.7200759760208356e-44,3.7200759760208356e-44,1.0,3.7200759760208356e-44
3.7200759760208356e-44,3.7200759760208356e-44,3.7200759760208356e-44,1.0,3.7200759760208356e-44
3.7200759760208356e-44,3.7200759760208356e-44,3.7200759760208356e-44,1.0,3.7200759760208356e-44
3.7200759760208356e-44,3.7200759760208356e-44,3.7200759760208356e-44,1.0,3.7200759760208356e-44
3.7200759760208356e-44,3.7200759760208356e-44,3.7200759760208356e-44,1.0,3.7200759760208356e-44
3.7200759760208356e-44,3.7200759760208356e-44,3.7200759760208356e-44,1.0,3.7200759760208356e-44
3.7200759760208356e-44,3.7200759760208356e-44,3.7200759760208356e-44,1.0,3.7200759760208356e-44
3.7200759760208356e-44,3.7200759760208356e-44,3.7200759760208356e-44,1.0,3.7200759760208356e-44
3.7200759760208356e-44,3.7200759760208356e-44,3.7200759760208356e-44,1.0,3.7200759760208356e-44
3.7200759760208356e-44,3.7200759760208356e-44,3.7200759760208356e-44,1.0,3.7200759760208356e-44
3.7200759760208356e-44,3.7200759760208356e-44,3.7200759760208356e-44,1.0,3.7200759760208356e-44
3.7200759760208356e-44,3.7200759760208356e-44,3.7200759760208356e-44,1.0,3.7200759760208356e-44
3.7200759760208356e-44,3.7200759760208356e-44,3.7200759760208356e-44,1.0,3.7200759760208356e-44
3.7200759760208356e-44,3.7200759760208356e-44,3.7200759760208356e-44,1.0,3.7200759760208356e-44
3.7200759760208356e-44,3.7200759760208356e-44,3.7200759760208356e-44,1.0,3.7200759760208356e-44
3.7200759760208356e-44,3.7200759760208356e-44,3.7200759760208356e-44,1.0,3.7200759760208356e-44
3.7200759760208356e-44,3.7200759760208356e-44,3.7200759760208356e-44,1.0,3.7200759760208356e-44
3.7200759760208356e-44,3.7200759760208356e-44,3.7200759760208356e-44,1.0,3.7200759760208356e-44
3.7200759760208356e-44,3.7200759760208356e-44,3.7200759760208356e-44,1.0,3.7200759760208356e-44
3.7200759760208356e-44,3.7200759760208356e-44,3.7200759760208356e-44,1.0,3.7200759760208356e-44
3.7200759760208356e-44,3.7200759760208356e-44,3.7200759760208356e-44,1.0,3.7200759760208356e-44
3.7200759760208356e-44,3.7200759760208356e-44,3.7200759760208356e-44,1.0,3.7200759760208356e-44
3.7200759760208356e-44,1.0,3.7200759760208356e-44,3.7200759760208356e-44,3.7200759760208356e-44
3.7200759760208356e-44,1.0,3.7200759760208356e-44,3.7200759760208356e-44,3.7200759760208356e-44
2.1169617321042093e-22,1.0,2.8187592530531903e-33,2.843866055404429e-33,2.8187592530531903e-33
4.3051892735338464e-39,1.0,1.2655287902175883e-41,1.2655287902175883e-41,1.2655287902175883e-41
8.10168796888065e-36,1.0,8.059797588637627e-40,1.7371810503686792e-39,8.059797588637627e-40
0.0005254670111439559,0.999474532988856,4.420124470434155e-24,4.420124470434155e-24,4.420124470434155e-24
1.1702402440346904e-05,0.9999882975975597,6.597978230466414e-25,6.597978230466414e-25,6.597978230466414e-25
7.811664335904665e-18,1.0,5.499466639887508e-31,5.723561221510447e-31,5.499466639887508e-31
3.797135441776579e-44,1.0,3.7699169254200166e-44,3.793040170989791e-44,3.7699169254200166e-44
3.9882054508590904e-44,1.0,3.875167258354709e-44,3.922310981469169e-44,3.875167258354709e-44
4.183209953186034e-44,1.0,3.9515987607238647e-44,3.965126523923036e-44,3.9515987607238647e-44
8.813045717133371e-30,1.0,5.978671326435712e-37,6.5183279122682354e-37,5.978671326435712e-37
3.8522847797001446e-44,1.0,3.7977354183513287e-44,3.8221164983973355e-44,3.7977354183513287e-44
3.9113639947808156e-44,1.0,3.8443163785924024e-44,3.904606945503478e-44,3.8443163785924024e-44
3.93789854479061e-44,1.0,3.843310341526443e-44,3.8752527307698427e-44,3.843310341526443e-44
3.836326481056412e-44,1.0,3.783173157406629e-44,3.7940346201282894e-44,3.783173157406629e-44
3.8139107703940993e-44,1.0,3.778932063133067e-44,3.8035130893318313e-44,3.778932063133067e-44
3.085658426071193e-31,1.0,1.0713955283196655e-37,1.0713955283196655e-37,1.0713955283196655e-37
2.256873727057467e-39,1.0,9.418756525783708e-42,9.952258347109036e-42,9.418756525783708e-42
4.1866586673677687e-44,1.0,3.967730958988946e-44,4.0105809249937794e-44,3.967730958988946e-44
3.722863559159874e-39,1.0,1.1768319883668242e-41,1.1768319883668242e-41,1.1768319883668242e-41
7.729498140012051e-40,1.0,5.3623055057835324e-42,5.3623055057835324e-42,5.3623055057835324e-42
3.972431474343792e-40,1.0,3.844183514622483e-42,3.844183514622483e-42,3.844183514622483e-42
1.1768369649014272e-42,1.0,2.1177015502929133e-43,2.1693326496578223e-43,2.1177015502929133e-43
4.4045792147503614e-37,1.0,1.2828178230507284e-40,1.2883644151851538e-40,1.2828178230507284e-40
1.0764771560310977e-41,1.0,6.340985743529877e-43,6.36668997587839e-43,6.340985743529877e-43
9.055737885657545e-41,1.0,1.8354300028488282e-42,1.8354300028488282e-42,1.8354300028488282e-42
2.896982426083664e-41,1.0,1.0381230527364438e-42,1.0381230527364438e-42,1.0381230527364438e-42
1.5917678042393257e-40,1.0,2.433412658788916e-42,2.433412658788916e-42,2.433412658788916e-42
4.70508849329514e-43,1.0,1.3229998741103274e-43,1.3229998741103274e-43,1.3229998741103274e-43
6.579883716172394e-39,1.0,1.5645340308712887e-41,1.5645340308712887e-41,1.5645340308712887e-41
8.943249334604622e-44,1.0,5.793078764489314e-44,5.843609029171693e-44,5.793078764489314e-44
1.3766880883730008e-40,1.0,2.4303292213926567e-42,2.8029023116153515e-42,2.4303292213926567e-42
7.821734668339415e-39,1.0,1.7057973862829818e-41,1.7057973862829818e-41,1.7057973862829818e-41
1.2844362428594921e-39,1.0,6.912452827898395e-42,6.912452827898395e-42,6.912452827898395e-42
4.181033680597649e-42,1.0,3.943825927969604e-43,3.943825927969604e-43,3.943825927969604e-43
2.1938759697793272e-41,1.0,9.03403857062031e-43,9.03403857062031e-43,9.03403857062031e-43
9.030027406783302e-35,1.0,1.8328226324111187e-39,1.8328226324111187e-39,1.8328226324111187e-39
2.3252577483433455e-43,1.0,9.300610457205704e-44,9.300610457205704e-44,9.300610457205704e-44
3.041869579273801e-43,1.0,1.0637662310886357e-43,1.0637662310886357e-43,1.0637662310886357e-43
7.227116008853761e-44,1.0,5.185115296736636e-44,5.185115296736636e-44,5.185115296736636e-44
1.1209234327973683e-43,1.0,6.45749203120553e-44,6.45749203120553e-44,6.45749203120553e-44
1.1921462714179492e-43,1.0,6.659485493793583e-44,6.659485493793583e-44,6.659485493793583e-44
1.8056810429001646e-43,1.0,8.195895721670198e-44,8.195895721670198e-44,8.195895721670198e-44
9.094332412335437e-44,1.0,5.816494436090938e-44,5.816494436090938e-44,5.816494436090938e-44
3.1493323472005124e-43,1.0,1.082393440728738e-43,1.082393440728738e-43,1.082393440728738e-43
6.020052191829983e-43,1.0,1.4964976289061755e-43,1.4964976289061755e-43,1.4964976289061755e-43
1.1004287172395895e-43,1.0,6.398186019745312e-44,6.398186019745312e-44,6.398186019745312e-44
8.424374959822869e-43,1.0,1.7702913574050079e-43,1.7702913574050079e-43,1.7702913574050079e-43
1.2275266434318635e-43,1.0,6.757582686254289e-44,6.757582686254289e-44,6.757582686254289e-44
1.0366377065852442e-43,1.0,6.209968621583459e-44,6.209968621583459e-44,6.209968621583459e-44
1.8488792217506773e-43,1.0,8.29335346853057e-44,8.29335346853057e-44,8.29335346853057e-44
1.1225724405593026e-43,1.0,6.462240143686844e-44,6.462240143686844e-44,6.462240143686844e-44
1.165581705098297e-43,1.0,6.584870916901547e-44,6.584870916901547e-44,6.584870916901547e-44
6.625672740892559e-43,1.0,1.5699683432595242e-43,1.5699683432595242e-43,1.5699683432595242e-43
7.938327864498941e-44,1.0,5.434260094851855e-44,5.434260094851855e-44,5.434260094851855e-44
2.7698888202513755e-43,1.0,1.0150958997289763e-43,1.0150958997289763e-43,1.0150958997289763e-43
1.2948058868576518e-43,1.0,6.940299902244471e-44,6.940299902244471e-44,6.940299902244471e-44
3.7200759760208356e-44,1.0,3.7200759760208356e-44,3.7200759760208356e-44,3.7200759760208356e-44
3.7200759760208356e-44,1.0,3.7200759760208356e-44,3.7200759760208356e-44,3.7200759760208356e-44
3.7200759760208356e-44,1.0,3.7200759760208356e-44,3.7200759760208356e-44,3.7200759760208356e-44
3.7200759760208356e-44,1.0,3.7200759760208356e-44,3.7200759760208356e-44,3.7200759760208356e-44
3.7200759760208356e-44,1.0,3.7200759760208356e-44,3.7200759760208356e-44,3.7200759760208356e-44
3.7200759760208356e-44,1.0,3.7200759760208356e-44,3.7200759760208356e-44,3.7200759760208356e-44
3.7200759760208356e-44,1.0,3.7200759760208356e-44,3.7200759760208356e-44,3.7200759760208356e-44
3.7200759760208356e-44,1.0,3.7200759760208356e-44,3.7200759760208356e-44,3.7200759760208356e-44
3.8776298298159425e-44,1.0,3.8776298298159425e-44,4.0418564550828904e-44,3.8776298298159425e-44
3.7200759760208356e-44,1.0,3.7200759760208356e-44,3.7200759760208356e-44,3.7200759760208356e-44
3.7200759760208356e-44,1.0,3.7200759760208356e-44,3.7200759760208356e-44,3.7200759760208356e-44
3.7200759760208356e-44,1.0,3.7200759760208356e-44,3.7200759760208356e-44,3.7200759760208356e-44
3.7200759760208356e-44,1.0,3.7200759760208356e-44,3.7200759760208356e-44,3.7200759760208356e-44
3.7200759760208356e-44,1.0,3.7200759760208356e-44,3.7200759760208356e-44,3.7200759760208356e-44
3.7200759760208356e-44,1.0,3.7200759760208356e-44,3.7200759760208356e-44,3.7200759760208356e-44
3.7200759760208356e-44,1.0,3.7200759760208356e-44,3.7200759760208356e-44,3.7200759760208356e-44
3.7200759760208356e-44,1.0,3.7200759760208356e-44,3.7200759760208356e-44,3.7200759760208356e-44
3.7200759760208356e-44,1.0,3.7200759760208356e-44,3.7200759760208356e-44,3.7200759760208356e-44
3.7200759760208356e-44,1.0,3.7200759760208356e-44,3.7200759760208356e-44,3.7200759760208356e-44
3.7200759760208356e-44,1.0,3.7200759760208356e-44,3.7200759760208356e-44,3.7200759760208356e-44
3.7200759760208356e-44,1.0,3.7200759760208356e-44,3.7200759760208356e-44,3.7200759760208356e-44
3.7200759760208356e-44,1.0,3.7200759760208356e-44,3.7200759760208356e-44,3.7200759760208356e-44
3.7200759760208356e-44,1.0,3.7200759760208356e-44,3.7200759760208356e-44,3.7200759760208356e-44
3.7200759760208356e-44,1.0,3.7200759760208356e-44,3.7200759760208356e-44,3.7200759760208356e-44
3.7200759760208356e-44,1.0,3.7200759760208356e-44,3.7200759760208356e-44,3.7200759760208356e-44
3.7200759760208356e-44,1.0,3.7200759760208356e-44,3.7200759760208356e-44,3.7200759760208356e-44
3.7200759760208356e-44,1.0,3.7200759760208356e-44,3.7200759760208356e-44,3.7200759760208356e-44
3.7200759760208356e-44,1.0,3.7200759760208356e-44,3.7200759760208356e-44,3.7200759760208356e-44
3.7200759760208356e-44,1.0,3.7200759760208356e-44,3.7200759760208356e-44,3.7200759760208356e-44
3.7200759760208356e-44,1.0,3.7200759760208356e-44,3.7200759760208356e-44,3.7200759760208356e-44
3.7200759760208356e-44,1.0,3.7200759760208356e-44,3.7200759760208356e-44,3.7200759760208356e-44
3.7200759760208356e-44,1.0,3.7200759760208356e-44,3.7200759760208356e-44,3.7200759760208356e-44
3.7200759760208356e-44,1.0,3.7200759760208356e-44,3.7200759760208356e-44,3.7200759760208356e-44
3.7200759760208356e-44,1.0,3.7200759760208356e-44,3.7200759760208356e-44,3.7200759760208356e-44
3.7200759760208356e-44,1.0,3.7200759760208356e-44,3.7200759760208356e-44,3.7200759760208356e-44
3.7200759760208356e-44,1.0,3.7200759760208356e-44,3.7200759760208356e-44,3.7200759760208356e-44
3.7200759760208356e-44,1.0,3.7200759760208356e-44,3.7200759760208356e-44,3.7200759760208356e-44
3.7200759760208356e-44,1.0,3.7200759760208356e-44,3.7200759760208356e-44,3.7200759760208356e-44
1.0,7.079761034465271e-43,1.6228755017031453e-43,1.6228755017031453e-43,1.6228755017031453e-43
1.3919919922788592e-12,0.999999999998608,2.2959708560107434e-28,2.3372790509279378e-28,2.2959708560107434e-28
9.847781119182477e-30,1.0,1.5299112657777306e-36,9.774814649727825e-36,1.5299112657777306e-36
1.0,4.805822014875876e-32,5.269204029828425e-38,8.183056573513274e-38,5.269204029828425e-38
1.0,6.938727855361226e-38,5.080609687712305e-41,5.080609687712305e-41,5.080609687712305e-41
1.0,1.7820602012407613e-42,2.5747619972452942e-43,2.5747619972452942e-43,2.5747619972452942e-43
2.9241503345160864e-10,0.9999999997075849,4.355323691872526e-27,7.594685725787279e-27,4.355323691872526e-27
6.02800778644211e-39,1.0,1.641314179696486e-41,1.9717395607236266e-41,1.641314179696486e-41
0.999999999999958,4.199403967190186e-14,4.273302945091098e-29,4.995185060758001e-29,4.273302945091098e-29
3.6535481802405384e-31,1.0,2.493562649147267e-31,1.1407597875296375e-18,2.493562649147267e-31
6.282036364653107e-27,1.0,2.7335671539818515e-35,8.740514277008698e-35,2.7335671539818515e-35
4.778997152927788e-34,1.0,3.2903960610638156e-38,2.003807271945949e-36,3.2903960610638156e-38
9.392351502601598e-44,1.0,7.91918910705047e-44,1.4213989638848559e-43,7.91918910705047e-44
9.940736216023749e-29,1.0,4.690876180238264e-35,2.791203809764605e-32,4.690876180238264e-35
7.5925506274577844e-34,1.0,1.6351208818740193e-34,1.5477830576429285e-25,1.6351208818740193e-34
8.33993641398207e-44,1.0,5.786227779194215e-44,6.244131329718145e-44,5.786227779194215e-44
1.0,9.272801003876101e-43,1.8572970749167002e-43,1.8572970749167002e-43,1.8572970749167002e-43
1.0,3.765019763665566e-31,1.2037615703200787e-37,1.245381338056038e-37,1.2037615703200787e-37
7.319470591667642e-26,1.0,5.305514893917938e-35,5.484677982264124e-35,5.305514893917938e-35
2.0879630663207122e-37,1.0,2.6971142478275433e-39,2.5259421957502093e-36,2.6971142478275433e-39
6.083307507183836e-40,1.0,5.87931054699934e-42,8.980233333632835e-42,5.87931054699934e-42
4.404668261659917e-14,0.9999999999999559,4.0856645704037395e-29,4.1622015916727356e-29,4.0856645704037395e-29
1.0636670344332065e-34,1.0,2.1447502543091467e-39,2.493289308171378e-39,2.1447502543091467e-39
5.781207488957036e-28,1.0,4.99280901960448e-36,5.7871467610794506e-36,4.99280901960448e-36
1.7366457486525428e-41,1.0,8.037695023090297e-43,8.037695023090297e-43,8.037695023090297e-43
2.6591548203948656e-32,1.0,4.031002770732297e-38,6.621309017099796e-38,4.031002770732297e-38
1.0347763337044991e-13,0.9999999999998965,6.299665262325479e-29,6.494625649040864e-29,6.299665262325479e-29
5.5583034408325525e-09,0.9999999944416965,1.5054439064592318e-26,1.6500597661428182e-26,1.5054439064592318e-26
2.8503936878065497e-39,1.0,2.8503936878065497e-39,2.184026409099835e-34,2.8503936878065497e-39
1.4373307491024855e-41,1.0,1.4373307491024855e-41,5.553434111647689e-39,1.4373307491024855e-41
0.9999999403109593,5.968904065241016e-08,4.7121943180321577e-26,4.7121943180321577e-26,4.7121943180321577e-26
3.936194440365353e-39,1.0,2.2324220915078902e-39,7.598022605888579e-35,2.2324220915078902e-39
1.8992710267425924e-30,1.0,4.512052212285482e-37,1.3001204718829287e-36,4.512052212285482e-37
4.815841773158541e-36,1.0,4.508994295847556e-40,5.116995540635386e-40,4.508994295847556e-40
4.254806524863114e-38,1.0,4.1568768557241525e-41,4.538056001163477e-41,4.1568768557241525e-41
4.4475284462395544e-43,1.0,1.3272439019580151e-43,1.413128553439482e-43,1.3272439019580151e-43
0.9999999999999398,6.0257193218085e-14,4.734567951492847e-29,4.734567951492847e-29,4.734567951492847e-29
1.8033051511047368e-15,0.9999999999999982,8.587830085658678e-30,9.441245624962843e-30,8.587830085658678e-30
6.182818563822012e-44,1.0,5.423111292184516e-44,6.934373648108642e-44,5.423111292184516e-44
1.649602048446129e-14,0.9999999999999835,2.4772252522568765e-29,2.4772252522568765e-29,2.4772252522568765e-29
1.2674682942731572e-43,1.0,6.903989848241388e-44,6.979294405079528e-44,6.903989848241388e-44
5.424091351330582e-42,1.0,9.400632352638934e-43,4.117109331006839e-42,9.400632352638934e-43
3.671305038578644e-40,1.0,3.735814295142966e-42,3.81753967068224e-42,3.735814295142966e-42
9.159023862956053e-31,1.0,3.547244192256546e-37,1.3100029051582243e-36,3.547244192256546e-37
7.752436798919112e-41,1.0,2.5492606009651707e-42,5.74450560943528e-42,2.5492606009651707e-42
0.9998922001967466,0.00010779980325339283,2.0024490706452866e-24,2.0024490706452866e-24,2.0024490706452866e-24
0.9999999999999997,2.9901292427547836e-16,3.335192342454822e-30,3.335192342454822e-30,3.335192342454822e-30
6.0516233256284e-34,1.0,2.278271725698516e-34,5.252824166102124e-25,2.278271725698516e-34
6.20755145845268e-23,0.9001830922728721,5.920190754800846e-23,0.0998169077271279,5.920190754800846e-23
1.726479317525635e-30,1.0,5.890851381388155e-31,3.1828854492108423e-18,5.890851381388155e-31
1.3427051652421914e-30,1.0,1.3427051652421914e-30,4.8462912381065576e-17,1.3427051652421914e-30
3.1739611259521296e-38,1.0,3.4361863356748543e-41,3.4361863356748543e-41,3.4361863356748543e-41
1.20702982795053e-32,1.0,2.3107507157838775e-38,2.747827569504597e-38,2.3107507157838775e-38
2.10930230568887e-43,1.0,1.959604684846325e-43,9.589915271277587e-43,1.959604684846325e-43
1.0,3.274839264727181e-41,1.4692851281665735e-42,2.6036131105528292e-42,1.4692851281665735e-42
1.0,2.4273159025460237e-27,2.661080113053291e-35,2.086871640699418e-34,2.661080113053291e-35
6.843947092699012e-39,1.0,2.151441570568835e-40,3.9113818344448405e-38,2.151441570568835e-40
1.2212129988392351e-27,1.0,6.861089604501602e-36,7.109450675003519e-36,6.861089604501602e-36
1.0,4.004021048307804e-30,6.410034987360201e-37,1.7682067271503833e-36,6.410034987360201e-37
7.0715592355786964e-43,1.0,4.674863986249217e-43,3.8836487668339465e-42,4.674863986249217e-43
8.380481593625784e-24,1.0,7.90341104998528e-34,1.5835177041200925e-33,7.90341104998528e-34
1.4080336293076162e-43,1.0,7.776295797940212e-44,8.977460006470486e-44,7.776295797940212e-44
1.0,1.943911907895492e-36,2.8158488363858308e-40,3.0874477783051678e-40,2.8158488363858308e-40
1.0,2.211696092260635e-38,2.923131518355412e-41,3.035762603961065e-41,2.923131518355412e-41
1.0,5.035997354697337e-19,1.3687327268139013e-31,1.3687327268139013e-31,1.3687327268139013e-31
0.999999996245208,3.754792086603118e-09,1.1876165968588075e-26,1.1991984890964527e-26,1.1876165968588075e-26
1.3641080507851617e-42,1.0,2.3664451891942753e-43,2.6114924106637028e-43,2.3664451891942753e-43
0.9999999999571417,4.285829660846536e-11,1.2626801636974234e-27,1.2626801636974234e-27,1.2626801636974234e-27
0.9999845247765736,1.5475223426500113e-05,7.587365550652862e-25,7.587365550652862e-25,7.587365550652862e-25
1.939431886596707e-27,1.0,9.085292411257926e-36,1.0394183693975914e-35,9.085292411257926e-36
1.0027740570166153e-41,1.0,6.162547491989862e-43,6.2737316474860254e-43,6.162547491989862e-43
2.2034498112561072e-43,1.0,1.1678769950390812e-43,1.943284285252866e-43,1.1678769950390812e-43
3.076672065326848e-36,1.0,6.98583375730932e-40,2.978665404519555e-39,6.98583375730932e-40
4.540348598084708e-17,1.0,4.511354617452981e-30,5.436005546393983e-29,4.511354617452981e-30
6.318535266684266e-28,1.0,5.5544149212003194e-36,7.290322378425943e-36,5.5544149212003194e-36
2.5405327932444967e-41,1.0,9.721612525935167e-43,9.721612525935167e-43,9.721612525935167e-43
1.7206622461294847e-27,1.0,1.5419041287459243e-35,5.726966920821063e-35,1.5419041287459243e-35
1.0,1.796873553964935e-37,8.175882912598567e-41,8.175882912598567e-41,8.175882912598567e-41
1.0,1.3454352319443063e-26,2.272300155328513e-35,2.3441342952954023e-35,2.272300155328513e-35
1.8659375676915277e-38,1.0,2.7198058080593916e-41,2.89844305494125e-41,2.7198058080593916e-41
1.680236050627916e-35,1.0,9.238808722829186e-40,1.2616120224233905e-39,9.238808722829186e-40
0.9999999999999998,2.3356142669921337e-16,2.9476537320195577e-30,2.9476537320195577e-30,2.9476537320195577e-30
6.844625299964118e-32,1.0,3.1418841632546497e-34,1.218060948153186e-26,3.1418841632546497e-34
8.488055302404355e-44,1.0,6.21653144186318e-44,7.608243322818657e-44,6.21653144186318e-44
4.754832868249501e-43,1.0,1.3299751698121678e-43,1.3299751698121678e-43,1.3299751698121678e-43
3.46791572954078e-20,1.0,3.7086859524825814e-32,3.9540288399935094e-32,3.7086859524825814e-32
6.468713707517012e-34,1.0,5.708321637660325e-39,7.729574130845328e-39,5.708321637660325e-39
4.257204427697012e-27,1.0,1.2584563526990217e-35,1.2584563526990217e-35,1.2584563526990217e-35
4.050907289900909e-42,1.0,2.9048218725569044e-42,1.626501261784429e-40,2.9048218725569044e-42
1.5803307514545383e-38,1.0,1.5644113667449802e-38,6.512580247159526e-33,1.5644113667449802e-38
6.066618911854757e-44,1.0,4.750608726222856e-44,4.750608726222856e-44,4.750608726222856e-44
0.9999995406988123,4.59301187763299e-07,1.3071474781285554e-25,1.3071474781285554e-25,1.3071474781285554e-25
2.747892837420661e-32,1.0,2.0362633491516476e-37,8.259432943137594e-36,2.0362633491516476e-37
1.0710788671127646e-43,1.0,6.979691447102028e-44,8.533661501505692e-44,6.979691447102028e-44
3.8523110921608474e-43,1.0,1.2317333397695925e-43,1.303998012635701e-43,1.2317333397695925e-43
5.990198788569131e-42,1.0,6.036448426543069e-43,9.870779237196607e-43,6.036448426543069e-43
1.807083372459626e-33,1.0,1.0257027034353164e-38,1.6052197742135884e-38,1.0257027034353164e-38
6.5997215716932e-29,1.0,1.68843107630479e-36,1.9605259141694015e-36,1.68843107630479e-36
1.0,1.4646913243485257e-25,7.534850722760124e-35,7.851019195669685e-35,7.534850722760124e-35
2.6979863421873634e-42,1.0,3.490942971517764e-43,4.2387392955723795e-43,3.490942971517764e-43
2.719040812066989e-08,0.999999972809592,3.2128280157165436e-26,3.2786488880779686e-26,3.2128280157165436e-26
9.7035962097488e-41,1.0,2.615386624959152e-41,4.955907244264142e-39,2.615386624959152e-41
1.3630784462368087e-36,1.0,2.3603667580742945e-40,2.5933779192459994e-40,2.3603667580742945e-40
8.207670846293557e-39,1.0,1.7755205340919566e-41,1.8331810398379879e-41,1.7755205340919566e-41
1.765952265794894e-42,1.0,2.5786536478695086e-43,2.6100466596975308e-43,2.5786536478695086e-43
8.127550673518765e-23,1.0,1.7388244881082452e-33,1.7388244881082452e-33,1.7388244881082452e-33
3.6440942106503498e-37,1.0,1.0922053236771292e-39,9.61106382388132e-38,1.0922053236771292e-39
4.007021995973048e-43,1.0,3.958476167466169e-43,4.161123135289157e-42,3.958476167466169e-43
4.372639126534782e-42,1.0,4.4263780718948734e-43,5.331508070869303e-43,4.4263780718948734e-43
6.217090431804496e-44,1.0,4.959656737363604e-44,5.274919843414355e-44,4.959656737363604e-44
1.2856681721563496e-30,1.0,2.6882768574927927e-37,4.062012707480182e-37,2.6882768574927927e-37
2.4403615317207077e-36,1.0,1.1175304399962605e-39,1.5373477074129464e-38,1.1175304399962605e-39
5.414167459210935e-38,1.0,1.1128760767910731e-40,6.843163647192558e-40,1.1128760767910731e-40
6.007682919285657e-19,1.0,1.4949594275292401e-31,1.4949594275292401e-31,1.4949594275292401e-31
2.5137888908838743e-29,1.0,2.0666859741162836e-33,9.439366831468467e-27,2.0666859741162836e-33
1.4758514457273014e-27,1.0,5.730868877128588e-31,3.428206396254668e-21,5.730868877128588e-31
1.0082200186296905e-26,0.9999999982391188,8.708547507579643e-27,1.7608811764805009e-09,8.708547507579643e-27
1.0,1.1048414713995958e-20,2.0273367295703896e-32,2.0273367295703896e-32,2.0273367295703896e-32
3.0023447473251317e-24,1.0,1.0130361525485677e-33,9.308130523800021e-33,1.0130361525485677e-33
6.709885397744349e-32,1.0,5.592050813330321e-38,7.005617391858892e-38,5.592050813330321e-38
7.41233609652725e-36,1.0,5.672360618066348e-40,6.6188812057024e-40,5.672360618066348e-40
1.0,8.185157820319582e-37,2.2858753891742185e-40,3.922643031609111e-40,2.2858753891742185e-40
1.0,2.137734479104438e-42,2.8633014873639863e-43,2.9518593810166672e-43,2.8633014873639863e-43
1.0,2.0094391482763536e-22,4.262214850465656e-33,1.0358082006633116e-32,4.262214850465656e-33
0.9999999998686409,1.3135908709583223e-10,3.6446279934109124e-27,9.907126045982035e-27,3.6446279934109124e-27
1.0,9.44392006282164e-24,6.993249257822191e-34,9.734931763315432e-34,6.993249257822191e-34
0.9999999999999994,5.334688892843018e-16,5.032181689063642e-30,6.421079281817647e-30,5.032181689063642e-30
2.1947914408624448e-42,1.0,4.732995367031124e-43,1.2985634369910856e-42,4.732995367031124e-43
7.613185549770759e-42,1.0,3.870734395210332e-42,2.0476790667504696e-40,3.870734395210332e-42
1.5052137528390587e-42,1.0,2.866599567895215e-43,4.2067926436834466e-43,2.866599567895215e-43
4.4129508983548127e-38,1.0,6.782056632995473e-41,1.900217577513172e-40,6.782056632995473e-41
6.542930975751384e-42,1.0,2.4528562234746392e-42,6.063063666445952e-41,2.4528562234746392e-42
7.399457167194324e-26,1.0,7.033959709487514e-34,1.264293656271352e-31,7.033959709487514e-34
0.9999999999990985,9.015592141197146e-13,2.289959421633735e-28,3.5804473673824714e-28,2.289959421633735e-28
1.0,1.27879815829192e-35,6.897264897654295e-40,6.897264897654295e-40,6.897264897654295e-40
1.2421356850676465e-35,1.0,2.801274006235756e-39,4.757139923549315e-38,2.801274006235756e-39
1.0,1.9577706018689353e-34,2.8079734308613427e-39,3.039942506656047e-39,2.8079734308613427e-39
1.7470414426423048e-12,0.999999999998253,2.6140522542072037e-28,2.7484495993027143e-28,2.6140522542072037e-28
6.406192546988082e-38,1.0,5.133106358957846e-41,5.675302195159151e-41,5.133106358957846e-41
1.2562070409745686e-40,1.0,2.188449810913139e-42,2.2428319822289473e-42,2.188449810913139e-42
6.918765254723487e-29,1.0,4.722160052989092e-36,4.091115150091914e-35,4.722160052989092e-36
2.172872152591759e-38,1.0,2.8761799875041083e-41,2.943487505447712e-41,2.8761799875041083e-41
5.070441308831104e-43,1.0,1.4779733135451785e-43,1.7115997234793935e-43,1.4779733135451785e-43
5.045755308315445e-40,1.0,4.5047942322553003e-42,4.8702009312837035e-42,4.5047942322553003e-42
1.0,1.4123450227995154e-27,7.248469348192814e-36,7.248469348192814e-36,7.248469348192814e-36
5.0022437173520745e-29,1.0,3.3867408182707376e-36,2.087513194030067e-35,3.3867408182707376e-36
3.571036870212902e-33,1.0,1.7927446797866635e-38,4.3371973440292966e-38,1.7927446797866635e-38
4.1846689006615114e-44,1.0,3.982368092675218e-44,4.057058666681789e-44,3.982368092675218e-44
1.0,1.1034554637714184e-27,6.406979133246014e-36,6.406979133246014e-36,6.406979133246014e-36
9.211631801680938e-33,1.0,3.084757454401172e-38,8.565933273743949e-38,3.084757454401172e-38
2.3727324491526375e-37,1.0,2.2296977927894275e-37,1.2558490242255377e-30,2.2296977927894275e-37
3.9336339227371634e-43,1.0,3.862644458971711e-43,3.938296908208522e-42,3.862644458971711e-43
1.0,2.8357880828477316e-29,1.0403871575640403e-36,1.0674790617490666e-36,1.0403871575640403e-36
2.2513133013047112e-42,1.0,2.893968992003856e-43,2.893968992003856e-43,2.893968992003856e-43
1.0,1.3229917025693171e-41,7.01543273733203e-43,7.01543273733203e-43,7.01543273733203e-43
3.8912272899937922e-31,1.0,1.7438673421963534e-37,3.663548329474106e-37,1.7438673421963534e-37
2.315187516045969e-31,1.0,1.7973890825221232e-37,6.74199330039884e-37,1.7973890825221232e-37
2.696258810973641e-37,1.0,1.0399721224081744e-40,1.1213771598065975e-40,1.0399721224081744e-40
1.078443593688809e-39,1.0,7.657106398996092e-42,1.1190379137335637e-41,7.657106398996092e-42
1.1317762684131172e-43,1.0,8.201331363019375e-44,1.3102093217921682e-43,8.201331363019375e-44
8.085521731149319e-37,1.0,2.050507934548743e-40,2.8663188785217493e-40,2.050507934548743e-40
1.5103405284800148e-41,1.0,9.950774485400385e-43,1.753654224185543e-42,9.950774485400385e-43
0.9989497108061528,0.001050289193847233,6.5245678690908016e-24,7.116245576033641e-24,6.5245678690908016e-24
6.102670700577076e-34,1.0,6.118000291863732e-39,1.0086877215345328e-38,6.118000291863732e-39
2.5493672502251134e-43,1.0,2.424525866227538e-43,1.5027829296515818e-42,2.424525866227538e-43
1.0150711083792645e-39,1.0,5.365298983427724e-41,4.0900960619791516e-39,5.365298983427724e-41
1.1706789880358903e-42,1.0,2.131773339639722e-43,2.22450530843606e-43,2.131773339639722e-43
6.009885011907132e-43,1.0,1.5094505810755443e-43,1.5382917980795296e-43,1.5094505810755443e-43
5.287456167507954e-40,1.0,4.5710921254768993e-42,4.8558060574275904e-42,4.5710921254768993e-42
3.892186319920205e-41,1.0,6.054379616621043e-42,1.5327224307729895e-40,6.054379616621043e-42
1.097196316080876e-43,1.0,1.0822768260879478e-43,3.105838918028943e-43,1.0822768260879478e-43
1.3833998186564467e-43,1.0,7.815369126967053e-44,9.275748414742165e-44,7.815369126967053e-44
1.9056700360766636e-34,1.0,1.8338421717733401e-37,8.699340945899933e-34,1.8338421717733401e-37
0.9999999999999993,6.211222503059644e-16,4.8068929273858734e-30,4.8068929273858734e-30,4.8068929273858734e-30
1.9154266904055413e-26,1.0,1.4993227880048098e-34,4.730075588860632e-33,1.4993227880048098e-34
7.756009004622308e-22,1.0,5.371493532333157e-33,5.371493532333157e-33,5.371493532333157e-33
0.00019347693774063716,0.9998065230622594,2.682554106049607e-24,2.682554106049607e-24,2.682554106049607e-24
3.281938254155656e-24,0.9999999999997213,3.240650992000137e-27,2.7874980256199766e-13,3.240650992000137e-27
3.7200759760208356e-44,1.0,3.7200759760208356e-44,3.7200759760208356e-44,3.7200759760208356e-44
3.7200759760208356e-44,3.7200759760208356e-44,3.7200759760208356e-44,1.0,3.7200759760208356e-44
3.7200759760208356e-44,3.7200759760208356e-44,3.7200759760208356e-44,1.0,3.7200759760208356e-44
1.9531147748703673e-26,5.657557299877929e-10,0.9999999994342442,1.3376116974202943e-26,4.8519303946534285e-26
3.7303203028644473e-44,1.0,3.7303203028644473e-44,3.740592840484706e-44,3.7303203028644473e-44
3.7200759760208356e-44,3.7200759760208356e-44,3.7200759760208356e-44,1.0,3.7200759760208356e-44
3.7200759760208356e-44,1.0,3.7200759760208356e-44,3.7200759760208356e-44,3.7200759760208356e-44
3.7200759760208356e-44,3.7200759760208356e-44,3.7200759760208356e-44,1.0,3.7200759760208356e-44
3.7200759760208356e-44,1.0,3.7200759760208356e-44,3.7200759760208356e-44,3.7200759760208356e-44
4.1169947420006906e-44,4.556263316909871e-44,4.1169947420006906e-44,1.0,4.1169947420006906e-44
3.7200759760208356e-44,1.0,3.7200759760208356e-44,3.7200759760208356e-44,3.7200759760208356e-44
3.7200759760208356e-44,3.7200759760208356e-44,3.7200759760208356e-44,1.0,3.7200759760208356e-44
3.7200759760208356e-44,1.0,3.7200759760208356e-44,3.7200759760208356e-44,3.7200759760208356e-44
3.7200759760208356e-44,3.7200759760208356e-44,3.7200759760208356e-44,1.0,3.7200759760208356e-44
3.7200759760208356e-44,1.0,3.7200759760208356e-44,3.7200759760208356e-44,3.7200759760208356e-44
3.7200759760208356e-44,3.7200759760208356e-44,3.7200759760208356e-44,1.0,3.7200759760208356e-44
3.7200759760208356e-44,1.0,3.7200759760208356e-44,3.7200759760208356e-44,3.7200759760208356e-44
3.7200759760208356e-44,1.0,3.7200759760208356e-44,3.7200759760208356e-44,3.7200759760208356e-44
3.7200759760208356e-44,3.7200759760208356e-44,3.7200759760208356e-44,1.0,3.7200759760208356e-44
3.7200759760208356e-44,1.0,3.7200759760208356e-44,3.7200759760208356e-44,3.7200759760208356e-44
3.7574765168949135e-44,3.7387294795108005e-44,3.7387294795108005e-44,1.0,3.7387294795108005e-44
3.7200759760208356e-44,1.0,3.7200759760208356e-44,3.7200759760208356e-44,3.7200759760208356e-44
3.7649551065250984e-44,3.8103756604754533e-44,3.7649551065250984e-44,1.0,3.7649551065250984e-44
3.7200759760208356e-44,1.0,3.7200759760208356e-44,3.7200759760208356e-44,3.7200759760208356e-44
3.7200759760208356e-44,3.7200759760208356e-44,3.7200759760208356e-44,1.0,3.7200759760208356e-44
3.7200759760208356e-44,1.0,3.7200759760208356e-44,3.7200759760208356e-44,3.7200759760208356e-44
3.7200759760208356e-44,3.7200759760208356e-44,3.7200759760208356e-44,1.0,3.7200759760208356e-44
3.7328262111091924e-44,1.0,3.7328262111091924e-44,3.745620146513313e-44,3.7328262111091924e-44
3.7200759760208356e-44,3.7200759760208356e-44,3.7200759760208356e-44,1.0,3.7200759760208356e-44
3.724805887623114e-44,1.0,3.724805887623114e-44,3.7295418130981917e-44,3.724805887623114e-44
4.1049166455318254e-44,3.907761737441387e-44,3.907761737441387e-44,1.0,3.907761737441387e-44
3.724495745221729e-44,1.0,3.724495745221729e-44,3.728920765487353e-44,3.724495745221729e-44
3.7200759760208356e-44,1.0,3.7200759760208356e-44,3.7200759760208356e-44,3.7200759760208356e-44
2.452744535341427e-31,1.0,1.2114587116795802e-37,1.948595635627441e-37,1.2114587116795802e-37
3.7200759760208356e-44,1.0,3.7200759760208356e-44,3.7200759760208356e-44,3.7200759760208356e-44
1.8389960154405325e-43,1.0,1.5116518002230216e-43,5.049201457069303e-43,1.5116518002230216e-43
3.7200759760208356e-44,1.0,3.7200759760208356e-44,3.7200759760208356e-44,3.7200759760208356e-44
7.562627394241294e-34,1.0,8.604583012171409e-39,2.2644616660485774e-38,8.604583012171409e-39
3.7200759760208356e-44,1.0,3.7200759760208356e-44,3.7200759760208356e-44,3.7200759760208356e-44
2.8351397642705987e-36,1.0,2.4673195079467008e-39,1.4241308509146306e-37,2.4673195079467008e-39
1.0,3.7200759760208356e-44,3.7200759760208356e-44,3.7200759760208356e-44,3.7200759760208356e-44
5.0294198870076335e-39,1.0,1.7837642715784265e-41,3.0334907720931456e-41,1.7837642715784265e-41
3.834320079484778e-44,1.0,3.776766078547309e-44,3.776766078547309e-44,3.776766078547309e-44
1.9540231018719903e-43,1.0,1.2231779493608738e-43,2.5176040368613754e-43,1.2231779493608738e-43
1.0,6.336757871052709e-44,4.855226124699434e-44,4.855226124699434e-44,4.855226124699434e-44
9.56886051821164e-43,1.0,6.2752521057411324e-43,6.941950308146138e-42,6.2752521057411324e-43
3.7200759760208356e-44,1.0,3.7200759760208356e-44,3.7200759760208356e-44,3.7200759760208356e-44
1.789922413967658e-42,1.0,8.642028830368456e-43,9.693064805062993e-42,8.642028830368456e-43
3.9033449276659423e-44,1.0,3.8208030738296683e-44,3.841273440606409e-44,3.8208030738296683e-44
5.347762638459419e-44,1.0,4.607945978122976e-44,4.918109618179258e-44,4.607945978122976e-44
1.0,3.7200759760208356e-44,3.7200759760208356e-44,3.7200759760208356e-44,3.7200759760208356e-44
1.0735787945436076e-35,1.0,9.850969100001011e-40,2.3935975742283808e-39,9.850969100001011e-40
1.0,6.201577790295049e-44,4.803159434278771e-44,4.803159434278771e-44,4.803159434278771e-44
1.0486723557006347e-39,1.0,3.043085957423719e-41,7.223555777408267e-40,3.043085957423719e-41
3.8392882201393174e-44,1.0,3.8392882201393174e-44,3.962320697833519e-44,3.8392882201393174e-44
4.609506534837298e-34,1.0,6.381397680634464e-39,1.5154485125179027e-38,6.381397680634464e-39
3.7200759760208356e-44,1.0,3.7200759760208356e-44,3.7200759760208356e-44,3.7200759760208356e-44
1.354612160188375e-43,1.0,1.148010622780202e-43,3.0024165166755985e-43,1.148010622780202e-43
3.884751961069642e-44,1.0,3.884751961069642e-44,4.056717630583638e-44,3.884751961069642e-44
1.0123288116789572e-31,1.0,9.28574030486351e-38,2.126063313714295e-37,9.28574030486351e-38
1.0,4.1817100169496487e-44,3.944144897533567e-44,3.944144897533567e-44,3.944144897533567e-44
7.964799756367596e-41,1.0,2.0023389388138604e-42,2.7094809865301327e-42,2.0023389388138604e-42
3.7200759760208356e-44,1.0,3.7200759760208356e-44,3.7200759760208356e-44,3.7200759760208356e-44
2.9433432263784838e-33,1.0,1.6989411575610076e-38,4.478600188587893e-38,1.6989411575610076e-38
1.0,3.8308668928109054e-44,3.7750650186823903e-44,3.7750650186823903e-44,3.7750650186823903e-44
4.110694685610311e-37,1.0,1.878499972570785e-40,4.3347748798714305e-40,1.878499972570785e-40
1.0,4.041065602999625e-44,3.8772504519624685e-44,3.8772504519624685e-44,3.8772504519624685e-44
4.556632429198288e-44,1.0,4.556632429198288e-44,5.581310497058886e-44,4.556632429198288e-44
2.7460033806795255e-36,1.0,5.759120393900896e-40,1.8698880032395065e-39,5.759120393900896e-40
2.346701248655693e-42,1.0,2.2752319104231637e-42,1.349172238587218e-40,2.2752319104231637e-42
3.7200759760208356e-44,1.0,3.7200759760208356e-44,3.7200759760208356e-44,3.7200759760208356e-44
1.5232875933022994e-42,1.0,6.41513168841574e-43,4.658895970822408e-42,6.41513168841574e-43
3.7827600890829224e-44,1.0,3.75128710317511e-44,3.75128710317511e-44,3.75128710317511e-44
2.1137920769650405e-41,1.0,1.8137286778412098e-42,7.587573033390425e-42,1.8137286778412098e-42
1.0,4.495516902989019e-44,4.089457718402904e-44,4.089457718402904e-44,4.089457718402904e-44
4.581156993911228e-42,1.0,9.883905284014906e-43,5.665767386262165e-42,9.883905284014906e-43
4.2817398090341787e-44,1.0,4.2817398090341787e-44,4.928204668518087e-44,4.2817398090341787e-44
1.046072398882232e-43,1.0,1.0370233863620585e-43,2.865841045759469e-43,1.0370233863620585e-43
1.0,4.619076273942658e-41,1.3108514285799838e-42,1.3108514285799838e-42,1.3108514285799838e-42
1.9344045055393794e-30,1.0,3.1574374901647324e-37,4.374265900644297e-37,3.1574374901647324e-37
1.0,3.7200759760208356e-44,3.7200759760208356e-44,3.7200759760208356e-44,3.7200759760208356e-44
4.773042717369919e-38,1.0,1.8704266740654203e-40,3.685317683558645e-39,1.8704266740654203e-40
1.0,3.821028570459415e-44,3.770214395582201e-44,3.770214395582201e-44,3.770214395582201e-44
1.3696477908888462e-36,1.0,5.3980116206778475e-40,3.0870291784848554e-39,5.3980116206778475e-40
3.7200759760208356e-44,1.0,3.7200759760208356e-44,3.7200759760208356e-44,3.7200759760208356e-44
5.311976014201968e-37,1.0,2.312690672794742e-40,6.259573331039423e-40,2.312690672794742e-40
1.0,3.8550179423426736e-44,3.7869459508208406e-44,3.7869459508208406e-44,3.7869459508208406e-44
6.181695957048851e-44,1.0,5.332685167338393e-44,6.594447011005752e-44,5.332685167338393e-44
1.0,4.725940670689507e-44,4.192953416522997e-44,4.192953416522997e-44,4.192953416522997e-44
2.7286239389941566e-32,1.0,4.1753041352807635e-38,7.170820513280007e-38,4.1753041352807635e-38
1.0,3.829861555330739e-44,3.7745696395048196e-44,3.7745696395048196e-44,3.7745696395048196e-44
1.437490463483435e-42,1.0,3.640424474051456e-43,9.021926701126357e-43,3.640424474051456e-43
3.9406146744350564e-44,1.0,3.828757759524753e-44,3.828757759524753e-44,3.828757759524753e-44
2.8640686009896735e-43,1.0,2.24658940964877e-43,1.0642309774135285e-42,2.24658940964877e-43
3.7200759760208356e-44,1.0,3.7200759760208356e-44,3.7200759760208356e-44,3.7200759760208356e-44
5.268520695570962e-41,1.0,1.4682398296343553e-42,1.6149181053662987e-42,1.4682398296343553e-42
3.7200759760208356e-44,1.0,3.7200759760208356e-44,3.7200759760208356e-44,3.7200759760208356e-44
9.735394186792704e-44,1.0,6.699738551113019e-44,8.303634319533178e-44,6.699738551113019e-44
3.7200759760208356e-44,1.0,3.7200759760208356e-44,3.7200759760208356e-44,3.7200759760208356e-44
5.185918529823942e-39,1.0,1.877336221592692e-40,3.4296411335955846e-38,1.877336221592692e-40
3.7200759760208356e-44,1.0,3.7200759760208356e-44,3.7200759760208356e-44,3.7200759760208356e-44
9.627743436438896e-36,1.0,2.056704127893998e-39,2.4290650256236995e-38,2.056704127893998e-39
1.0,6.390794305841603e-41,1.5418897614567674e-42,1.5418897614567674e-42,1.5418897614567674e-42
6.3829100466623384e-40,1.0,8.245689405699071e-42,2.3610782594501027e-41,8.245689405699071e-42
1.0,3.7200759760208356e-44,3.7200759760208356e-44,3.7200759760208356e-44,3.7200759760208356e-44
1.3119971583427056e-43,1.0,1.2105805061295178e-43,3.634932283233566e-43,1.2105805061295178e-43
3.944516552450321e-44,1.0,3.944516552450321e-44,4.182498135212105e-44,3.944516552450321e-44
1.8999503977970992e-42,1.0,7.583330783169607e-43,6.170010854717854e-42,7.583330783169607e-43
1.0,5.445072034178303e-44,4.500675689499246e-44,4.500675689499246e-44,4.500675689499246e-44
1.0867592841131628e-42,1.0,9.19630175786508e-43,1.9237758619873968e-41,9.19630175786508e-43
1.0,3.7200759760208356e-44,3.7200759760208356e-44,3.7200759760208356e-44,3.7200759760208356e-44
1.0,1.0513014532953985e-39,6.253735907407672e-42,6.253735907407672e-42,6.253735907407672e-42
3.7200759760208356e-44,1.0,3.7200759760208356e-44,3.7200759760208356e-44,3.7200759760208356e-44
1.0,4.1463705213884176e-44,3.9274436169470523e-44,3.9274436169470523e-44,3.9274436169470523e-44
8.745070557151545e-34,1.0,2.380451633901869e-37,4.146321352299855e-34,2.380451633901869e-37
3.8488525307666584e-44,1.0,3.783916467755601e-44,3.783916467755601e-44,3.783916467755601e-44
9.64374923981959e-23,0.5,9.64374923981959e-23,0.5,9.64374923981959e-23
1.0,7.932612282258016e-44,5.432303413683359e-44,5.432303413683359e-44,5.432303413683359e-44
9.64374923981959e-23,0.5,9.64374923981959e-23,0.5,9.64374923981959e-23
3.8152377992801436e-44,1.0,3.783249743982679e-44,3.8152377992801436e-44,3.783249743982679e-44
3.7554292486301335e-44,1.0,3.737710813783598e-44,3.737710813783598e-44,3.737710813783598e-44
3.123076498544293e-43,1.0,3.123076498544293e-43,2.6218837675978345e-42,3.123076498544293e-43
3.7200759760208356e-44,3.7200759760208356e-44,3.7200759760208356e-44,1.0,3.7200759760208356e-44
3.7200759760208356e-44,1.0,3.7200759760208356e-44,3.7200759760208356e-44,3.7200759760208356e-44
1.0,4.0539497943152546e-44,3.8834264815786976e-44,3.8834264815786976e-44,3.8834264815786976e-44
4.1726363904122525e-44,1.0,3.939863499239898e-44,3.939863499239898e-44,3.939863499239898e-44
3.7200759760208356e-44,1.0,3.7200759760208356e-44,3.7200759760208356e-44,3.7200759760208356e-44
3.788276044361234e-44,1.0,3.788276044361234e-44,3.857726423004891e-44,3.788276044361234e-44
1.0,3.782607310915254e-44,3.751211348892057e-44,3.751211348892057e-44,3.751211348892057e-44
9.64374923981959e-23,0.5,9.64374923981959e-23,0.5,9.64374923981959e-23
3.844476627687038e-44,1.0,3.7817648185777366e-44,3.7817648185777366e-44,3.7817648185777366e-44
1.0,4.0467184574289004e-44,3.879961354859253e-44,3.879961354859253e-44,3.879961354859253e-44
3.7200759760208356e-44,1.0,3.7200759760208356e-44,3.7200759760208356e-44,3.7200759760208356e-44
3.7200759760208356e-44,1.0,3.7200759760208356e-44,3.7200759760208356e-44,3.7200759760208356e-44
1.0,1.1619520695726442e-43,6.574610238869589e-44,6.574610238869589e-44,6.574610238869589e-44
1.0,4.4322158795194735e-44,4.0605639773236543e-44,4.0605639773236543e-44,4.0605639773236543e-44
5.859024704041823e-22,3.0804638638922766e-14,8.75651076269625e-27,0.9999999999999691,8.75651076269625e-27
1.0,2.3197370598230137e-42,2.9376177605217426e-43,2.9376177605217426e-43,2.9376177605217426e-43
9.64374923981959e-23,0.5,9.64374923981959e-23,0.5,9.64374923981959e-23
3.7903701241736375e-44,1.0,3.7903701241736375e-44,3.86199254285005e-44,3.7903701241736375e-44
3.7200759760208356e-44,3.7200759760208356e-44,3.7200759760208356e-44,1.0,3.7200759760208356e-44
3.7200759760208356e-44,1.0,3.7200759760208356e-44,3.7200759760208356e-44,3.7200759760208356e-44
1.0,3.7200759760208356e-44,3.7200759760208356e-44,3.7200759760208356e-44,3.7200759760208356e-44
6.438625640277599e-37,1.1143831578403285e-29,6.438625640277599e-37,1.0,6.438625640277599e-37
1.0,3.7200759760208356e-44,3.7200759760208356e-44,3.7200759760208356e-44,3.7200759760208356e-44
1.0,4.4349899147170993e-44,4.0618344914131813e-44,4.0618344914131813e-44,4.0618344914131813e-44
3.7200759760208356e-44,1.0,3.7200759760208356e-44,3.7200759760208356e-44,3.7200759760208356e-44
4.5363392099558e-44,1.0,4.503131648900923e-44,5.411112952417721e-44,4.503131648900923e-44
3.7200759760208356e-44,1.0,3.7200759760208356e-44,3.7200759760208356e-44,3.7200759760208356e-44
3.804113466936109e-44,1.0,3.761860060981321e-44,3.761860060981321e-44,3.761860060981321e-44
1.0,3.1520548398566245e-42,3.4243077380473265e-43,3.4243077380473265e-43,3.4243077380473265e-43
1.0,1.1556896366167655e-42,2.073464070803801e-43,2.073464070803801e-43,2.073464070803801e-43
3.9907676604155457e-44,1.0,3.962834915188594e-44,4.191888172337144e-44,3.962834915188594e-44
3.8588776030090665e-44,1.0,3.7888412298958865e-44,3.7888412298958865e-44,3.7888412298958865e-44
1.0,4.400466237843035e-44,4.0459941590035194e-44,4.0459941590035194e-44,4.0459941590035194e-44
1.0,3.8355254467439165e-44,3.7773596691139486e-44,3.7773596691139486e-44,3.7773596691139486e-44
1.0,3.7200759760208356e-44,3.7200759760208356e-44,3.7200759760208356e-44,3.7200759760208356e-44
3.7200759760208356e-44,1.0,3.7200759760208356e-44,3.7200759760208356e-44,3.7200759760208356e-44
3.7200759760208356e-44,1.0,3.7200759760208356e-44,3.7200759760208356e-44,3.7200759760208356e-44
3.809744482720506e-44,1.0,3.7646432666251954e-44,3.7646432666251954e-44,3.7646432666251954e-44
1.0,1.0522328248986322e-22,1.9897169740285918e-33,2.0123812362703133e-33,1.9897169740285918e-33
1.0,4.581680031386737e-43,1.305534289652182e-43,1.305534289652182e-43,1.305534289652182e-43
1.0,5.25643370830526e-44,4.422028127207302e-44,4.422028127207302e-44,4.422028127207302e-44
1.0,7.337099540753761e-44,5.224420325283136e-44,5.224420325283136e-44,5.224420325283136e-44
1.0,2.936364136392023e-25,1.0505206421383895e-34,1.0613339351308814e-34,1.0505206421383895e-34
3.82345272038003e-44,1.0,3.82345272038003e-44,3.92970218866832e-44,3.82345272038003e-44
3.8860404958562117e-44,1.0,3.802152796834816e-44,3.802152796834816e-44,3.802152796834816e-44
3.7200759760208356e-44,1.0,3.7200759760208356e-44,3.7200759760208356e-44,3.7200759760208356e-44
1.0,3.7200759760208356e-44,3.7200759760208356e-44,3.7200759760208356e-44,3.7200759760208356e-44
1.0,1.323132104458733e-40,2.2185923363472778e-42,2.2185923363472778e-42,2.2185923363472778e-42
1.0,1.054795184671929e-39,6.264118634030257e-42,6.264118634030257e-42,6.264118634030257e-42
4.4025119491953905e-44,1.0,4.4025119491953905e-44,5.210138606776576e-44,4.4025119491953905e-44
1.0,6.598286501345873e-44,4.954404817590046e-44,4.954404817590046e-44,4.954404817590046e-44
3.947723022951459e-44,1.0,3.8389098583874237e-44,3.852345760482158e-44,3.8389098583874237e-44
3.7200759760208356e-44,1.0,3.7200759760208356e-44,3.7200759760208356e-44,3.7200759760208356e-44
4.3015665099354325e-44,1.0,4.3015665099354325e-44,4.973950682370273e-44,4.3015665099354325e-44
0.9999950025249719,4.997475028210987e-06,4.3117158864214945e-25,4.3117158864214945e-25,4.3117158864214945e-25
3.7200759760208356e-44,3.7200759760208356e-44,3.7200759760208356e-44,1.0,3.7200759760208356e-44
7.033093624871432e-44,1.3296611750686938e-43,7.033093624871432e-44,1.0,7.033093624871432e-44
3.7200759760208356e-44,3.7200759760208356e-44,3.7200759760208356e-44,1.0,3.7200759760208356e-44
4.620353653420031e-44,5.738503197320837e-44,4.620353653420031e-44,1.0,4.620353653420031e-44
4.337888195149102e-44,5.058303678448467e-44,4.337888195149102e-44,1.0,4.337888195149102e-44
3.7200759760208356e-44,3.7200759760208356e-44,3.7200759760208356e-44,1.0,3.7200759760208356e-44
3.7200759760208356e-44,3.7200759760208356e-44,3.7200759760208356e-44,1.0,3.7200759760208356e-44
3.7200759760208356e-44,3.7200759760208356e-44,3.7200759760208356e-44,1.0,3.7200759760208356e-44
3.7200759760208356e-44,3.7200759760208356e-44,3.7200759760208356e-44,1.0,3.7200759760208356e-44
5.088437461619978e-44,6.960125537143697e-44,5.088437461619978e-44,1.0,5.088437461619978e-44
9.738520949301798e-44,2.5493777786074666e-43,9.738520949301798e-44,1.0,9.738520949301798e-44
6.457145087249971e-44,1.120802987534543e-43,6.457145087249971e-44,1.0,6.457145087249971e-44
4.343733928166014e-44,1.0,4.037840758198949e-44,4.0741080033048443e-44,4.037840758198949e-44
4.38176897495844e-44,1.0,4.0548205053428896e-44,4.089908730605498e-44,4.0548205053428896e-44
3.8589327275078274e-44,1.0,3.794212402594567e-44,3.8049232480283664e-44,3.794212402594567e-44
3.913917004514923e-44,1.0,3.857525551374131e-44,3.9424211176033373e-44,3.857525551374131e-44
4.089086703868549e-44,1.0,4.0251360829717217e-44,4.287099607514793e-44,4.0251360829717217e-44
4.1516436159930207e-44,1.0,3.9299401619943215e-44,3.9299401619943215e-44,3.9299401619943215e-44
3.879833467074662e-24,0.9999999999999134,2.3202443672421372e-27,8.654386497255785e-14,2.3202443672421372e-27
3.7200759760208356e-44,1.0,3.7200759760208356e-44,3.7200759760208356e-44,3.7200759760208356e-44
3.7200759760208356e-44,1.0,3.7200759760208356e-44,3.7200759760208356e-44,3.7200759760208356e-44
3.7200759760208356e-44,1.0,3.7200759760208356e-44,3.7200759760208356e-44,3.7200759760208356e-44
2.599840893992573e-32,1.0,2.599840893992573e-32,1.816944792967924e-20,2.599840893992573e-32
1.0,2.377080522906566e-43,1.4951021726696354e-43,3.779348271758761e-43,1.4951021726696354e-43
1.0,4.755938296718932e-34,1.1641947987451287e-35,8.918440984780987e-29,1.1641947987451287e-35
2.4891212533275435e-39,1.0,9.622743982828746e-42,9.622743982828746e-42,9.622743982828746e-42
3.7200759760208356e-44,1.0,3.7200759760208356e-44,3.7200759760208356e-44,3.7200759760208356e-44
1.7865096952077196e-37,1.0,8.152270725430154e-41,8.152270725430154e-41,8.152270725430154e-41
4.524104426937117e-28,0.9999999999944981,4.524104426937117e-28,5.501909369022519e-12,4.524104426937117e-28
3.7200759760208356e-44,1.0,3.7200759760208356e-44,3.7200759760208356e-44,3.7200759760208356e-44
3.7200759760208356e-44,1.0,3.7200759760208356e-44,3.7200759760208356e-44,3.7200759760208356e-44
1.0,9.1830422505104e-44,6.145696764813344e-44,6.794773612643905e-44,6.145696764813344e-44
1.0,4.759056862386273e-44,4.759056862386273e-44,6.088214962655621e-44,4.759056862386273e-44
3.7200759760208356e-44,1.0,3.7200759760208356e-44,3.7200759760208356e-44,3.7200759760208356e-44
3.7200759760208356e-44,1.0,3.7200759760208356e-44,3.7200759760208356e-44,3.7200759760208356e-44
3.7200759760208356e-44,1.0,3.7200759760208356e-44,3.7200759760208356e-44,3.7200759760208356e-44
3.7200759760208356e-44,1.0,3.7200759760208356e-44,3.7200759760208356e-44,3.7200759760208356e-44
1.0,1.2539529842431691e-30,1.5952498532425023e-31,8.702681248707474e-20,1.5952498532425023e-31
7.051763864006719e-44,1.0,5.164944389756099e-44,5.252274057123333e-44,5.164944389756099e-44
4.98152550912035e-41,1.0,2.87804751418902e-42,1.2864108969953196e-41,2.87804751418902e-42
8.453713573636782e-32,1.0,8.476228061110536e-34,1.9364601365932461e-25,8.476228061110536e-34
3.7200759760208356e-44,1.0,3.7200759760208356e-44,3.7200759760208356e-44,3.7200759760208356e-44
3.7200759760208356e-44,1.0,3.7200759760208356e-44,3.7200759760208356e-44,3.7200759760208356e-44
3.7200759760208356e-44,1.0,3.7200759760208356e-44,3.7200759760208356e-44,3.7200759760208356e-44
7.657249221966391e-37,1.0,1.704194447453285e-40,1.7375321365791905e-40,1.704194447453285e-40
2.643522540817094e-37,1.0,1.0091436115570017e-40,1.0450187869428452e-40,1.0091436115570017e-40
1.0542458375826168e-43,1.0,1.0542458375826168e-43,2.9876655563608274e-43,1.0542458375826168e-43
5.029073044339621e-44,1.0,4.340068658046785e-44,4.3696841516863035e-44,4.340068658046785e-44
3.6106444393607105e-43,1.0,1.1589595177062506e-43,1.1589595177062506e-43,1.1589595177062506e-43
1.0,3.7200759760208356e-44,3.7200759760208356e-44,3.7200759760208356e-44,3.7200759760208356e-44
1.0,3.770987706278991e-44,3.745445336939041e-44,3.745445336939041e-44,3.745445336939041e-44
3.763500215578584e-44,1.0,3.7610745141101765e-44,3.8000740382925256e-44,3.7610745141101765e-44
4.425404804187832e-44,1.0,4.11916351225498e-44,4.2454358492046767e-44,4.11916351225498e-44
3.960708172721032e-39,1.0,1.3767987469524983e-41,1.7712780140580923e-41,1.3767987469524983e-41
3.7200759760208356e-44,1.0,3.7200759760208356e-44,3.7200759760208356e-44,3.7200759760208356e-44
6.080661454027856e-44,1.0,4.772551324364263e-44,4.805617368006557e-44,4.772551324364263e-44
4.270584632367995e-44,1.0,3.985837339184329e-44,3.985837339184329e-44,3.985837339184329e-44
1.0,3.7200759760208356e-44,3.7200759760208356e-44,3.7200759760208356e-44,3.7200759760208356e-44
1.683868861720917e-35,1.0,7.983561691178256e-40,8.123253025696906e-40,7.983561691178256e-40
2.6983726032660436e-38,1.0,3.168304135616218e-41,3.168304135616218e-41,3.168304135616218e-41
3.4676414188503987e-41,1.0,1.1438445150498569e-42,1.1601522606589583e-42,1.1438445150498569e-42
1.0058540206669957e-41,1.0,6.175404192413158e-43,6.293748711135776e-43,6.175404192413158e-43
9.041847223565988e-38,1.0,5.799686080749424e-41,5.799686080749424e-41,5.799686080749424e-41
1.2717289001235854e-38,1.0,2.2223931129157468e-41,2.320151249057122e-41,2.2223931129157468e-41
8.95602497362336e-43,1.0,1.8545620571943298e-43,1.9145072049852414e-43,1.8545620571943298e-43
1.1350079528710586e-37,1.0,6.635248856369925e-41,6.918643182434312e-41,6.635248856369925e-41
4.4187950369999834e-40,1.0,4.054411580008086e-42,4.054411580008086e-42,4.054411580008086e-42
2.028294051172753e-42,1.0,2.7468906006744688e-43,2.7468906006744688e-43,2.7468906006744688e-43
3.7200759760208356e-44,1.0,3.7200759760208356e-44,3.7200759760208356e-44,3.7200759760208356e-44
1.2288344385982997e-36,1.0,2.1638982570456544e-40,2.216487709577685e-40,2.1638982570456544e-40
3.7200759760208356e-44,1.0,3.7200759760208356e-44,3.7200759760208356e-44,3.7200759760208356e-44
1.2352087122085146e-40,1.0,2.165283658155918e-42,2.209287517186826e-42,2.165283658155918e-42
1.714253818491503e-33,1.0,8.163675822252515e-39,8.531596683598877e-39,8.163675822252515e-39
1.3637356135696025e-40,1.0,2.2864873085651e-42,2.3562664175250563e-42,2.2864873085651e-42
1.6293497977011707e-29,7.13636167750676e-15,1.6293497977011707e-29,0.9999999999999928,1.6293497977011707e-29
3.979109066221183e-32,1.0,3.84741316253091e-38,3.84741316253091e-38,3.84741316253091e-38
2.3527770173806987e-35,1.426303564777283e-26,2.3197873837353997e-35,1.0,2.3197873837353997e-35
2.3856387802678554e-35,1.0,9.503084675818494e-40,9.670241083694685e-40,9.503084675818494e-40
6.567905316496484e-30,1.0,4.942985614047235e-37,4.942985614047235e-37,4.942985614047235e-37
3.7211852345468714e-44,3.7222948238334955e-44,3.7211852345468714e-44,1.0,3.7211852345468714e-44
3.1947292129985272e-43,1.0,1.1000610968201352e-43,1.1201200116891106e-43,1.1000610968201352e-43
3.463239565198632e-37,1.0,1.1459361305490688e-40,1.1680108951663408e-40,1.1459361305490688e-40
3.7200759760208356e-44,3.7200759760208356e-44,3.7200759760208356e-44,1.0,3.7200759760208356e-44
2.240251799239097e-42,1.0,2.8868506886548132e-43,2.8868506886548132e-43,2.8868506886548132e-43
2.3382265661249215e-42,1.0,2.9722604881958997e-43,3.018715637465162e-43,2.9722604881958997e-43
1.2592306362831804e-41,1.0,6.883030011391472e-43,6.961164529476267e-43,6.883030011391472e-43
3.7200759760208356e-44,1.0,3.7200759760208356e-44,3.7200759760208356e-44,3.7200759760208356e-44
1.9257423990640455e-42,1.0,2.6977348271570574e-43,2.7406133808802933e-43,2.6977348271570574e-43
8.890831092690365e-42,1.0,5.777177799996556e-43,5.829791622828417e-43,5.777177799996556e-43
1.9542932234493294e-41,1.0,8.582875540681691e-43,8.696748460128401e-43,8.582875540681691e-43
8.254834488931226e-41,1.0,1.764350636304987e-42,1.7885229428575155e-42,1.764350636304987e-42
9.520621277062054e-42,1.0,6.074093609488078e-43,6.327429904267689e-43,6.074093609488078e-43
1.0517164957995109e-40,1.0,1.9979426088592477e-42,2.0384428091166165e-42,1.9979426088592477e-42
8.959554576163333e-42,1.0,5.815370514055319e-43,5.900569653316113e-43,5.815370514055319e-43
3.730155082946924e-39,1.0,1.201523953399277e-41,1.250024721090838e-41,1.201523953399277e-41
4.971649077129834e-43,1.0,1.3768537074511038e-43,1.4112732796012488e-43,1.3768537074511038e-43
9.037482321118534e-42,1.0,5.913849638683981e-43,6.151932538453647e-43,5.913849638683981e-43
5.206984804030038e-42,1.0,4.401179282530731e-43,4.401179282530731e-43,4.401179282530731e-43
9.557152949833123e-41,1.0,1.897554163117867e-42,1.9217734857022535e-42,1.897554163117867e-42
1.1827354677151034e-42,1.0,2.1128208650438832e-43,2.143623951672241e-43,2.1128208650438832e-43
1.241856738532457e-40,1.0,2.1610060284809092e-42,2.1844626693327905e-42,2.1610060284809092e-42
2.678639755502056e-40,1.0,3.289962789102701e-42,3.5736073926433934e-42,3.289962789102701e-42
5.747368268898291e-41,1.0,1.4693451044787128e-42,1.483715369293667e-42,1.4693451044787128e-42
1.9794628921868768e-40,1.0,2.713623472526941e-42,2.713623472526941e-42,2.713623472526941e-42
2.4949986583408663e-42,1.0,3.070485494028042e-43,3.1188825737069252e-43,3.070485494028042e-43
7.285271916089228e-42,1.0,5.205935557978279e-43,5.205935557978279e-43,5.205935557978279e-43
1.6224652134581057e-41,1.0,7.81376612470298e-43,7.904129019817355e-43,7.81376612470298e-43
5.250405320217015e-41,1.0,1.410073199801698e-42,1.4354244323730568e-42,1.410073199801698e-42
6.960749326177658e-42,1.0,5.088665477648998e-43,5.088665477648998e-43,5.088665477648998e-43
5.353837948514972e-41,1.0,1.4207621117520022e-42,1.4399488644521833e-42,1.4207621117520022e-42
3.7200759760208356e-44,1.0,3.7200759760208356e-44,3.7200759760208356e-44,3.7200759760208356e-44
8.984423452401728e-41,1.0,1.837079082779135e-42,1.8549898357666126e-42,1.837079082779135e-42
3.793651053104373e-44,1.0,3.756683396835523e-44,3.756683396835523e-44,3.756683396835523e-44
1.9726829878867865e-43,1.0,1.2450698481986676e-43,2.630098653277192e-43,1.2450698481986676e-43
3.7200759760208356e-44,1.0,3.7200759760208356e-44,3.7200759760208356e-44,3.7200759760208356e-44
2.5506473937523948e-42,1.0,4.955354431157424e-43,1.2823953471784093e-42,4.955354431157424e-43
6.085148953393035e-44,1.0,4.975543737557617e-44,5.441249267142513e-44,4.975543737557617e-44
5.094375865471647e-44,1.0,4.4717465455317865e-44,4.718334719376936e-44,4.4717465455317865e-44
1.0,4.727412937715896e-44,4.270432842728695e-44,4.428333704182466e-44,4.270432842728695e-44
1.0,6.725271322808493e-44,5.149162458334348e-44,5.456927236770819e-44,5.149162458334348e-44
1.0,5.156585852360482e-44,4.431203446162754e-44,4.535769822780528e-44,4.431203446162754e-44
1.0,3.984413203998079e-44,3.916618134249763e-44,4.0533817788787914e-44,3.916618134249763e-44
1.3435975633809847e-42,1.0,7.13011271474649e-43,7.252173220328119e-42,7.13011271474649e-43
1.0772652602742419e-41,1.0,7.747802752502479e-43,1.1605429094179891e-42,7.747802752502479e-43
4.092967801484706e-43,1.0,3.682728908406552e-43,3.280341927675046e-42,3.682728908406552e-43
7.195254713313091e-44,1.0,5.409494933712162e-44,5.913875437446371e-44,5.409494933712162e-44
1.0,4.0480040693569395e-44,3.9040648874734297e-44,3.951466747781204e-44,3.9040648874734297e-44
1.0,2.714970244092188e-43,2.4103252873139428e-43,1.3864687567279628e-42,2.4103252873139428e-43
3.7200759760208356e-44,1.0,3.7200759760208356e-44,3.7200759760208356e-44,3.7200759760208356e-44
3.7200759760208356e-44,1.0,3.7200759760208356e-44,3.7200759760208356e-44,3.7200759760208356e-44
3.7200759760208356e-44,1.0,3.7200759760208356e-44,3.7200759760208356e-44,3.7200759760208356e-44
3.7200759760208356e-44,1.0,3.7200759760208356e-44,3.7200759760208356e-44,3.7200759760208356e-44
3.7200759760208356e-44,1.0,3.7200759760208356e-44,3.7200759760208356e-44,3.7200759760208356e-44
3.7200759760208356e-44,1.0,3.7200759760208356e-44,3.7200759760208356e-44,3.7200759760208356e-44
5.499479604127152e-43,1.0,1.430331498497111e-43,1.430331498497111e-43,1.430331498497111e-43
1.2685710483465643e-39,1.0,6.936132671348804e-42,7.071077046822181e-42,6.936132671348804e-42
3.3450342621374524e-43,1.0,1.1155169921405971e-43,1.1155169921405971e-43,1.1155169921405971e-43
1.3006298427757739e-42,1.0,2.1996458423587063e-43,2.1996458423587063e-43,2.1996458423587063e-43
2.3917031643987214e-43,1.0,9.448050437423615e-44,9.479109089439063e-44,9.448050437423615e-44
3.173072906787545e-40,1.0,3.440190638641747e-42,3.4491784865997054e-42,3.440190638641747e-42
2.5269472566096455e-42,1.0,3.0660130107332045e-43,3.0660130107332045e-43,3.0660130107332045e-43
6.972666323630375e-43,1.0,1.6149145940569354e-43,1.623670819444997e-43,1.6149145940569354e-43
4.3569972575580265e-44,1.0,4.0716654066192784e-44,4.164636972199982e-44,4.0716654066192784e-44
2.0194947348087163e-42,1.0,2.752723094640975e-43,2.7764703794365725e-43,2.752723094640975e-43
5.0867222725190406e-43,1.0,1.4183503354017202e-43,1.5078589253302978e-43,1.4183503354017202e-43
1.79709558813817e-43,1.0,8.18476547744774e-44,8.2015461286284e-44,8.18476547744774e-44
1.2372066168961888e-43,1.0,6.792798048031379e-44,6.810077675590249e-44,6.792798048031379e-44
7.836010543814286e-42,1.0,5.45297001095679e-43,5.5622756370017476e-43,5.45297001095679e-43
8.073800363052515e-41,1.0,1.7330652257136774e-42,1.7330652257136774e-42,1.7330652257136774e-42
8.50295575698366e-43,1.0,1.782637713618799e-43,1.790884351797096e-43,1.782637713618799e-43
1.6276148315342492e-41,1.0,7.798876638087441e-43,7.834164814201908e-43,7.798876638087441e-43
1.993805537196811e-41,1.0,8.61226339575326e-43,8.61226339575326e-43,8.61226339575326e-43
2.628175374671168e-40,1.0,3.131432822782088e-42,3.140676079622724e-42,3.131432822782088e-42
3.740965771441303e-40,1.0,3.734820271840288e-42,3.743463284445541e-42,3.734820271840288e-42
7.297726979205863e-44,1.0,5.231076818666513e-44,5.27270983173741e-44,5.231076818666513e-44
1.9699741821963325e-42,1.0,2.7071116764126843e-43,2.7071116764126843e-43,2.7071116764126843e-43
4.2356736019521335e-43,1.0,1.2552699952156805e-43,1.2552699952156805e-43,1.2552699952156805e-43
5.768890484067564e-42,1.0,4.632570657645182e-43,4.632570657645182e-43,4.632570657645182e-43
5.170985802374829e-36,1.0,4.57025328492652e-39,4.962444394339706e-37,4.57025328492652e-39
1.304624343332119e-34,1.0,4.827757282597006e-36,2.3184567323527458e-29,4.827757282597006e-36
1.3130049319147537e-32,1.0,7.089779366762721e-37,7.295918827661261e-34,7.089779366762721e-37
6.456768330295332e-34,1.0,1.4517041533898614e-36,1.2737005732772417e-31,1.4517041533898614e-36
1.3875682988472284e-30,1.0,6.096549624439501e-32,4.3898144201314395e-21,6.096549624439501e-32
2.619812705596275e-26,1.0,2.944630227454394e-32,2.619812705596275e-26,2.944630227454394e-32
8.954933599055233e-33,1.0,9.05582480351292e-36,2.2293068796448085e-30,9.05582480351292e-36
4.5821991792562206e-37,1.0,1.3056082522752874e-40,1.3056082522752874e-40,1.3056082522752874e-40
6.834824191051389e-39,1.0,1.5945552757260052e-41,1.5945552757260052e-41,1.5945552757260052e-41
3.7200759760208356e-44,1.0,3.7200759760208356e-44,3.7200759760208356e-44,3.7200759760208356e-44
2.923131518355385e-41,1.0,1.0427977433895377e-42,1.0427977433895377e-42,1.0427977433895377e-42
1.7865096952077196e-37,1.0,8.152270725430154e-41,8.152270725430154e-41,8.152270725430154e-41
2.4891212533275435e-39,1.0,9.622743982828746e-42,9.622743982828746e-42,9.622743982828746e-42
1.5476490740147848e-40,1.0,2.3994524666167575e-42,2.3994524666167575e-42,2.3994524666167575e-42
1.0,3.9178512553185735e-44,3.882201183140683e-44,4.0145267820417364e-44,3.882201183140683e-44
1.0,3.767283434010533e-44,3.743605294061307e-44,3.743605294061307e-44,3.743605294061307e-44
1.0,3.80851664108079e-44,3.772890825600768e-44,3.790661880764567e-44,3.772890825600768e-44
1.0,3.8569037901067246e-44,3.8173045218073306e-44,3.876857204369844e-44,3.8173045218073306e-44
1.0,3.7422972587856604e-44,3.7311700748608606e-44,3.7311700748608606e-44,3.7311700748608606e-44
1.0,3.7200759760208356e-44,3.7200759760208356e-44,3.7200759760208356e-44,3.7200759760208356e-44
1.0,3.776414086106939e-44,3.7481391806112363e-44,3.7481391806112363e-44,3.7481391806112363e-44
1.0,3.7200759760208356e-44,3.7200759760208356e-44,3.7200759760208356e-44,3.7200759760208356e-44
1.0,3.7420316829840346e-44,3.73103767943688e-44,3.73103767943688e-44,3.73103767943688e-44
1.0,3.7200759760208356e-44,3.7200759760208356e-44,3.7200759760208356e-44,3.7200759760208356e-44
1.0,3.7200759760208356e-44,3.7200759760208356e-44,3.7200759760208356e-44,3.7200759760208356e-44
1.0,3.7200759760208356e-44,3.7200759760208356e-44,3.7200759760208356e-44,3.7200759760208356e-44
1.0,3.7200759760208356e-44,3.7200759760208356e-44,3.7200759760208356e-44,3.7200759760208356e-44
1.0,3.7200759760208356e-44,3.7200759760208356e-44,3.7200759760208356e-44,3.7200759760208356e-44
1.0,3.7200759760208356e-44,3.7200759760208356e-44,3.7200759760208356e-44,3.7200759760208356e-44
1.0,4.013876234443032e-44,3.8728336178285426e-44,3.8901892706590595e-44,3.8728336178285426e-44
1.0,3.866330021221016e-44,3.7924980457888597e-44,3.7924980457888597e-44,3.7924980457888597e-44
1.0,3.7200759760208356e-44,3.7200759760208356e-44,3.7200759760208356e-44,3.7200759760208356e-44
1.0,3.8607051306570267e-44,3.795150667794074e-44,3.805998597156756e-44,3.795150667794074e-44
1.0,3.752996788455506e-44,3.752996788455506e-44,3.7862089336205696e-44,3.752996788455506e-44
1.0,3.7433593600019854e-44,3.7433593600019854e-44,3.7667884711062073e-44,3.7433593600019854e-44
1.0,3.7200759760208356e-44,3.7200759760208356e-44,3.7200759760208356e-44,3.7200759760208356e-44
1.0,3.73480193250834e-44,3.7274316820460233e-44,3.7274316820460233e-44,3.7274316820460233e-44
1.0,3.7200759760208356e-44,3.7200759760208356e-44,3.7200759760208356e-44,3.7200759760208356e-44
1.0,3.7200759760208356e-44,3.7200759760208356e-44,3.7200759760208356e-44,3.7200759760208356e-44
1.0,3.7200759760208356e-44,3.7200759760208356e-44,3.7200759760208356e-44,3.7200759760208356e-44
1.0,3.7200759760208356e-44,3.7200759760208356e-44,3.7200759760208356e-44,3.7200759760208356e-44
1.0,3.7200759760208356e-44,3.7200759760208356e-44,3.7200759760208356e-44,3.7200759760208356e-44
1.0,3.7200759760208356e-44,3.7200759760208356e-44,3.7200759760208356e-44,3.7200759760208356e-44
1.0,3.7200759760208356e-44,3.7200759760208356e-44,3.7200759760208356e-44,3.7200759760208356e-44
1.0,3.7200759760208356e-44,3.7200759760208356e-44,3.7200759760208356e-44,3.7200759760208356e-44
1.0,3.7200759760208356e-44,3.7200759760208356e-44,3.7200759760208356e-44,3.7200759760208356e-44
1.0,3.7200759760208356e-44,3.7200759760208356e-44,3.7200759760208356e-44,3.7200759760208356e-44
1.0,3.740628829829938e-44,3.730338248076327e-44,3.730338248076327e-44,3.730338248076327e-44
1.0,3.7200759760208356e-44,3.7200759760208356e-44,3.7200759760208356e-44,3.7200759760208356e-44
1.0,3.729520904500369e-44,3.729520904500369e-44,3.73898981277886e-44,3.729520904500369e-44
4.078500111745487e-40,1.0,3.8951675553052386e-42,3.8951675553052386e-42,3.8951675553052386e-42
2.6974114978271304e-40,1.0,3.167739842617931e-42,3.167739842617931e-42,3.167739842617931e-42
3.7200759760208356e-44,1.0,3.7200759760208356e-44,3.7200759760208356e-44,3.7200759760208356e-44
3.7200759760208356e-44,1.0,3.7200759760208356e-44,3.7200759760208356e-44,3.7200759760208356e-44
1.0,3.7200759760208356e-44,3.7200759760208356e-44,3.7200759760208356e-44,3.7200759760208356e-44
1.0,3.7824201806963467e-44,3.755574309736323e-44,3.764501695263071e-44,3.755574309736323e-44
1.0,4.110499240912213e-44,4.001523456333792e-44,4.190151435484969e-44,4.001523456333792e-44
1.0,3.7200759760208356e-44,3.7200759760208356e-44,3.7200759760208356e-44,3.7200759760208356e-44
1.0,3.7200759760208356e-44,3.7200759760208356e-44,3.7200759760208356e-44,3.7200759760208356e-44
1.0,3.7200759760208356e-44,3.7200759760208356e-44,3.7200759760208356e-44,3.7200759760208356e-44
1.0,3.7357025849318734e-44,3.7278810924926173e-44,3.7278810924926173e-44,3.7278810924926173e-44
1.0,3.7200759760208356e-44,3.7200759760208356e-44,3.7200759760208356e-44,3.7200759760208356e-44
1.0,3.7200759760208356e-44,3.7200759760208356e-44,3.7200759760208356e-44,3.7200759760208356e-44
1.0,3.7200759760208356e-44,3.7200759760208356e-44,3.7200759760208356e-44,3.7200759760208356e-44
1.0,3.7200759760208356e-44,3.7200759760208356e-44,3.7200759760208356e-44,3.7200759760208356e-44
1.0,3.7200759760208356e-44,3.7200759760208356e-44,3.7200759760208356e-44,3.7200759760208356e-44
1.0,3.7200759760208356e-44,3.7200759760208356e-44,3.7200759760208356e-44,3.7200759760208356e-44
1.0,3.7200759760208356e-44,3.7200759760208356e-44,3.7200759760208356e-44,3.7200759760208356e-44
2.454569652477559e-43,1.0,9.555723727510928e-44,9.555723727510928e-44,9.555723727510928e-44
1.0,2.678636961808078e-33,9.982350930569248e-39,9.982350930569248e-39,9.982350930569248e-39
3.7200759760208356e-44,1.0,3.7200759760208356e-44,3.7200759760208356e-44,3.7200759760208356e-44
3.7200759760208356e-44,1.0,3.7200759760208356e-44,3.7200759760208356e-44,3.7200759760208356e-44
3.7200759760208356e-44,1.0,3.7200759760208356e-44,3.7200759760208356e-44,3.7200759760208356e-44
3.7200759760208356e-44,1.0,3.7200759760208356e-44,3.7200759760208356e-44,3.7200759760208356e-44
3.7200759760208356e-44,1.0,3.7200759760208356e-44,3.7200759760208356e-44,3.7200759760208356e-44
3.7200759760208356e-44,1.0,3.7200759760208356e-44,3.7200759760208356e-44,3.7200759760208356e-44
3.7200759760208356e-44,1.0,3.7200759760208356e-44,3.7200759760208356e-44,3.7200759760208356e-44
3.7200759760208356e-44,1.0,3.7200759760208356e-44,3.7200759760208356e-44,3.7200759760208356e-44
3.7200759760208356e-44,3.7200759760208356e-44,3.7200759760208356e-44,1.0,3.7200759760208356e-44
3.7200759760208356e-44,3.7200759760208356e-44,3.7200759760208356e-44,1.0,3.7200759760208356e-44
3.7200759760208356e-44,3.7200759760208356e-44,3.7200759760208356e-44,1.0,3.7200759760208356e-44
3.7200759760208356e-44,3.7200759760208356e-44,3.7200759760208356e-44,1.0,3.7200759760208356e-44
3.7200759760208356e-44,3.7200759760208356e-44,3.7200759760208356e-44,1.0,3.7200759760208356e-44
3.7200759760208356e-44,3.7200759760208356e-44,3.7200759760208356e-44,1.0,3.7200759760208356e-44
3.7200759760208356e-44,3.7200759760208356e-44,3.7200759760208356e-44,1.0,3.7200759760208356e-44
3.7200759760208356e-44,3.7200759760208356e-44,3.7200759760208356e-44,1.0,3.7200759760208356e-44
3.7200759760208356e-44,3.7200759760208356e-44,3.7200759760208356e-44,1.0,3.7200759760208356e-44
3.7200759760208356e-44,3.7200759760208356e-44,3.7200759760208356e-44,1.0,3.7200759760208356e-44
3.7200759760208356e-44,3.7200759760208356e-44,3.7200759760208356e-44,1.0,3.7200759760208356e-44
3.7200759760208356e-44,3.7200759760208356e-44,3.7200759760208356e-44,1.0,3.7200759760208356e-44
3.7200759760208356e-44,3.7200759760208356e-44,3.7200759760208356e-44,1.0,3.7200759760208356e-44
3.7200759760208356e-44,3.7200759760208356e-44,3.7200759760208356e-44,1.0,3.7200759760208356e-44
3.7200759760208356e-44,3.7200759760208356e-44,3.7200759760208356e-44,1.0,3.7200759760208356e-44
3.7200759760208356e-44,3.7200759760208356e-44,3.7200759760208356e-44,1.0,3.7200759760208356e-44
3.7200759760208356e-44,3.7200759760208356e-44,3.7200759760208356e-44,1.0,3.7200759760208356e-44
3.7200759760208356e-44,3.7200759760208356e-44,3.7200759760208356e-44,1.0,3.7200759760208356e-44
3.7200759760208356e-44,3.7200759760208356e-44,3.7200759760208356e-44,1.0,3.7200759760208356e-44
3.7200759760208356e-44,3.7200759760208356e-44,3.7200759760208356e-44,1.0,3.7200759760208356e-44
3.7200759760208356e-44,3.7200759760208356e-44,3.7200759760208356e-44,1.0,3.7200759760208356e-44
3.7200759760208356e-44,3.7200759760208356e-44,3.7200759760208356e-44,1.0,3.7200759760208356e-44
3.7200759760208356e-44,3.7200759760208356e-44,3.7200759760208356e-44,1.0,3.7200759760208356e-44
3.7200759760208356e-44,3.7200759760208356e-44,3.7200759760208356e-44,1.0,3.7200759760208356e-44
3.7200759760208356e-44,3.7200759760208356e-44,3.7200759760208356e-44,1.0,3.7200759760208356e-44
3.7200759760208356e-44,3.7200759760208356e-44,3.7200759760208356e-44,1.0,3.7200759760208356e-44
3.7200759760208356e-44,3.7200759760208356e-44,3.7200759760208356e-44,1.0,3.7200759760208356e-44
3.7200759760208356e-44,3.7200759760208356e-44,3.7200759760208356e-44,1.0,3.7200759760208356e-44
3.7200759760208356e-44,3.7200759760208356e-44,3.7200759760208356e-44,1.0,3.7200759760208356e-44
3.7200759760208356e-44,3.7200759760208356e-44,3.7200759760208356e-44,1.0,3.7200759760208356e-44
3.7200759760208356e-44,3.7200759760208356e-44,3.7200759760208356e-44,1.0,3.7200759760208356e-44
3.7200759760208356e-44,3.7200759760208356e-44,3.7200759760208356e-44,1.0,3.7200759760208356e-44
3.7200759760208356e-44,3.7200759760208356e-44,3.7200759760208356e-44,1.0,3.7200759760208356e-44
3.7200759760208356e-44,3.7200759760208356e-44,3.7200759760208356e-44,1.0,3.7200759760208356e-44
3.7200759760208356e-44,3.7200759760208356e-44,3.7200759760208356e-44,1.0,3.7200759760208356e-44
3.7200759760208356e-44,3.7200759760208356e-44,3.7200759760208356e-44,1.0,3.7200759760208356e-44
3.7200759760208356e-44,3.7200759760208356e-44,3.7200759760208356e-44,1.0,3.7200759760208356e-44
1.539947147546255e-35,1.0,2.692033957249552e-38,3.4055242404795406e-35,2.692033957249552e-38
4.0167706334963785e-35,1.0,2.998863950472602e-38,1.8048513878454054e-35,2.998863950472602e-38
8.623369199702086e-30,1.0,1.8327176114971944e-32,1.9189244200330237e-23,1.8327176114971944e-32
1.0344554787043054e-27,0.9999999999999954,5.620518995002005e-29,4.613873104264302e-15,5.620518995002005e-29
6.122571981800838e-36,1.0,1.0623817331500122e-37,5.264487208146611e-33,1.0623817331500122e-37
9.656760059361524e-28,1.0,1.5751909753486865e-32,1.087968683227479e-25,1.5751909753486865e-32
3.4144844503561156e-33,1.0,3.8177654454339444e-36,4.380773300613238e-31,3.8177654454339444e-36
1.3439676899764792e-32,1.0,8.424400460496613e-37,1.1958490747682803e-33,8.424400460496613e-37
1.5246580873920238e-25,0.9999999979388463,2.2695767677045722e-26,2.0611536181902033e-09,2.2695767677045722e-26
