0.0,0.0,0.0,1.0,0.0
0.0,0.0,0.0,1.0,0.0
0.0,0.0,0.0,1.0,0.0
0.0,0.0,0.0,1.0,0.0
0.0,0.0,0.0,1.0,0.0
0.0,0.0,0.0,1.0,0.0
0.0,0.0,0.0,1.0,0.0
0.0,0.0,0.0,1.0,0.0
0.0,0.0,0.0,1.0,0.0
0.0,0.0,0.0,1.0,0.0
0.0,0.0,0.0,1.0,0.0
0.0,0.0,0.0,1.0,0.0
0.0,0.0,0.0,1.0,0.0
0.0,0.0,0.0,1.0,0.0
0.0,0.0,0.0,1.0,0.0
0.0,0.0,0.0,1.0,0.0
0.0,0.0,0.0,1.0,0.0
0.0,0.0,0.0,1.0,0.0
0.0,0.0,0.0,1.0,0.0
0.0,0.0,0.0,1.0,0.0
0.0,0.0,0.0,1.0,0.0
0.0,0.0,0.0,1.0,0.0
0.0,0.0,0.0,1.0,0.0
0.0,0.0,0.0,1.0,0.0
0.0,0.0,0.0,1.0,0.0
0.0,0.0,0.0,1.0,0.0
0.0,0.0,0.0,1.0,0.0
0.0,0.0,0.0,1.0,0.0
0.0,0.0,0.0,1.0,0.0
0.0,0.0,0.0,1.0,0.0
0.0,0.0,0.0,1.0,0.0
0.0,0.0,0.0,1.0,0.0
0.0,0.0,0.0,1.0,0.0
0.0,0.0,0.0,1.0,0.0
0.0,0.0,0.0,1.0,0.0
0.0,0.0,0.0,1.0,0.0
0.0,0.0,0.0,1.0,0.0
0.0,1.0,0.0,0.0,0.0
0.0,1.0,0.0,0.0,0.0
0.25042121131506606,0.7494901126186042,0.0,8.867606632969761e-05,0.0
0.05829501238061549,0.9417049876193845,0.0,0.0,0.0
0.09215524360033031,0.9001651527663088,0.0,0.007679603633360859,0.0
0.46224651229685026,0.5377534877031497,0.0,0.0,0.0
0.4432214765100671,0.5567785234899328,0.0,0.0,0.0
0.30284573140289567,0.6967548676984523,0.0,0.00039940089865202194,0.0
7.193985827847919e-05,0.9998669112621849,0.0,6.114887953670732e-05,0.0
0.00028752542719023166,0.9995915526641783,0.0,0.00012092190863140584,0.0
0.0005695863663807343,0.9993962384516364,0.0,3.417518198284406e-05,0.0
0.16506130385467116,0.8340745008371893,0.0,0.0008641953081396396,0.0
0.00014261475002194074,0.9997933914518913,0.0,6.399379808676827e-05,0.0
0.00017290368688294995,0.9996714829949224,0.0,0.00015561331819465498,0.0
0.00024313153415998054,0.9996741002839983,0.0,8.27681818416955e-05,0.0
0.00013952146050300352,0.999831809746243,0.0,2.8668793254041823e-05,0.0
9.21366488877059e-05,0.9998430264500432,0.0,6.483690106912638e-05,0.0
0.1487331358999671,0.8512668641000329,0.0,0.0,0.0
0.05479032751760025,0.9446587082950719,0.0,0.0005509641873278236,0.0
0.0005370857725978839,0.9993554970728825,0.0,0.00010741715451957677,0.0
0.057568372596804765,0.9424316274031952,0.0,0.0,0.0
0.049708201085287194,0.9502917989147128,0.0,0.0,0.0
0.04637987324755137,0.9536201267524487,0.0,0.0,0.0
0.017150840680252445,0.9826082767259238,0.0,0.00024088259382377028,0.0
0.08141340926740875,0.9185434463715593,0.0,4.3144361032013115e-05,0.0
0.028318297665763176,0.9716412476232857,0.0,4.045471095109025e-05,0.0
0.038987048822822556,0.9610129511771774,0.0,0.0,0.0
0.03328840419883184,0.9667115958011682,0.0,0.0,0.0
0.04180720752707261,0.9581927924729274,0.0,0.0,0.0
0.012687427912341407,0.9873125720876585,0.0,0.0,0.0
0.060415992230495305,0.9395840077695047,0.0,0.0,0.0
0.004342350948803682,0.9955708020322203,0.0,8.684701897607365e-05,0.0
0.040368241345031766,0.9582054717551973,0.0,0.0014262868997709298,0.0
0.06128043863892921,0.9387195613610708,0.0,0.0,0.0
0.05224750636901421,0.9477524936309858,0.0,0.0,0.0
0.023609923011120616,0.9763900769888794,0.0,0.0,0.0
0.03189840507974601,0.9681015949202539,0.0,0.0,0.0
0.1080503857385695,0.8919496142614305,0.0,0.0,0.0
0.009163359468267029,0.9908366405317329,0.0,0.0,0.0
0.01050656660412758,0.9894934333958724,0.0,0.0,0.0
0.0033204798628963155,0.9966795201371037,0.0,0.0,0.0
0.00551496920212004,0.99448503079788,0.0,0.0,0.0
0.005822981366459627,0.9941770186335404,0.0,0.0,0.0
0.007898894154818325,0.9921011058451816,0.0,0.0,0.0
0.004469536579628322,0.9955304634203717,0.0,0.0,0.0
0.010680157391793142,0.9893198426082068,0.0,0.0,0.0
0.013919684651391968,0.9860803153486081,0.0,0.0,0.0
0.005422704240376923,0.9945772957596231,0.0,0.0,0.0
0.015599851429986381,0.9844001485700136,0.0,0.0,0.0
0.0059692114357524344,0.9940307885642475,0.0,0.0,0.0
0.005124117513094967,0.9948758824869051,0.0,0.0,0.0
0.008017103153393906,0.9919828968466061,0.0,0.0,0.0
0.005522319374137137,0.9944776806258628,0.0,0.0,0.0
0.005710306406685237,0.9942896935933148,0.0,0.0,0.0
0.014398964568839993,0.98560103543116,0.0,0.0,0.0
0.0037897928246589186,0.996210207175341,0.0,0.0,0.0
0.010038240917782026,0.989961759082218,0.0,0.0,0.0
0.006236008954269267,0.9937639910457308,0.0,0.0,0.0
0.0,1.0,0.0,0.0,0.0
0.0,1.0,0.0,0.0,0.0
0.0,1.0,0.0,0.0,0.0
0.0,1.0,0.0,0.0,0.0
0.0,1.0,0.0,0.0,0.0
0.0,1.0,0.0,0.0,0.0
0.0,1.0,0.0,0.0,0.0
0.0,1.0,0.0,0.0,0.0
0.0,0.999585199933632,0.0,0.00041480006636801064,0.0
0.0,1.0,0.0,0.0,0.0
0.0,1.0,0.0,0.0,0.0
0.0,1.0,0.0,0.0,0.0
0.0,1.0,0.0,0.0,0.0
0.0,1.0,0.0,0.0,0.0
0.0,1.0,0.0,0.0,0.0
0.0,1.0,0.0,0.0,0.0
0.0,1.0,0.0,0.0,0.0
0.0,1.0,0.0,0.0,0.0
0.0,1.0,0.0,0.0,0.0
0.0,1.0,0.0,0.0,0.0
0.0,1.0,0.0,0.0,0.0
0.0,1.0,0.0,0.0,0.0
0.0,1.0,0.0,0.0,0.0
0.0,1.0,0.0,0.0,0.0
0.0,1.0,0.0,0.0,0.0
0.0,1.0,0.0,0.0,0.0
0.0,1.0,0.0,0.0,0.0
0.0,1.0,0.0,0.0,0.0
0.0,1.0,0.0,0.0,0.0
0.0,1.0,0.0,0.0,0.0
0.0,1.0,0.0,0.0,0.0
0.0,1.0,0.0,0.0,0.0
0.0,1.0,0.0,0.0,0.0
0.0,1.0,0.0,0.0,0.0
0.0,1.0,0.0,0.0,0.0
0.0,1.0,0.0,0.0,0.0
0.0,1.0,0.0,0.0,0.0
0.0,1.0,0.0,0.0,0.0
0.9852695942190106,0.014730405780989438,0.0,0.0,0.0
0.36340941512125535,0.6364122681883024,0.0,0.0001783166904422254,0.0
0.15677546983184965,0.8246785361028685,0.0,0.018545994065281898,0.0
0.8583635422061108,0.13723459347488348,0.0,0.004401864319005696,0.0
0.9278055754110078,0.07219442458899214,0.0,0.0,0.0
0.9806540189715427,0.019345981028457315,0.0,0.0,0.0
0.3874555160142349,0.6069839857651246,0.0,0.00556049822064057,0.0
0.059060895084372705,0.9391049156272927,0.0,0.001834189288334556,0.0
0.6532258064516129,0.345213319458897,0.0,0.0015608740894901144,0.0
0.0038198632891033374,0.7046642541214314,0.0,0.2915158825894652,0.0
0.19252767527675277,0.7958487084870849,0.0,0.011623616236162362,0.0
0.09583563154991727,0.8630722559293987,0.0,0.04109211252068395,0.0
0.0017060687301974165,0.9924445527662685,0.0,0.005849378503534,0.0
0.14566532258064516,0.7904485887096774,0.0,0.06388608870967742,0.0
0.015354508505193437,0.7779617642631341,0.0,0.20668372723167244,0.0
0.0036557501904036557,0.9955826351865956,0.0,0.0007616146230007616,0.0
0.9839203675344563,0.016079632465543645,0.0,0.0,0.0
0.8501019714479946,0.1495581237253569,0.0,0.0003399048266485384,0.0
0.21045057013173918,0.7892173142920403,0.0,0.00033211557622052476,0.0
0.04349176762969866,0.8880863622242933,0.0,0.06842187014600808,0.0
0.04639279230820951,0.9493713440462583,0.0,0.004235863645532172,0.0
0.3461395694135115,0.6536748329621381,0.0,0.0001855976243504083,0.0
0.10811624755307936,0.8903779551272398,0.0,0.001505797319680771,0.0
0.1856729463178409,0.8128506466662729,0.0,0.0014764070158861395,0.0
0.030729833546734954,0.969270166453265,0.0,0.0,0.0
0.13399503722084366,0.8610421836228288,0.0,0.004962779156327543,0.0
0.3503505028954587,0.6493447119780554,0.0,0.00030478512648582747,0.0
0.4045015169688845,0.594581246031186,0.0,0.0009172369999294433,0.0
0.0,0.8875336150595466,0.0,0.11246638494045333,0.0
0.0,0.9404320106575317,0.0,0.05956798934246836,0.0
0.58317058673686,0.41682941326314,0.0,0.0,0.0
0.005671272427304599,0.8899773149102908,0.0,0.10435141266240462,0.0
0.15252813707374432,0.8368889635477911,0.0,0.01058289937846464,0.0
0.09276177090653549,0.9059732958538299,0.0,0.0012649332396345748,0.0
0.06931040533426917,0.9298122477627654,0.0,0.0008773469029654326,0.0
0.012092439985668219,0.9872805446076675,0.0,0.0006270154066642781,0.0
0.6522007722007722,0.3477992277992278,0.0,0.0,0.0
0.32978051476393494,0.6692720669508921,0.0,0.0009474182851729038,0.0
0.0013110455588331695,0.9962307440183547,0.0,0.0024582104228121925,0.0
0.34132171387073346,0.6586782861292665,0.0,0.0,0.0
0.0060750705142113256,0.9938164460837492,0.0,0.00010848340203948796,0.0
0.017526585269791256,0.967703820401733,0.0,0.014769594328475778,0.0
0.04587751568924475,0.9539060809348626,0.0,0.00021640337589266391,0.0
0.1476407914764079,0.8392947742262811,0.0,0.013064434297311009,0.0
0.0341478895588702,0.9577277054903205,0.0,0.008124404950809266,0.0
0.5456756345949232,0.45432436540507676,0.0,0.0,0.0
0.6787302243821736,0.3212697756178265,0.0,0.0,0.0
0.009769094138543518,0.7746447602131439,0.0,0.2155861456483126,0.0
0.0004739785761683572,0.5107593136790217,0.0,0.48876670774480996,0.0
0.010752688172043012,0.6960673734867283,0.0,0.2931799383412287,0.0
0.0,0.6878286643082513,0.0,0.3121713356917487,0.0
0.06828373420301671,0.9317162657969833,0.0,0.0,0.0
0.1316610075531841,0.8666066107684846,0.0,0.0017323816783313699,0.0
0.0007361447050163003,0.9833841623724893,0.0,0.015879692922494477,0.0
0.9632379793061473,0.0310407790626902,0.0,0.005721241631162508,0.0
0.796117461568782,0.18328734726054394,0.0,0.020595191170674026,0.0
0.03459811603134079,0.9133726560436658,0.0,0.0520292279249934,0.0
0.18997244199484398,0.8096719708418526,0.0,0.00035558716330340474,0.0
0.8333778371161549,0.15647530040053403,0.0,0.010146862483311082,0.0
0.004138809296402419,0.9746895893027698,0.0,0.02117160140082776,0.0
0.23084461867426942,0.7622059871703493,0.0,0.006949394155381326,0.0
0.005936991286028919,0.992626639854448,0.0,0.0014363688595231256,0.0
0.9106813996316758,0.08839779005524862,0.0,0.0009208103130755065,0.0
0.9333333333333333,0.06628859483301827,0.0,0.0003780718336483932,0.0
0.7106625258799172,0.2893374741200828,0.0,0.0,0.0
0.5969526397515528,0.4029503105590062,0.0,9.704968944099378e-05,0.0
0.01751696956426538,0.9814977008977447,0.0,0.0009853295379899278,0.0
0.6193656093489148,0.3806343906510851,0.0,0.0,0.0
0.5553812741312741,0.44461872586872586,0.0,0.0,0.0
0.1917900403768506,0.806864064602961,0.0,0.0013458950201884253,0.0
0.027894501564595442,0.9719266875279392,0.0,0.0001788109074653554,0.0
0.0063483666181721994,0.9885597143235022,0.0,0.005091919058325618,0.0
0.0839030453697949,0.9015951937020924,0.0,0.0145017609281127,0.0
0.29940012534694244,0.6757095532276838,0.0,0.024890321425373802,0.0
0.1854957507082153,0.811784702549575,0.0,0.0027195467422096316,0.0
0.03263192503698833,0.9673680749630117,0.0,0.0,0.0
0.18530371887601613,0.8015746015489983,0.0,0.013121679574985598,0.0
0.923048001002632,0.07695199899736808,0.0,0.0,0.0
0.7976968565203859,0.20199190787426083,0.0,0.0003112356053532524,0.0
0.06530958439355386,0.9340542832909245,0.0,0.0006361323155216285,0.0
0.09808446803600276,0.8987999076852066,0.0,0.0031156242787906763,0.0
0.6799654328100245,0.3200345671899755,0.0,0.0,0.0
0.05383811230585424,0.7714307048984468,0.0,0.17473118279569894,0.0
0.0031144781144781144,0.9948653198653199,0.0,0.00202020202020202,0.0
0.01274001274001274,0.9872599872599873,0.0,0.0,0.0
0.27563897251937736,0.7237204535263596,0.0,0.0006405739542630197,0.0
0.11637977698386923,0.8805889358016672,0.0,0.0030312872144635703,0.0
0.19639407598197037,0.8036059240180297,0.0,0.0,0.0
0.0033256880733944956,0.9564220183486238,0.0,0.04025229357798165,0.0
0.00010124531740407007,0.8705072390401943,0.0,0.12939151564240153,0.0
0.002445286709866732,0.9975547132901332,0.0,0.0,0.0
0.5729677960014367,0.4270322039985634,0.0,0.0,0.0
0.118126434053327,0.8448453200411425,0.0,0.0370282459055305,0.0
0.004282468099982521,0.9937073938122706,0.0,0.0020101380877468973,0.0
0.011402508551881414,0.9880273660205245,0.0,0.0005701254275940707,0.0
0.022948938611589215,0.9721334316859274,0.0,0.004917629702483403,0.0
0.12079261672095548,0.874728555917481,0.0,0.004478827361563518,0.0
0.17481323372465316,0.823692636072572,0.0,0.0014941302027748132,0.0
0.785709392340892,0.21387956429403301,0.0,0.0004110433650750154,0.0
0.020449188964369886,0.9776098710661306,0.0,0.0019409399694995148,0.0
0.41279659298316773,0.5870006083958629,0.0,0.00020279862096937742,0.0
0.013110846245530394,0.9344457687723481,0.0,0.052443384982121574,0.0
0.08661269064206364,0.9124458670683487,0.0,0.0009414422895876483,0.0
0.061361457334611694,0.9383189517417705,0.0,0.00031959092361776926,0.0
0.019240077444336885,0.9806389157792836,0.0,0.00012100677637947725,0.0
0.24567901234567902,0.754320987654321,0.0,0.0,0.0
0.05810079133694294,0.8971261974177426,0.0,0.04477301124531445,0.0
0.00012189176011701609,0.9763529985372988,0.0,0.023525109702584104,0.0
0.022903701802784372,0.975235773400911,0.0,0.0018605247963046129,0.0
0.0022596548890714873,0.9971240755957272,0.0,0.0006162695152013147,0.0
0.15380473797559224,0.842067480258435,0.0,0.004127781765972721,0.0
0.07688780189544482,0.8968969734026292,0.0,0.026215224701926016,0.0
0.06187241582988778,0.9199645599527466,0.0,0.018163024217365622,0.0
0.29021961184882533,0.7097803881511746,0.0,0.0,0.0
0.09406185159569212,0.7525936172314989,0.0,0.15334453117280902,0.0
0.07853708290834911,0.6963427072708728,0.0,0.22512020982077807,0.0
0.0014646649578908824,0.6000549249359209,0.0,0.39848041010618823,0.0
0.72976,0.27024,0.0,0.0,0.0
0.21809707489553198,0.7597235615557698,0.0,0.022179363548698167,0.0
0.13997746337798922,0.857768874420934,0.0,0.00225366220107675,0.0
0.09477880658436214,0.9036779835390947,0.0,0.0015432098765432098,0.0
0.9127665466629743,0.08183328717806702,0.0,0.005400166158958737,0.0
0.9795918367346939,0.020103563813585135,0.0,0.0003045994517209869,0.0
0.7453551912568306,0.24576502732240438,0.0,0.008879781420765027,0.0
0.6087654320987654,0.38123456790123456,0.0,0.01,0.0
0.7634294786980683,0.23326276792802328,0.0,0.003307753373908441,0.0
0.674616991643454,0.3229456824512535,0.0,0.002437325905292479,0.0
0.015341138473960436,0.974566007266855,0.0,0.010092854259184497,0.0
0.006764374295377677,0.9535512965050733,0.0,0.03968432919954904,0.0
0.01658393501805054,0.9795803249097473,0.0,0.003835740072202166,0.0
0.06478018488462353,0.9249170841860137,0.0,0.010302730929362782,0.0
0.009811320754716982,0.9581132075471698,0.0,0.03207547169811321,0.0
0.18471337579617833,0.7633714335572812,0.0,0.05191519064654044,0.0
0.6364384850623382,0.3590919783580334,0.0,0.004469536579628322,0.0
0.9017227877838685,0.09827721221613156,0.0,0.0,0.0
0.08397098280830766,0.887707443108417,0.0,0.028321574083275364,0.0
0.8876835560259294,0.11152268818626802,0.0,0.0007937557878026194,0.0
0.36438383635816707,0.6351148099869648,0.0,0.000501353654868144,0.0
0.07129309383019078,0.9277027780876939,0.0,0.001004128082115363,0.0
0.04050073637702504,0.9592538046146294,0.0,0.0002454590083456063,0.0
0.16500066640010663,0.8134079701452752,0.0,0.021591363454618154,0.0
0.0662734212352533,0.9334952579227388,0.0,0.0002313208420078649,0.0
0.012327560904021134,0.9862048723216906,0.0,0.0014675667742882301,0.0
0.047185753282204604,0.952034316911478,0.0,0.0007799298063174314,0.0
0.8091227302559615,0.1908772697440385,0.0,0.0,0.0
0.1650811415780638,0.8167319529938444,0.0,0.018186905428091774,0.0
0.12202033672278713,0.869144857476246,0.0,0.008834805800966827,0.0
0.0004955094456488077,0.9993186745122329,0.0,0.00018581604211830288,0.0
0.8103567546200218,0.18964324537997826,0.0,0.0,0.0
0.12606919443380568,0.8637176050044683,0.0,0.01021320056172603,0.0
0.000621761658031088,0.8439378238341969,0.0,0.15544041450777202,0.0
0.00018211619012930248,0.9765980695683846,0.0,0.02321981424148607,0.0
0.82853470437018,0.1712082262210797,0.0,0.0002570694087403599,0.0
0.02051469914827365,0.9794853008517264,0.0,0.0,0.0
0.9706304659966062,0.029369534003393812,0.0,0.0,0.0
0.14618129907209138,0.846395431834404,0.0,0.0074232690935046395,0.0
0.14068666140489344,0.846093133385951,0.0,0.013220205209155485,0.0
0.0786042655814304,0.9206420981234457,0.0,0.0007536362951239731,0.0
0.04947640006070724,0.9467293974806495,0.0,0.0037942024586431933,0.0
0.003220769080616826,0.9920944758930315,0.0,0.004684755026351747,0.0
0.08279742765273312,0.9138531618435155,0.0,0.00334941050375134,0.0
0.027198549410698096,0.9671350861287398,0.0,0.005666364460562103,0.0
0.5338541666666666,0.4652777777777778,0.0,0.0008680555555555555,0.0
0.11510416666666666,0.8798958333333333,0.0,0.005,0.0
0.0005020920502092051,0.981255230125523,0.0,0.01824267782426778,0.0
0.029401767505098573,0.9272603670972128,0.0,0.04333786539768865,0.0
0.017032148179689163,0.9825420481158186,0.0,0.0004258037044922291,0.0
0.013816598845462288,0.9859941326772026,0.0,0.00018926847733509984,0.0
0.04750755287009063,0.9518882175226586,0.0,0.0006042296072507553,0.0
0.01860774214985878,0.9490779199202526,0.0,0.032314337929888685,0.0
0.00013691128148959474,0.9893209200438116,0.0,0.010542168674698794,0.0
0.005710370031978072,0.9925765189584285,0.0,0.0017131110095934216,0.0
0.06946175637393767,0.8458923512747876,0.0,0.08464589235127479,0.0
0.6750750187546887,0.32492498124531133,0.0,0.0,0.0
0.18665607625099284,0.7788287963029822,0.0,0.03451512744602498,0.0
0.2569579792624932,0.7430420207375068,0.0,0.0,0.0
0.45724920629128196,0.542750793708718,0.0,0.0,0.0
0.06920415224913495,0.609940232777603,0.0,0.32085561497326204,0.0
0.0,1.0,0.0,0.0,0.0
0.0,0.0,0.0,1.0,0.0
0.0,0.0,0.0,1.0,0.0
0.004731746378394118,0.38378102933682756,0.5967096163645629,0.0009463492756788236,0.013831258644536652
0.0,0.9999724998968746,0.0,2.750010312538672e-05,0.0
0.0,0.0,0.0,1.0,0.0
0.0,1.0,0.0,0.0,0.0
0.0,0.0,0.0,1.0,0.0
0.0,1.0,0.0,0.0,0.0
0.0,0.0010137937390556357,0.0,0.9989862062609444,0.0
0.0,1.0,0.0,0.0,0.0
0.0,0.0,0.0,1.0,0.0
0.0,1.0,0.0,0.0,0.0
0.0,0.0,0.0,1.0,0.0
0.0,1.0,0.0,0.0,0.0
0.0,0.0,0.0,1.0,0.0
0.0,1.0,0.0,0.0,0.0
0.0,1.0,0.0,0.0,0.0
0.0,0.0,0.0,1.0,0.0
0.0,1.0,0.0,0.0,0.0
5.00175061271445e-05,0.0,0.0,0.9999499824938729,0.0
0.0,1.0,0.0,0.0,0.0
0.0,0.0001199184554502938,0.0,0.9998800815445497,0.0
0.0,1.0,0.0,0.0,0.0
0.0,0.0,0.0,1.0,0.0
0.0,1.0,0.0,0.0,0.0
0.0,0.0,0.0,1.0,0.0
0.0,0.9999657844764169,0.0,3.421552358304963e-05,0.0
0.0,0.0,0.0,1.0,0.0
0.0,0.9999872935196951,0.0,1.2706480304955527e-05,0.0
0.0004922067268252667,0.0,0.0,0.9995077932731747,0.0
0.0,0.9999881261948016,0.0,1.1873805198351916e-05,0.0
0.0,1.0,0.0,0.0,0.0
0.14520892993687873,0.8500382326041651,0.0,0.004752837458956175,0.0
0.0,1.0,0.0,0.0,0.0
0.0019601681854229326,0.9859795603836543,0.0,0.012060271430922776,0.0
0.0,1.0,0.0,0.0,0.0
0.11383849163998577,0.8764852365706154,0.0,0.009676271789398791,0.0
0.0,1.0,0.0,0.0,0.0
0.07046714172604909,0.8889768628485968,0.0,0.0405559954253541,0.0
1.0,0.0,0.0,0.0,0.0
0.056417489421720736,0.9382726292209408,0.0,0.005309881357338422,0.0
0.00015124016938898973,0.9998487598306111,0.0,0.0,0.0
0.004684380279526955,0.9880970665028413,0.0,0.0072185532176317,0.0
0.9973368841544608,0.002663115845539281,0.0,0.0,0.0
0.0042190046984370505,0.9717454533831943,0.0,0.024035541918368653,0.0
0.0,1.0,0.0,0.0,0.0
0.0072811999417504,0.9685452162516383,0.0,0.02417358380661133,0.0
0.00021373230029388192,0.9997328346246327,0.0,5.343307507347048e-05,0.0
0.0014889607519251798,0.9978596189191076,0.0,0.0006514203289672662,0.0
1.0,0.0,0.0,0.0,0.0
0.09296353364149974,0.8981583388363049,0.0,0.00887812752219532,0.0
0.9974447017487822,0.0025552982512177594,0.0,0.0,0.0
0.035398230088495575,0.9329311669464758,0.0,0.0316706029650286,0.0
0.0,0.9996845710165826,0.0,0.0003154289834174477,0.0
0.11187659128351056,0.8794743148120413,0.0,0.008649093904448105,0.0
0.0,1.0,0.0,0.0,0.0
0.0016548463356973995,0.9887312844759654,0.0,0.009613869188337273,0.0
0.0,0.9995668495524112,0.0,0.0004331504475887958,0.0
0.13901869158878505,0.8526975361087511,0.0,0.00828377230246389,0.0
0.9994151191694692,0.0005848808305307793,0.0,0.0,0.0
0.03683300928926334,0.9601425793907972,0.0,0.003024411319939512,0.0
0.0,1.0,0.0,0.0,0.0
0.1206246634356489,0.8696822832525579,0.0,0.009693053311793215,0.0
0.9998532648569333,0.0001467351430667645,0.0,0.0,0.0
0.07690873745040079,0.914729301483316,0.0,0.008361961066283188,0.0
0.999586178357128,0.0004138216428719222,0.0,0.0,0.0
0.0,0.9979716024340771,0.0,0.002028397565922921,0.0
0.08469702156795618,0.903526189661075,0.0,0.011776788770968846,0.0
0.00030928632181241784,0.9588649191989485,0.0,0.040825794479239154,0.0
0.0,1.0,0.0,0.0,0.0
0.008647964564437883,0.9715249947268508,0.0,0.019827040708711243,0.0
8.354916868577158e-05,0.9999164508313142,0.0,0.0,0.0
0.024556838510326882,0.9611318913644495,0.0,0.014311270125223614,0.0
0.9990533171766132,0.0009466828233868524,0.0,0.0,0.0
0.01533628972653363,0.9672025129342202,0.0,0.01746119733924612,0.0
0.0,0.9985938466730412,0.0,0.0014061533269587715,0.0
8.688097306689835e-05,0.989748045178106,0.0,0.010165073848827108,0.0
0.9643789703417904,0.035621029658209596,0.0,0.0,0.0
0.1562813440320963,0.8404588766298897,0.0,0.003259779338014042,0.0
1.0,0.0,0.0,0.0,0.0
0.05541987600976893,0.9147723714697226,0.0,0.029807752520508487,0.0
0.9998661222304036,0.00013387776959635853,0.0,0.0,0.0
0.07838863324453056,0.9041737305239363,0.0,0.01743763623153306,0.0
0.0,1.0,0.0,0.0,0.0
0.07739307535641547,0.9126499207965603,0.0,0.009957003847024214,0.0
0.9998218421521468,0.00017815784785319794,0.0,0.0,0.0
0.0014773776546629731,0.996398891966759,0.0,0.002123730378578024,0.0
0.9988033873343152,0.0011966126656848307,0.0,0.0,0.0
0.13390120786010457,0.8606904633135027,0.0,0.005408328826392645,0.0
0.9998545771831601,0.00014542281683996218,0.0,0.0,0.0
0.01373383663962734,0.9771905871014377,0.0,0.009075576258935025,0.0
0.0002879631407179881,0.999712036859282,0.0,0.0,0.0
0.002428299534029008,0.9820174575047581,0.0,0.015554242961212838,0.0
0.0,1.0,0.0,0.0,0.0
0.03580270424681013,0.9632450961721577,0.0,0.0009521995810321843,0.0
0.0,1.0,0.0,0.0,0.0
0.003736996263003737,0.9941167558832441,0.0,0.0021462478537521462,0.0
0.0,1.0,0.0,0.0,0.0
0.033186782016735215,0.9147354985108496,0.0,0.05207771947241526,0.0
0.0,1.0,0.0,0.0,0.0
0.08451299387280795,0.8907971386314931,0.0,0.024689867495698892,0.0
0.9627556512378902,0.037244348762109795,0.0,0.0,0.0
0.043491037320011756,0.9459888333823098,0.0,0.010520129297678519,0.0
1.0,0.0,0.0,0.0,0.0
0.0008045052292839903,0.9882005899705014,0.0,0.010994904800214535,0.0
0.0,0.9994141769185706,0.0,0.0005858230814294083,0.0
0.009184603519596157,0.969852064783005,0.0,0.020963331697398863,0.0
0.9980951655301155,0.001904834469884567,0.0,0.0,0.0
0.0016698380645411828,0.9679235757834648,0.0,0.030406586151994097,0.0
1.0,0.0,0.0,0.0,0.0
0.9487539487539488,0.05124605124605124,0.0,0.0,0.0
0.0,1.0,0.0,0.0,0.0
0.9994575535665853,0.0005424464334147003,0.0,0.0,0.0
0.08208955223880597,0.8432835820895522,0.0,0.07462686567164178,0.0
0.00017015484090522376,0.9998298451590948,0.0,0.0,0.0
0.0,0.5,0.0,0.5,0.0
0.9962138084632517,0.0037861915367483298,0.0,0.0,0.0
0.0,0.5,0.0,0.5,0.0
8.419634587858886e-05,0.9998316073082428,0.0,8.419634587858886e-05,0.0
4.729250413809411e-05,0.999952707495862,0.0,0.0,0.0
0.0,0.9787234042553191,0.0,0.02127659574468085,0.0
0.0,0.0,0.0,1.0,0.0
0.0,1.0,0.0,0.0,0.0
0.9995702621400946,0.0004297378599054577,0.0,0.0,0.0
0.0005740198610871936,0.9994259801389128,0.0,0.0,0.0
0.0,1.0,0.0,0.0,0.0
0.0,0.9998183304568989,0.0,0.0001816695431010991,0.0
0.9999166527754626,8.33472245374229e-05,0.0,0.0,0.0
0.0,0.5,0.0,0.5,0.0
0.00016446692159039514,0.9998355330784096,0.0,0.0,0.0
0.9995791889824025,0.00042081101759755166,0.0,0.0,0.0
0.0,1.0,0.0,0.0,0.0
0.0,1.0,0.0,0.0,0.0
0.9943052879469064,0.005694712053093556,0.0,0.0,0.0
0.9991242221710072,0.0008757778289928555,0.0,0.0,0.0
0.1111111111111111,0.28888888888888886,0.0,0.6,0.0
0.9793356003138897,0.020664399686110384,0.0,0.0,0.0
0.0,0.5,0.0,0.5,0.0
0.0,0.9998128041931861,0.0,0.00018719580681392738,0.0
0.0,0.0,0.0,1.0,0.0
0.0,1.0,0.0,0.0,0.0
1.0,0.0,0.0,0.0,0.0
0.0,0.16666666666666666,0.0,0.8333333333333334,0.0
1.0,0.0,0.0,0.0,0.0
0.99912109375,0.00087890625,0.0,0.0,0.0
0.0,1.0,0.0,0.0,0.0
7.347268652878292e-05,0.9980897101502516,0.0,0.0018368171632195732,0.0
0.0,1.0,0.0,0.0,0.0
0.00011169440411035407,0.9998883055958896,0.0,0.0,0.0
0.9778025966773698,0.022197403322630184,0.0,0.0,0.0
0.9828193832599119,0.017180616740088105,0.0,0.0,0.0
7.023951675212475e-05,0.9993678443492309,0.0,0.000561916134016998,0.0
0.00018316136516270836,0.9998168386348373,0.0,0.0,0.0
0.9991601679664067,0.0008398320335932814,0.0,0.0,0.0
0.9998471882640587,0.0001528117359413203,0.0,0.0,0.0
1.0,0.0,0.0,0.0,0.0
0.0,1.0,0.0,0.0,0.0
0.0,1.0,0.0,0.0,0.0
0.00011909015124449208,0.9998809098487556,0.0,0.0,0.0
0.7529731566428814,0.24691358024691357,0.0,0.00011326311020500623,0.0
0.9874454662439973,0.012554533756002637,0.0,0.0,0.0
0.9982714564857958,0.0017285435142041184,0.0,0.0,0.0
0.9966040024257126,0.003395997574287447,0.0,0.0,0.0
0.7823860727086533,0.21751152073732719,0.0,0.00010240655401945725,0.0
0.0,0.999725902238465,0.0,0.00027409776153494746,0.0
0.0002182334006219652,0.999781766599378,0.0,0.0,0.0
0.0,1.0,0.0,0.0,0.0
1.0,0.0,0.0,0.0,0.0
0.9591170099370766,0.040882990062923355,0.0,0.0,0.0
0.9487373600821932,0.05126263991780674,0.0,0.0,0.0
0.0,0.9983156881616939,0.0,0.0016843118383060634,0.0
0.997134670487106,0.0028653295128939827,0.0,0.0,0.0
0.0002795052756620781,0.9996855565648801,0.0,3.4938159457759764e-05,0.0
0.0,1.0,0.0,0.0,0.0
0.0,0.9985476483074517,0.0,0.0014523516925483186,0.0
0.5610328638497653,0.43896713615023475,0.0,0.0,0.0
0.0,0.0,0.0,1.0,0.0
0.0,0.006368825777232627,0.0,0.9936311742227674,0.0
0.0,0.0,0.0,1.0,0.0
0.0,0.0021672715878528342,0.0,0.9978327284121472,0.0
0.0,0.0015364354697102723,0.0,0.9984635645302897,0.0
0.0,0.0,0.0,1.0,0.0
0.0,0.0,0.0,1.0,0.0
0.0,0.0,0.0,1.0,0.0
0.0,0.0,0.0,1.0,0.0
0.0,0.003132267096957904,0.0,0.9968677329030421,0.0
0.0,0.009623451611311257,0.0,0.9903765483886887,0.0
0.0,0.005514431914153709,0.0,0.9944855680858463,0.0
0.0007302424703059567,0.9991803400843504,0.0,8.941744534358654e-05,0.0
0.0007754609684645872,0.999138376701706,0.0,8.616232982939858e-05,0.0
0.00016913796019620003,0.999802672379771,0.0,2.8189660032700004e-05,0.0
0.00014512734924896598,0.9996371816268775,0.0,0.00021769102387344895,0.0
0.00015762925598991173,0.9992118537200504,0.0,0.0006305170239596469,0.0
0.0005488010807159743,0.999451198919284,0.0,0.0,0.0
0.07421875,0.61328125,0.0,0.3125,0.0
0.0,1.0,0.0,0.0,0.0
0.0,1.0,0.0,0.0,0.0
0.0,1.0,0.0,0.0,0.0
0.0,0.7272727272727273,0.0,0.2727272727272727,0.0
0.9860896445131375,0.00463678516228748,0.0,0.00927357032457496,0.0
0.8043844856661045,0.03709949409780776,0.0,0.15851602023608768,0.0
0.05555555555555555,0.9444444444444444,0.0,0.0,0.0
0.0,1.0,0.0,0.0,0.0
0.07692307692307693,0.9230769230769231,0.0,0.0,0.0
0.0,0.6296296296296297,0.0,0.37037037037037035,0.0
0.0,1.0,0.0,0.0,0.0
0.0,1.0,0.0,0.0,0.0
0.9949799196787149,0.004016064257028112,0.0,0.001004016064257028,0.0
0.9975369458128078,0.0,0.0,0.0024630541871921183,0.0
0.0,1.0,0.0,0.0,0.0
0.0,1.0,0.0,0.0,0.0
0.0,1.0,0.0,0.0,0.0
0.0,1.0,0.0,0.0,0.0
0.7091310751104566,0.020618556701030927,0.0,0.2702503681885125,0.0
0.003113834432396563,0.9967184975597052,0.0,0.00016766800789827646,0.0
0.028512091464785415,0.9565146178797383,0.0,0.014973290655476219,0.0
0.04602510460251046,0.7615062761506276,0.0,0.19246861924686193,0.0
0.0,1.0,0.0,0.0,0.0
0.0,1.0,0.0,0.0,0.0
0.0,1.0,0.0,0.0,0.0
0.08410315554583529,0.9157031118550981,0.0,0.0001937325990666024,0.0
0.07870765540697662,0.9209430165793663,0.0,0.0003493280136570865,0.0
0.0,0.9895833333333334,0.0,0.010416666666666666,0.0
0.0014734551389581538,0.9984585392392438,0.0,6.800562179806864e-05,0.0
0.011363636363636364,0.9886363636363636,0.0,0.0,0.0
1.0,0.0,0.0,0.0,0.0
0.9999320356676816,6.796433231839931e-05,0.0,0.0,0.0
6.447411686578423e-06,0.9998903940013282,0.0,0.00010315858698525477,0.0
0.0007171164370635969,0.9989809397999623,0.0,0.00030194376297414604,0.0
0.05661831970962316,0.9408622775695694,0.0,0.002519402720807389,0.0
0.0,1.0,0.0,0.0,0.0
0.0024223245109321057,0.9975086306098965,0.0,6.904487917146145e-05,0.0
0.0006900332118788895,0.9993099667881211,0.0,0.0,0.0
1.0,0.0,0.0,0.0,0.0
0.09956634865568083,0.9002601908065915,0.0,0.00017346053772766696,0.0
0.06747207658992478,0.9325279234100752,0.0,0.0,0.0
0.03411664779161948,0.9657417893544734,0.0,0.00014156285390713478,0.0
0.027904328018223234,0.9719058466211086,0.0,0.00018982536066818528,0.0
0.07351814979323021,0.9264818502067698,0.0,0.0,0.0
0.06349547998278089,0.9360740421868273,0.0,0.00043047783039173483,0.0
0.015746779067917927,0.9839351041832353,0.0,0.0003181167488468268,0.0
0.07444583856127143,0.9251359263906316,0.0,0.0004182350480970305,0.0
0.04691231661548959,0.9530876833845104,0.0,0.0,0.0
0.01999310582557739,0.9800068941744227,0.0,0.0,0.0
0.0,1.0,0.0,0.0,0.0
0.08644495137471485,0.9133149237603554,0.0,0.00024012486492976348,0.0
0.0,1.0,0.0,0.0,0.0
0.040438587667236695,0.9593602253294438,0.0,0.00020118700331958554,0.0
0.12254793916685035,0.877011240908089,0.0,0.00044081992506061276,0.0
0.04088381181421915,0.958815571922441,0.0,0.0003006162633398467,0.0
0.0,0.3371321334129489,0.0,0.6628678665870511,0.0
0.13849167482859942,0.8615083251714006,0.0,0.0,0.0
0.00014120803473717655,0.20236876478271615,0.0,0.7974900271825467,0.0
0.1013077593722755,0.8985178727114211,0.0,0.0001743679163034002,0.0
0.16402321083172147,0.8359767891682786,0.0,0.0,0.0
0.0,2.9813723853364182e-06,0.0,0.9999970186276147,0.0
0.010661366100469824,0.9891579327791832,0.0,0.00018070112034694616,0.0
0.08013737836290784,0.9196718183552757,0.0,0.00019080328181644724,0.0
0.0,0.0,0.0,1.0,0.0
0.0204900718208703,0.9795099281791297,0.0,0.0,0.0
0.020626550868486353,0.9792183622828784,0.0,0.00015508684863523573,0.0
0.029066121507048612,0.9708210003511765,0.0,0.00011287814177494607,0.0
0.0,1.0,0.0,0.0,0.0
0.019654841802492808,0.9801874653075642,0.0,0.00015769288994297825,0.0
0.027336903308472445,0.9725724370519903,0.0,9.06596395372732e-05,0.0
0.03125429789575024,0.968613899967909,0.0,0.00013180213634071425,0.0
0.038456014091214914,0.9614079119450262,0.0,0.00013607396375896766,0.0
0.02752012421852654,0.9720712622073305,0.0,0.000408613574142933,0.0
0.039634758177804534,0.9601645595023078,0.0,0.0002006823198876179,0.0
0.027348011053741544,0.972506544978547,0.0,0.00014544396771143918,0.0
0.05738029283735655,0.9422239810051445,0.0,0.0003957261574990107,0.0
0.012839506172839505,0.9869135802469136,0.0,0.0002469135802469136,0.0
0.027266687278396495,0.9723386200227606,0.0,0.00039469269884289255,0.0
0.02470713525026624,0.9752928647497338,0.0,0.0,0.0
0.03919309192765802,0.9606800813140701,0.0,0.00012682675827182236,0.0
0.017223910840932118,0.9826313504125054,0.0,0.00014473874656245476,0.0
0.04051203948256251,0.9593800003855719,0.0,0.00010796013186558963,0.0
0.04399603043334436,0.9551769765133973,0.0,0.0008269930532583526,0.0
0.0366651035629916,0.9632375711138441,0.0,9.732532316431168e-05,0.0
0.04289710910786447,0.9571028908921355,0.0,0.0,0.0
0.020950375939849625,0.9788932330827068,0.0,0.00015639097744360903,0.0
0.026386404293381037,0.973613595706619,0.0,0.0,0.0
0.03033229849373347,0.9695527193285041,0.0,0.00011498217776244682,0.0
0.03617248752672844,0.9636493228795439,0.0,0.0001781895937277263,0.0
0.026158566123042144,0.9738414338769579,0.0,0.0,0.0
0.03629205344207759,0.9635738047969094,0.0,0.00013414176101303859,0.0
0.0,1.0,0.0,0.0,0.0
0.03889900588112368,0.9610039705048213,0.0,9.702361405499e-05,0.0
9.792401096748923e-05,0.9999020759890325,0.0,0.0,0.0
0.004602029076456437,0.9879196736743019,0.0,0.0074782972492417115,0.0
0.0,1.0,0.0,0.0,0.0
0.016384636046199302,0.9741069030351867,0.0,0.009508460918614021,0.0
0.0020131654630280564,0.9970920943311817,0.0,0.0008947402057902474,0.0
0.0013035810137259412,0.9981596503335634,0.0,0.0005367686527106817,0.0
0.9986202890131436,0.0010166291482100066,0.0,0.0003630818386464309,0.0
0.9967491001973761,0.0026703819807268082,0.0,0.0005805178218971323,0.0
0.9982507288629737,0.0015160349854227405,0.0,0.00023323615160349855,0.0
0.9994851553114811,0.00017161489617298782,0.0,0.00034322979234597563,0.0
0.006336088154269973,0.9704683195592286,0.0,0.023195592286501376,0.0
0.026321865619949203,0.9696374971138305,0.0,0.004040637266220272,0.0
0.0010561630218687873,0.9770750497017893,0.0,0.02186878727634195,0.0
0.002852660105548424,0.9962558836114677,0.0,0.0008914562829838824,0.0
0.9995172580255853,0.0003620564808110065,0.0,0.00012068549360366884,0.0
0.9813139728636039,0.00119019281123542,0.0,0.017495834325160674,0.0
0.0,1.0,0.0,0.0,0.0
0.0,1.0,0.0,0.0,0.0
0.0,1.0,0.0,0.0,0.0
0.0,1.0,0.0,0.0,0.0
0.0,1.0,0.0,0.0,0.0
0.0,1.0,0.0,0.0,0.0
0.013467472357932631,0.9865325276420673,0.0,0.0,0.0
0.05208902019974951,0.9477182953852082,0.0,0.00019268441504223,0.0
0.010981589687876207,0.9890184103121238,0.0,0.0,0.0
0.01777137367915466,0.9822286263208453,0.0,0.0,0.0
0.009287824089268133,0.9906793567443387,0.0,3.281916639317361e-05,0.0
0.045243437875071756,0.9547304701769034,0.0,2.6091948024839534e-05,0.0
0.021092190252495598,0.9789078097475044,0.0,0.0,0.0
0.014627156221272914,0.9853187692640458,0.0,5.407451468123074e-05,0.0
0.0006773101112723754,0.9990969198516368,0.0,0.0002257700370907918,0.0
0.01992841803865426,0.9799856836077309,0.0,8.589835361488905e-05,0.0
0.01277139208173691,0.9866166453810132,0.0,0.0006119625372498935,0.0
0.007864823348694316,0.9921146953405018,0.0,2.048131080389145e-05,0.0
0.005995782627473896,0.9939788115139351,0.0,2.540585859099108e-05,0.0
0.026651545222568754,0.9731499858236462,0.0,0.00019846895378508649,0.0
0.0384131774173268,0.9615868225826733,0.0,0.0,0.0
0.015623197101516165,0.9843306486972977,0.0,4.615420118616297e-05,0.0
0.03038306133044401,0.9695717929617842,0.0,4.5145707771833596e-05,0.0
0.03142028165027245,0.9685797183497276,0.0,0.0,0.0
0.04429969346852158,0.9556708323508607,0.0,2.9474180617778827e-05,0.0
0.04606814294299848,0.9539087420831215,0.0,2.3114973880079515e-05,0.0
0.0033294577740196596,0.9965912694218371,0.0,7.927280414332523e-05,0.0
0.01984723265715001,0.98015276734285,0.0,0.0,0.0
0.012161916863314576,0.9878380831366854,0.0,0.0,0.0
0.02521952932911837,0.9747804706708816,0.0,0.0,0.0
0.0703125,0.8828125,0.0,0.046875,0.0
0.03296703296703297,0.8131868131868132,0.0,0.15384615384615385,0.0
0.09826589595375723,0.8323699421965318,0.0,0.06936416184971098,0.0
0.06097560975609756,0.8252032520325203,0.0,0.11382113821138211,0.0
0.03125,0.71875,0.0,0.25,0.0
0.136986301369863,0.726027397260274,0.0,0.136986301369863,0.0
0.06896551724137931,0.8068965517241379,0.0,0.12413793103448276,0.0
0.08163265306122448,0.9183673469387755,0.0,0.0,0.0
0.06060606060606061,0.9393939393939394,0.0,0.0,0.0
0.0,1.0,0.0,0.0,0.0
0.03333333333333333,0.9666666666666667,0.0,0.0,0.0
0.07692307692307693,0.9230769230769231,0.0,0.0,0.0
0.05555555555555555,0.9444444444444444,0.0,0.0,0.0
0.041666666666666664,0.9583333333333334,0.0,0.0,0.0
0.9995734178372284,9.14104634510497e-05,0.0,0.00033517169932051555,0.0
0.9999369496227486,6.30503772514239e-05,0.0,0.0,0.0
0.9998590258687531,9.398275416461079e-05,0.0,4.6991377082305394e-05,0.0
0.9997419954075183,0.00010320183699269847,0.0,0.0001548027554890477,0.0
0.9999702221428146,2.977785718539694e-05,0.0,0.0,0.0
1.0,0.0,0.0,0.0,0.0
0.9999248459341651,7.515406583496167e-05,0.0,0.0,0.0
1.0,0.0,0.0,0.0,0.0
0.9999705769853179,2.9423014682084327e-05,0.0,0.0,0.0
1.0,0.0,0.0,0.0,0.0
1.0,0.0,0.0,0.0,0.0
1.0,0.0,0.0,0.0,0.0
1.0,0.0,0.0,0.0,0.0
1.0,0.0,0.0,0.0,0.0
1.0,0.0,0.0,0.0,0.0
0.9995975765163541,0.00035770976324085046,0.0,4.471372040510631e-05,0.0
0.9998071917478069,0.00019280825219319386,0.0,0.0,0.0
1.0,0.0,0.0,0.0,0.0
0.9998001998001999,0.00017125731411445698,0.0,2.8542885685742827e-05,0.0
0.9999118942731278,0.0,0.0,8.81057268722467e-05,0.0
0.9999376065887442,0.0,0.0,6.239341125577139e-05,0.0
1.0,0.0,0.0,0.0,0.0
0.9999802465233881,1.9753476611883693e-05,0.0,0.0,0.0
1.0,0.0,0.0,0.0,0.0
1.0,0.0,0.0,0.0,0.0
1.0,0.0,0.0,0.0,0.0
1.0,0.0,0.0,0.0,0.0
1.0,0.0,0.0,0.0,0.0
1.0,0.0,0.0,0.0,0.0
1.0,0.0,0.0,0.0,0.0
1.0,0.0,0.0,0.0,0.0
1.0,0.0,0.0,0.0,0.0
1.0,0.0,0.0,0.0,0.0
0.9999724517906337,2.7548209366391185e-05,0.0,0.0,0.0
1.0,0.0,0.0,0.0,0.0
0.9999746431016558,0.0,0.0,2.5356898344194537e-05,0.0
0.046511627906976744,0.9534883720930233,0.0,0.0,0.0
0.044444444444444446,0.9555555555555556,0.0,0.0,0.0
0.0,1.0,0.0,0.0,0.0
0.0,1.0,0.0,0.0,0.0
1.0,0.0,0.0,0.0,0.0
0.9999050287288095,7.122845339284866e-05,0.0,2.374281779761622e-05,0.0
0.9992706893904498,0.00026869338246583756,0.0,0.00046061722708429296,0.0
1.0,0.0,0.0,0.0,0.0
1.0,0.0,0.0,0.0,0.0
1.0,0.0,0.0,0.0,0.0
0.9999790409121395,2.095908786049631e-05,0.0,0.0,0.0
1.0,0.0,0.0,0.0,0.0
1.0,0.0,0.0,0.0,0.0
1.0,0.0,0.0,0.0,0.0
1.0,0.0,0.0,0.0,0.0
1.0,0.0,0.0,0.0,0.0
1.0,0.0,0.0,0.0,0.0
1.0,0.0,0.0,0.0,0.0
0.009433962264150943,0.9905660377358491,0.0,0.0,0.0
0.875,0.125,0.0,0.0,0.0
0.0,1.0,0.0,0.0,0.0
0.0,1.0,0.0,0.0,0.0
0.0,1.0,0.0,0.0,0.0
0.0,1.0,0.0,0.0,0.0
0.0,1.0,0.0,0.0,0.0
0.0,1.0,0.0,0.0,0.0
0.0,1.0,0.0,0.0,0.0
0.0,1.0,0.0,0.0,0.0
0.0,0.0,0.0,1.0,0.0
0.0,0.0,0.0,1.0,0.0
0.0,0.0,0.0,1.0,0.0
0.0,0.0,0.0,1.0,0.0
0.0,0.0,0.0,1.0,0.0
0.0,0.0,0.0,1.0,0.0
0.0,0.0,0.0,1.0,0.0
0.0,0.0,0.0,1.0,0.0
0.0,0.0,0.0,1.0,0.0
0.0,0.0,0.0,1.0,0.0
0.0,0.0,0.0,1.0,0.0
0.0,0.0,0.0,1.0,0.0
0.0,0.0,0.0,1.0,0.0
0.0,0.0,0.0,1.0,0.0
0.0,0.0,0.0,1.0,0.0
0.0,0.0,0.0,1.0,0.0
0.0,0.0,0.0,1.0,0.0
0.0,0.0,0.0,1.0,0.0
0.0,0.0,0.0,1.0,0.0
0.0,0.0,0.0,1.0,0.0
0.0,0.0,0.0,1.0,0.0
0.0,0.0,0.0,1.0,0.0
0.0,0.0,0.0,1.0,0.0
0.0,0.0,0.0,1.0,0.0
0.0,0.0,0.0,1.0,0.0
0.0,0.0,0.0,1.0,0.0
0.0,0.0,0.0,1.0,0.0
0.0,0.0,0.0,1.0,0.0
0.0,0.0,0.0,1.0,0.0
0.0,0.0,0.0,1.0,0.0
0.0,0.0,0.0,1.0,0.0
0.0,0.0,0.0,1.0,0.0
0.0,0.0,0.0,1.0,0.0
0.0,0.0,0.0,1.0,0.0
0.0,0.0,0.0,1.0,0.0
0.0,0.0,0.0,1.0,0.0
0.0,0.0,0.0,1.0,0.0
0.06349206349206349,0.8650793650793651,0.0,0.07142857142857142,0.0
0.072,0.864,0.0,0.064,0.0
0.06153846153846154,0.7307692307692307,0.0,0.2076923076923077,0.0
0.02912621359223301,0.6504854368932039,0.0,0.32038834951456313,0.0
0.04054054054054054,0.8513513513513513,0.0,0.10810810810810811,0.0
0.11023622047244094,0.7322834645669292,0.0,0.15748031496062992,0.0
0.06796116504854369,0.8155339805825242,0.0,0.11650485436893204,0.0
0.0967741935483871,0.8306451612903226,0.0,0.07258064516129033,0.0
0.01904761904761905,0.5904761904761905,0.0,0.3904761904761905,0.0
