3.7200759760208356e-44,1.0,3.7200759760208356e-44,3.7200759760208356e-44
3.7200759760208356e-44,1.0,3.7200759760208356e-44,3.7200759760208356e-44
3.270922457500557e-43,1.0,2.875998713990113e-42,3.270922457500557e-43
3.7200759760208356e-44,1.0,3.7200759760208356e-44,3.7200759760208356e-44
3.7200759760208356e-44,1.0,3.7200759760208356e-44,3.7200759760208356e-44
3.7200759760208356e-44,1.0,3.7200759760208356e-44,3.7200759760208356e-44
3.7200759760208356e-44,1.0,3.7200759760208356e-44,3.7200759760208356e-44
3.7200759760208356e-44,1.0,3.7200759760208356e-44,3.7200759760208356e-44
3.7200759760208356e-44,1.0,3.7200759760208356e-44,3.7200759760208356e-44
3.7200759760208356e-44,1.0,3.7200759760208356e-44,3.7200759760208356e-44
3.7200759760208356e-44,1.0,3.7200759760208356e-44,3.7200759760208356e-44
3.7200759760208356e-44,1.0,3.7200759760208356e-44,3.7200759760208356e-44
3.7200759760208356e-44,1.0,3.7200759760208356e-44,3.7200759760208356e-44
0.0,0.0,0.0,0.0
3.7200759760208356e-44,1.0,3.7200759760208356e-44,3.7200759760208356e-44
3.7200759760208356e-44,1.0,3.7200759760208356e-44,3.7200759760208356e-44
3.7200759760208356e-44,1.0,3.7200759760208356e-44,3.7200759760208356e-44
3.7200759760208356e-44,1.0,3.7200759760208356e-44,3.7200759760208356e-44
0.0,0.0,0.0,0.0
3.7200759760208356e-44,1.0,3.7200759760208356e-44,3.7200759760208356e-44
5.953312691422797e-38,1.0,9.527206495326959e-32,5.953312691422797e-38
3.7200759760208356e-44,1.0,3.7200759760208356e-44,3.7200759760208356e-44
3.7200759760208356e-44,1.0,3.7200759760208356e-44,3.7200759760208356e-44
3.7200759760208356e-44,1.0,3.7200759760208356e-44,3.7200759760208356e-44
3.7200759760208356e-44,1.0,3.7200759760208356e-44,3.7200759760208356e-44
3.7200759760208356e-44,1.0,3.7200759760208356e-44,3.7200759760208356e-44
0.0,0.0,0.0,0.0
1.0,3.7200759760208356e-44,3.7200759760208356e-44,3.7200759760208356e-44
3.7200759760208356e-44,1.0,3.7200759760208356e-44,3.7200759760208356e-44
3.7200759760208356e-44,1.0,3.7200759760208356e-44,3.7200759760208356e-44
3.7200759760208356e-44,1.0,3.7200759760208356e-44,3.7200759760208356e-44
0.0,0.0,0.0,0.0
9.062235981811391e-38,1.0,4.785184150516068e-39,2.5267480785435537e-40
3.7200759760208356e-44,1.0,3.7200759760208356e-44,3.7200759760208356e-44
3.7200759760208356e-44,1.0,3.7200759760208356e-44,3.7200759760208356e-44
0.0,0.0,0.0,0.0
3.7200759760208356e-44,1.0,3.7200759760208356e-44,3.7200759760208356e-44
1.0,3.7200759760208356e-44,3.7200759760208356e-44,3.7200759760208356e-44
1.0,3.7200759760208356e-44,3.7200759760208356e-44,3.7200759760208356e-44
1.0,3.756654600898449e-44,3.756654600898449e-44,3.7935928947200747e-44
1.0,3.7200759760208356e-44,3.7200759760208356e-44,3.7200759760208356e-44
1.0,3.783244380527917e-44,3.7515272265329157e-44,3.7515272265329157e-44
1.0,3.7200759760208356e-44,3.7200759760208356e-44,3.7200759760208356e-44
1.0,3.7200759760208356e-44,3.7200759760208356e-44,3.7200759760208356e-44
1.0,3.7200759760208356e-44,3.7200759760208356e-44,3.7200759760208356e-44
1.0,3.7364487428015663e-44,3.748775589733225e-44,3.7350815976545653e-44
1.0,3.742794809751644e-44,3.764610386578843e-44,3.743830774274449e-44
1.0,3.7200759760208356e-44,3.7200759760208356e-44,3.7200759760208356e-44
1.0,3.8079788920222446e-44,3.8005749845497994e-44,3.87526650311617e-44
1.0,3.7221727699516723e-44,3.7242707457252367e-44,3.7221727699516723e-44
1.0,3.73115236956989e-44,3.742261742685707e-44,3.73115236956989e-44
1.0,3.7200759760208356e-44,3.7200759760208356e-44,3.7200759760208356e-44
1.0,3.722252740433759e-44,3.722252740433759e-44,3.7244307785581094e-44
1.0,3.743425040794502e-44,3.7629945040720713e-44,3.742124034304768e-44
1.0,3.7200759760208356e-44,3.7200759760208356e-44,3.7200759760208356e-44
1.0,3.7200759760208356e-44,3.7200759760208356e-44,3.7200759760208356e-44
1.0,3.7409087471837844e-44,3.761858183801185e-44,3.7409087471837844e-44
1.0,3.7200759760208356e-44,3.7200759760208356e-44,3.7200759760208356e-44
1.0,3.7200759760208356e-44,3.7200759760208356e-44,3.7200759760208356e-44
1.0,3.7200759760208356e-44,3.7200759760208356e-44,3.7200759760208356e-44
1.0,3.8143073962445225e-44,3.8143073962445225e-44,3.910925746362827e-44
1.0,3.7367571551456366e-44,3.7367571551456366e-44,3.7535131342849516e-44
1.0,3.7200759760208356e-44,3.7200759760208356e-44,3.7200759760208356e-44
1.0,3.7200759760208356e-44,3.7200759760208356e-44,3.7200759760208356e-44
1.0,3.7200759760208356e-44,3.7200759760208356e-44,3.7200759760208356e-44
1.0,3.7200759760208356e-44,3.7200759760208356e-44,3.7200759760208356e-44
1.0,3.7200759760208356e-44,3.7200759760208356e-44,3.7200759760208356e-44
1.0,3.7200759760208356e-44,3.7200759760208356e-44,3.7200759760208356e-44
1.0,3.7530434674837407e-44,3.7530434674837407e-44,3.786303118434894e-44
1.0,4.314086459236944e-44,4.314086459236944e-44,5.002946740265006e-44
1.0,3.7200759760208356e-44,3.7200759760208356e-44,3.7200759760208356e-44
1.0,3.7200759760208356e-44,3.7200759760208356e-44,3.7200759760208356e-44
1.0,3.7200759760208356e-44,3.7200759760208356e-44,3.7200759760208356e-44
1.0,3.7200759760208356e-44,3.7200759760208356e-44,3.7200759760208356e-44
1.0,3.7200759760208356e-44,3.7200759760208356e-44,3.7200759760208356e-44
1.0,3.7200759760208356e-44,3.7200759760208356e-44,3.7200759760208356e-44
1.0,3.7200759760208356e-44,3.7200759760208356e-44,3.7200759760208356e-44
1.0,3.7200759760208356e-44,3.7200759760208356e-44,3.7200759760208356e-44
1.0,3.7200759760208356e-44,3.7200759760208356e-44,3.7200759760208356e-44
1.0,3.7200759760208356e-44,3.7200759760208356e-44,3.7200759760208356e-44
1.0,3.7200759760208356e-44,3.7200759760208356e-44,3.7200759760208356e-44
1.0,3.7200759760208356e-44,3.7200759760208356e-44,3.7200759760208356e-44
1.0,3.7200759760208356e-44,3.7200759760208356e-44,3.7200759760208356e-44
1.0,3.7200759760208356e-44,3.7200759760208356e-44,3.7200759760208356e-44
1.0,3.7200759760208356e-44,3.7200759760208356e-44,3.7200759760208356e-44
1.0,3.7200759760208356e-44,3.7200759760208356e-44,3.7200759760208356e-44
1.0,3.7200759760208356e-44,3.7200759760208356e-44,3.7200759760208356e-44
1.0,3.7200759760208356e-44,3.7200759760208356e-44,3.7200759760208356e-44
1.0,3.7200759760208356e-44,3.7200759760208356e-44,3.7200759760208356e-44
1.0,3.7200759760208356e-44,3.7200759760208356e-44,3.7200759760208356e-44
1.0,3.7200759760208356e-44,3.7200759760208356e-44,3.7200759760208356e-44
1.0,3.7200759760208356e-44,3.7200759760208356e-44,3.7200759760208356e-44
1.0,3.7200759760208356e-44,3.7200759760208356e-44,3.7200759760208356e-44
1.0,3.7200759760208356e-44,3.7200759760208356e-44,3.7200759760208356e-44
1.0,3.7200759760208356e-44,3.7200759760208356e-44,3.7200759760208356e-44
1.0,3.7200759760208356e-44,3.7200759760208356e-44,3.7200759760208356e-44
1.0,3.7200759760208356e-44,3.7200759760208356e-44,3.7200759760208356e-44
1.0,3.7200759760208356e-44,3.7200759760208356e-44,3.7200759760208356e-44
1.0,3.7200759760208356e-44,3.7200759760208356e-44,3.7200759760208356e-44
1.0,3.7200759760208356e-44,3.7200759760208356e-44,3.7200759760208356e-44
1.0,3.7200759760208356e-44,3.7200759760208356e-44,3.7200759760208356e-44
1.0,3.7200759760208356e-44,3.7200759760208356e-44,3.7200759760208356e-44
1.0,3.7200759760208356e-44,3.7200759760208356e-44,3.7200759760208356e-44
1.0,3.8780311582453187e-44,3.8780311582453187e-44,4.0426931496189936e-44
1.0,3.7200759760208356e-44,3.7200759760208356e-44,3.7200759760208356e-44
1.0,3.7200759760208356e-44,3.7200759760208356e-44,3.7200759760208356e-44
1.0,3.7200759760208356e-44,3.7200759760208356e-44,3.7200759760208356e-44
1.0,3.7200759760208356e-44,3.7200759760208356e-44,3.7200759760208356e-44
1.0,3.7200759760208356e-44,3.7200759760208356e-44,3.7200759760208356e-44
1.0,3.7200759760208356e-44,3.7200759760208356e-44,3.7200759760208356e-44
1.0,3.7200759760208356e-44,3.7200759760208356e-44,3.7200759760208356e-44
1.0,3.7200759760208356e-44,3.7200759760208356e-44,3.7200759760208356e-44
1.0,3.7200759760208356e-44,3.7200759760208356e-44,3.7200759760208356e-44
1.0,3.7200759760208356e-44,3.7200759760208356e-44,3.7200759760208356e-44
1.0,3.7200759760208356e-44,3.7200759760208356e-44,3.7200759760208356e-44
1.0,3.7200759760208356e-44,3.7200759760208356e-44,3.7200759760208356e-44
1.0,3.7200759760208356e-44,3.7200759760208356e-44,3.7200759760208356e-44
1.0,3.7200759760208356e-44,3.7200759760208356e-44,3.7200759760208356e-44
1.0,3.7200759760208356e-44,3.7200759760208356e-44,3.7200759760208356e-44
1.0,3.7200759760208356e-44,3.7200759760208356e-44,3.7200759760208356e-44
1.0,3.7200759760208356e-44,3.7200759760208356e-44,3.7200759760208356e-44
1.0,3.7200759760208356e-44,3.7200759760208356e-44,3.7200759760208356e-44
1.0,3.7200759760208356e-44,3.7200759760208356e-44,3.7200759760208356e-44
1.0,3.7200759760208356e-44,3.7200759760208356e-44,3.7200759760208356e-44
1.0,3.7200759760208356e-44,3.7200759760208356e-44,3.7200759760208356e-44
1.0,3.7200759760208356e-44,3.7200759760208356e-44,3.7200759760208356e-44
1.0,3.7200759760208356e-44,3.7200759760208356e-44,3.7200759760208356e-44
1.0,3.7200759760208356e-44,3.7200759760208356e-44,3.7200759760208356e-44
1.0,3.7200759760208356e-44,3.7200759760208356e-44,3.7200759760208356e-44
1.0,3.7200759760208356e-44,3.7200759760208356e-44,3.7200759760208356e-44
1.0,3.7200759760208356e-44,3.7200759760208356e-44,3.7200759760208356e-44
1.0,3.7200759760208356e-44,3.7200759760208356e-44,3.7200759760208356e-44
1.0,3.7200759760208356e-44,3.7200759760208356e-44,3.7200759760208356e-44
1.0,3.7200759760208356e-44,3.7200759760208356e-44,3.7200759760208356e-44
1.0,3.8582504207931274e-44,3.788533317771509e-44,3.788533317771509e-44
1.0,2.505833216497734e-43,4.036939583424403e-43,5.942528046780223e-43
1.0,8.618056606896728e-44,5.812759758510229e-44,6.126126631139403e-44
1.0,3.7200759760208356e-44,3.7200759760208356e-44,3.7200759760208356e-44
1.0,3.7200759760208356e-44,3.7200759760208356e-44,3.7200759760208356e-44
1.0,1.0214876129262841e-43,6.692664801188358e-44,7.888824747097927e-44
1.0,4.008426673774667e-44,3.8615607946464264e-44,3.8615607946464264e-44
1.0,3.9348029899176436e-44,3.8259333597394836e-44,3.8259333597394836e-44
1.0,3.1842873120110617e-32,2.5052524727361415e-21,2.2109386628445608e-32
1.0,8.288135783089555e-44,1.0652196311609876e-43,7.453306132411865e-44
1.0,1.515027706325997e-42,7.023816675040554e-42,7.124284387348976e-42
1.0,6.398554682905883e-44,8.118678317636166e-44,7.400701400492096e-44
1.0,4.83814531744838e-41,1.7458953577134025e-38,3.2835808491090257e-41
1.0,9.865380254625256e-35,3.269577804630802e-35,1.3840743908207393e-27
1.0,3.9073523851771346e-44,3.9073523851771346e-44,3.843902144539949e-44
1.0,3.7200759760208356e-44,3.7200759760208356e-44,3.7200759760208356e-44
1.0,3.9171733827022447e-44,3.9171733827022447e-44,3.8503404610057283e-44
1.0,3.8072749355558667e-44,3.8965178475781817e-44,3.8072749355558667e-44
1.0,1.3740363830583578e-39,2.259172730230725e-41,1.4824159309895016e-41
1.0,7.317839992633726e-44,5.653312662982219e-44,5.459552823292756e-44
1.0,3.8668058762469374e-44,3.7927314226243875e-44,3.7927314226243875e-44
1.0,4.0469792474110105e-44,4.402609283935682e-44,4.0469792474110105e-44
1.0,3.7881990310744484e-44,3.8343060484623633e-44,3.811182816085843e-44
1.0,3.7200759760208356e-44,3.7200759760208356e-44,3.7200759760208356e-44
1.0,4.500370977274223e-44,4.0916649368856315e-44,4.0916649368856315e-44
1.0,3.969070402059517e-44,3.842556889603191e-44,3.842556889603191e-44
1.0,3.7784930634225825e-44,3.7491707444179993e-44,3.7491707444179993e-44
1.0,1.9813498469333694e-41,1.672625398874903e-41,2.111188331174912e-39
1.0,1.6463705301801133e-43,1.1680360614626462e-43,2.6018925661241096e-43
1.0,3.7200759760208356e-44,3.7200759760208356e-44,3.7200759760208356e-44
1.0,3.354614094246654e-40,2.6194924749019256e-41,2.3018678283922363e-41
1.0,6.753406293160856e-44,5.876196302053049e-44,6.88898512717541e-44
1.0,4.007026069764532e-44,4.0670193587764064e-44,4.007026069764532e-44
1.0,3.7894524988012373e-44,3.7894524988012373e-44,3.8601228397573845e-44
1.0,3.9300373252815904e-44,3.894238363483367e-44,3.894238363483367e-44
1.0,3.7200759760208356e-44,3.7200759760208356e-44,3.7200759760208356e-44
1.0,4.048993429868158e-44,4.1532268286899984e-44,4.0148335605369574e-44
1.0,4.940446477741079e-44,5.370388756398981e-44,4.940446477741079e-44
1.0,3.7200759760208356e-44,3.7200759760208356e-44,3.7200759760208356e-44
1.0,3.8046964803299e-44,3.7621483187836164e-44,3.7621483187836164e-44
1.0,1.1283834584771344e-43,2.7302084036000304e-43,1.1518100824427421e-43
1.0,3.7200759760208356e-44,3.7200759760208356e-44,3.7200759760208356e-44
1.0,9.919682025916424e-44,1.3226407346157018e-43,8.152833307276132e-44
1.0,6.745422371284212e-44,9.704100826139852e-44,6.355700368356635e-44
1.0,3.7200759760208356e-44,3.7200759760208356e-44,3.7200759760208356e-44
1.0,3.7200759760208356e-44,3.7200759760208356e-44,3.7200759760208356e-44
1.0,1.0832955792444341e-34,4.093670007402755e-33,1.9903610000764993e-27
1.0,1.2434478361646488e-27,6.185312128859196e-33,1.7570511040943777e-27
1.0,5.34372752054926e-21,3.4797255242873124e-31,5.730819372600121e-29
1.0,1.8559579605505765e-20,3.353408620890307e-30,1.3502295683974241e-27
1.0,3.7200759760208356e-44,3.7200759760208356e-44,3.7200759760208356e-44
1.0,4.2960290497590225e-44,4.3583163389103353e-44,4.2346319452772303e-44
1.0,1.9283384447267384e-43,9.563788711904701e-43,1.9283384447267384e-43
1.0,1.1691110362250132e-43,6.594832734165023e-44,6.594832734165023e-44
1.0,1.085963926854091e-43,9.498553004769418e-44,2.121314901540383e-43
1.0,4.581764776176208e-42,4.003813585307754e-40,4.340104337519898e-42
1.0,4.0003118715340274e-44,3.857650073540186e-44,3.857650073540186e-44
1.0,4.610803662529278e-44,4.141562499241553e-44,4.141562499241553e-44
1.0,2.6729568783273223e-42,3.310303336904898e-43,3.2048215431897803e-43
1.0,7.449265785257143e-44,1.2214112756347962e-43,7.067533725813947e-44
1.0,4.2464064409880447e-44,4.701420104213731e-44,4.3780811782798115e-44
1.0,4.140712272944025e-44,4.559801877924783e-44,4.1853075606436254e-44
1.0,3.9127840045064945e-44,3.815213463821287e-44,3.815213463821287e-44
1.0,3.7200759760208356e-44,3.7200759760208356e-44,3.7200759760208356e-44
1.0,3.7571245307533604e-44,3.7571245307533604e-44,3.7945420552103293e-44
1.0,3.804696480329873e-44,3.847725841950574e-44,3.847725841950574e-44
1.0,3.7200759760208356e-44,3.7200759760208356e-44,3.7200759760208356e-44
1.0,3.7200759760208356e-44,3.7200759760208356e-44,3.7200759760208356e-44
1.0,3.8998424834850673e-44,3.9929575596461866e-44,3.9929575596461866e-44
1.0,3.75556584336561e-44,3.75556584336561e-44,3.7913942873126796e-44
1.0,6.45931915404346e-44,7.957569456706118e-44,5.761112160485159e-44
1.0,1.327667482193907e-43,4.084737175048761e-43,1.299811454917163e-43
1.0,8.624584624917934e-43,1.8091309750870832e-42,5.77868598032615e-43
1.0,5.055396931925708e-44,5.963211262061357e-44,5.299661108310515e-44
1.0,3.7200759760208356e-44,3.7200759760208356e-44,3.7200759760208356e-44
1.0,1.6236614489027274e-43,2.6291953030274864e-43,1.2327637068104272e-43
1.0,3.7200759760208356e-44,3.7200759760208356e-44,3.7200759760208356e-44
1.0,3.7200759760208356e-44,3.7200759760208356e-44,3.7200759760208356e-44
1.0,4.2254789983345994e-44,3.964732388054103e-44,3.964732388054103e-44
1.0,3.808539774427904e-44,3.764047996315819e-44,3.764047996315819e-44
1.0,3.7200759760208356e-44,3.7200759760208356e-44,3.7200759760208356e-44
1.0,1.444912316337884e-35,3.5912643186161314e-36,2.1250887188419224e-29
1.0,4.2683389997027047e-44,4.1956139213019974e-44,4.0538599790681703e-44
1.0,3.7200759760208356e-44,3.7200759760208356e-44,3.7200759760208356e-44
1.0,3.8196905335999484e-44,3.769554216333725e-44,3.769554216333725e-44
1.0,4.22823676127436e-44,4.179305048541349e-44,4.035881377646626e-44
1.0,3.7200759760208356e-44,3.7200759760208356e-44,3.7200759760208356e-44
1.0,4.759894660054701e-43,6.0470739387306956e-43,1.4486225783482258e-42
1.0,5.371715336065553e-40,2.407094008069924e-40,4.117037353564003e-37
1.0,3.7200759760208356e-44,3.7200759760208356e-44,3.7200759760208356e-44
1.0,3.7200759760208356e-44,3.7200759760208356e-44,3.7200759760208356e-44
1.0,1.7408995192225346e-42,4.984472858225498e-41,1.546212092309459e-42
1.0,4.3221307232344247e-44,5.021621630617532e-44,4.3221307232344247e-44
1.0,3.9530895319465717e-44,3.893502343025069e-44,4.0135886589563944e-44
1.0,4.3662735486866076e-44,4.3662735486866076e-44,4.576879821186097e-44
1.0,3.963930784258195e-44,3.963930784258195e-44,3.963930784258195e-44
1.0,4.1890783011045774e-44,4.090770773344958e-44,4.392837575004978e-44
1.0,3.746750722139265e-44,3.773616739104027e-44,3.746750722139265e-44
1.0,4.020564122691942e-44,4.2542369141754424e-44,4.1066481741516633e-44
1.0,3.87611338379666e-44,3.7972932832999226e-44,3.7972932832999226e-44
1.0,5.521082277028517e-42,5.030899734194773e-40,5.521082277028517e-42
1.0,4.052310819232116e-44,4.1399060356741464e-44,3.9665690076445464e-44
1.0,3.848268304413626e-44,3.936174708765741e-44,3.8919733262675035e-44
1.0,3.7200759760208356e-44,3.7200759760208356e-44,3.7200759760208356e-44
1.0,3.7200759760208356e-44,3.7200759760208356e-44,3.7200759760208356e-44
1.0,2.892500762959121e-42,1.5154594594933825e-40,3.2993148322491967e-42
1.0,6.367303862396172e-43,5.0427433208738536e-42,5.214149170314179e-43
1.0,3.877527595028476e-44,3.8508303200063215e-44,3.8508303200063215e-44
1.0,3.7978990242783525e-44,3.758786096543774e-44,3.758786096543774e-44
1.0,5.167147961868169e-44,6.061245622259653e-44,4.884141043829373e-44
1.0,1.5415226952965695e-43,1.174951517092119e-43,1.6432292348244577e-43
1.0,1.4622211780441202e-43,1.0547584085998497e-43,1.3955562463422584e-43
1.0,3.7200759760208356e-44,3.7200759760208356e-44,3.7200759760208356e-44
1.0,3.353193825634521e-40,1.8496855718358e-40,3.0666931135717714e-37
1.0,2.910535465489967e-34,1.4055617472822603e-33,1.7808950003656053e-27
0.9999999999999912,8.74708215143104e-15,1.7802587141203937e-25,4.784920758599669e-19
1.0,3.7200759760208356e-44,3.7200759760208356e-44,3.7200759760208356e-44
1.0,2.6904188633507366e-43,8.136309768335432e-43,2.3526885321762147e-43
1.0,3.8178256725334e-44,3.7686339123118793e-44,3.7686339123118793e-44
1.0,3.8742224513613527e-44,3.8742224513613527e-44,3.8221433585181625e-44
1.0,1.0596239256612222e-43,6.411265790037356e-44,6.322406989730327e-44
1.0,3.9537846584885446e-44,3.835150495404699e-44,3.835150495404699e-44
1.0,6.314940296097722e-44,4.983749257822165e-44,4.983749257822165e-44
1.0,4.384667503813061e-44,4.116052939114106e-44,4.064337919015763e-44
1.0,3.9254974574083056e-44,3.8214066500747605e-44,3.8214066500747605e-44
1.0,5.763216845686268e-44,4.92293641292523e-44,4.837485766746762e-44
1.0,8.989857819158545e-44,7.599099899664461e-44,6.699141513378146e-44
1.0,3.728316312445311e-43,2.6200190175525424e-43,2.878458631805032e-43
1.0,5.126818854223044e-44,5.006448332111065e-44,4.947327054293379e-44
1.0,1.0280260637582596e-43,2.759583363788986e-43,1.0280260637582596e-43
1.0,9.358949032125576e-43,4.712062765947793e-43,2.1114895141366635e-42
1.0,6.114856378842547e-43,2.4904835255061154e-42,4.957899128931979e-43
1.0,5.611226015838786e-44,5.818463138781763e-44,5.54380041994265e-44
1.0,3.7200759760208356e-44,3.7200759760208356e-44,3.7200759760208356e-44
1.0,3.9770209291113915e-43,3.215437584791047e-42,4.275749074491146e-43
1.0,4.083140194742515e-44,4.0291811571315433e-44,4.3062999959258575e-44
1.0,3.9363254115146963e-44,4.026304973539437e-44,3.892092534153724e-44
1.0,4.1294339252443253e-44,3.988206321041799e-44,3.942212065919798e-44
1.0,3.9166527456290093e-44,3.8170991322509086e-44,3.8170991322509086e-44
1.0,2.280473885656797e-43,9.927802790779288e-44,1.1534068113158769e-43
1.0,3.7200759760208356e-44,3.7200759760208356e-44,3.7200759760208356e-44
1.0,3.9507781655967244e-44,4.133146235235181e-44,4.010655448244763e-44
1.0,3.82115886041355e-44,3.9249883955690253e-44,3.82115886041355e-44
1.0,3.7200759760208356e-44,3.7200759760208356e-44,3.7200759760208356e-44
1.0,8.90077186842609e-44,6.150169018732354e-44,7.0255717582278e-44
1.0,6.481879055746065e-44,4.910507362254294e-44,4.910507362254294e-44
1.0,3.7672365549616766e-44,3.7435820017865937e-44,3.7435820017865937e-44
1.0,3.7200759760208356e-44,3.7200759760208356e-44,3.7200759760208356e-44
1.0,9.141874070644605e-44,7.202743725970649e-44,6.547613781330643e-44
1.0,2.5946339277490373e-39,4.318708105708251e-39,3.9854358588082875e-36
1.0,5.506344398752002e-44,5.041308444356768e-44,6.254817300100529e-44
1.0,3.8213790579180005e-44,3.9254407701410035e-44,3.8213790579180005e-44
1.0,3.7200759760208356e-44,3.7200759760208356e-44,3.7200759760208356e-44
1.0,3.7200759760208356e-44,3.7200759760208356e-44,3.7200759760208356e-44
1.0,6.888923391323894e-44,7.769013938924501e-44,5.839240396748012e-44
1.0,1.3726697724163023e-43,1.0760973131644932e-43,1.7126561646850521e-43
1.0,3.8751476109151594e-44,3.812357978988064e-44,3.843624580292532e-44
1.0,4.68184414173762e-44,4.53054557002837e-44,4.28916830645717e-44
1.0,5.454821703597657e-44,5.134922757153667e-44,5.454821703597657e-44
1.0,4.923661351673555e-44,4.2797656838223266e-44,4.2797656838223266e-44
1.0,4.850705060159819e-44,5.883357994666392e-44,4.735079968301787e-44
1.0,3.8479452049316946e-44,3.9802096504477125e-44,3.8479452049316946e-44
1.0,5.58054535068527e-44,4.930156674744821e-44,5.042494506828552e-44
1.0,1.1751239025537021e-43,2.54442776982813e-43,1.1354611035535354e-43
1.0,2.8901282062842206e-42,2.005989818101966e-40,2.815918653654103e-42
1.0,3.8038768413113167e-44,3.889565459719943e-44,3.8038768413113167e-44
1.0,3.7200759760208356e-44,3.7200759760208356e-44,3.7200759760208356e-44
1.0,3.8763854340071e-44,3.940732996284868e-44,3.844606751974266e-44
1.0,9.74926846438173e-43,2.0667456897560652e-41,9.187187313893752e-43
1.0,1.079319432704361e-43,2.9607443568317647e-43,1.079319432704361e-43
1.0,4.486217904860216e-44,4.382423008159828e-44,4.1819819724131384e-44
1.0,2.3566792210107473e-40,1.2352018491101146e-36,2.247618882610735e-40
1.0,3.7200759760208356e-44,3.7200759760208356e-44,3.7200759760208356e-44
1.0,1.1837211308577277e-42,2.45453690600347e-41,1.2041719245504465e-42
1.0,3.7200759760208356e-44,3.7200759760208356e-44,3.7200759760208356e-44
1.0,3.7200759760208356e-44,3.7200759760208356e-44,3.7200759760208356e-44
1.0,3.759777076610386e-29,1.8065027928416195e-29,1.5630336389300866e-17
1.0,3.7200759760208356e-44,3.7200759760208356e-44,3.7200759760208356e-44
0.0,0.0,0.0,0.0
0.0,0.0,0.0,0.0
1.0,3.7200759760208356e-44,3.7200759760208356e-44,3.7200759760208356e-44
1.0,3.7306636168122494e-44,3.7306636168122494e-44,3.7412813908961944e-44
1.0,7.33241690555929e-33,9.381398226623169e-24,8.809803877542864e-32
1.0,3.7200759760208356e-44,3.7200759760208356e-44,3.7200759760208356e-44
0.999999998780871,3.638035431677638e-25,1.2191290805633269e-09,3.8513775180005217e-23
1.0,3.7200759760208356e-44,3.7200759760208356e-44,3.7200759760208356e-44
1.0,7.1350170315077815e-37,2.7382392683682948e-33,5.406850732356585e-34
1.0,3.7200759760208356e-44,3.7200759760208356e-44,3.7200759760208356e-44
1.0,5.495957614149098e-40,8.720168240334317e-38,1.252483239188716e-39
1.0,3.7200759760208356e-44,3.7200759760208356e-44,3.7200759760208356e-44
1.0,2.91694317998638e-34,1.0721652656830429e-34,1.4382638754438726e-32
1.0,3.7200759760208356e-44,3.7200759760208356e-44,3.7200759760208356e-44
1.0,7.361541898398809e-33,4.3189619117464614e-33,7.771363989335298e-30
1.0,3.7200759760208356e-44,3.7200759760208356e-44,3.7200759760208356e-44
1.0,3.7200759760208356e-44,3.7200759760208356e-44,3.7200759760208356e-44
1.0,2.83087513861953e-35,6.8926180850247665e-28,2.244080151660149e-34
1.0,3.7200759760208356e-44,3.7200759760208356e-44,3.7200759760208356e-44
0.9999999983807243,5.706301114548927e-25,1.6192757349050253e-09,4.914376613286665e-23
1.0,3.7200759760208356e-44,3.7200759760208356e-44,3.7200759760208356e-44
1.0,1.4249661723937466e-34,6.533198381759793e-35,6.598457859429941e-30
1.0,3.7200759760208356e-44,3.7200759760208356e-44,3.7200759760208356e-44
1.0,2.9604535084683084e-32,1.378127483066898e-24,1.823897877757568e-28
1.0,3.7200759760208356e-44,3.7200759760208356e-44,3.7200759760208356e-44
1.0,4.046442572730209e-37,1.5221372087077605e-33,4.83350394881197e-37
1.0,3.733204406716336e-44,3.733204406716336e-44,3.746379168641013e-44
1.0,1.2148261865086267e-39,5.08197646710756e-37,2.227363561795747e-39
1.0,3.724978940722714e-44,3.724978940722714e-44,3.7298883674062545e-44
1.0,2.974833651587288e-25,1.346677258249675e-29,5.771015414876778e-24
1.0,3.724618913866904e-44,3.724618913866904e-44,3.729167399525515e-44
1.0,3.7200759760208356e-44,3.7200759760208356e-44,3.7200759760208356e-44
1.0,4.130646330881634e-44,4.579576137335978e-44,4.1369182838992555e-44
1.0,3.7200759760208356e-44,3.7200759760208356e-44,3.7200759760208356e-44
1.0,6.200569678407557e-44,7.336649035678575e-44,8.262534439457101e-44
1.0,3.7200759760208356e-44,3.7200759760208356e-44,3.7200759760208356e-44
1.0,4.2651780472809066e-44,4.855086543802422e-44,4.295984544727838e-44
1.0,3.7200759760208356e-44,3.7200759760208356e-44,3.7200759760208356e-44
1.0,4.492715232139002e-44,5.281506513025959e-44,4.452523023033865e-44
1.0,3.7200759760208356e-44,3.7200759760208356e-44,3.7200759760208356e-44
1.0,3.981879536470381e-44,4.26210774864902e-44,3.981879536470381e-44
1.0,3.7200759760208356e-44,3.7200759760208356e-44,3.7200759760208356e-44
1.0,6.735917142760284e-44,1.1906619917515253e-43,6.900013001286328e-44
1.0,3.7200759760208356e-44,3.7200759760208356e-44,3.7200759760208356e-44
1.0,5.853868445219306e-43,1.9689905865187283e-42,5.093736558924258e-43
1.0,3.7200759760208356e-44,3.7200759760208356e-44,3.7200759760208356e-44
1.0,6.344269223420142e-44,7.807961002098996e-44,5.804212513678449e-44
1.0,3.7407844284603224e-44,3.7407844284603224e-44,3.761608158115979e-44
1.0,4.264677993326323e-44,3.998511080660839e-44,4.029552855957228e-44
1.0,3.7200759760208356e-44,3.7200759760208356e-44,3.7200759760208356e-44
1.0,4.686523145512333e-44,5.48018501312195e-44,4.617212532685077e-44
1.0,3.7200759760208356e-44,3.7200759760208356e-44,3.7200759760208356e-44
1.0,1.719202460224174e-43,5.0122942051632046e-43,1.898362442250072e-43
1.0,3.8482851334178096e-44,3.8482851334178096e-44,3.9809129070329887e-44
1.0,7.867138705471975e-44,1.626392226214521e-43,7.807847140288637e-44
1.0,3.7200759760208356e-44,3.7200759760208356e-44,3.7200759760208356e-44
1.0,5.821076190731563e-44,7.623294996888421e-44,6.449354832461055e-44
1.0,3.8926710438469843e-44,3.8926710438469843e-44,4.0732737592668573e-44
1.0,6.358505772226449e-44,1.0467961142717458e-43,6.324512237946534e-44
1.0,3.7200759760208356e-44,3.7200759760208356e-44,3.7200759760208356e-44
1.0,4.629804309662541e-44,5.515327361122052e-44,4.629804309662541e-44
1.0,3.7200759760208356e-44,3.7200759760208356e-44,3.7200759760208356e-44
1.0,5.63561150442468e-44,8.30809553606895e-44,5.63561150442468e-44
1.0,3.7200759760208356e-44,3.7200759760208356e-44,3.7200759760208356e-44
1.0,7.054587932843098e-44,1.2802856222134433e-43,7.132516865061774e-44
1.0,3.7200759760208356e-44,3.7200759760208356e-44,3.7200759760208356e-44
1.0,4.599713137470174e-44,4.599713137470174e-44,5.687346463726464e-44
1.0,1.2180279219988796e-43,3.4929476055957207e-43,1.3524079767952373e-43
1.0,2.80310546504034e-42,3.737010980338811e-41,1.9209784240305878e-42
1.0,3.7200759760208356e-44,3.7200759760208356e-44,3.7200759760208356e-44
1.0,8.875629914542944e-44,1.8616532869591414e-43,8.875629914542944e-44
1.0,3.7200759760208356e-44,3.7200759760208356e-44,3.7200759760208356e-44
1.0,4.2822741812319543e-44,4.848486937700049e-44,4.3537688891861233e-44
1.0,3.7200759760208356e-44,3.7200759760208356e-44,3.7200759760208356e-44
1.0,4.327735076515232e-44,4.623898505249993e-44,4.206687554389397e-44
1.0,4.305603344325583e-44,4.305603344325583e-44,4.983290738727594e-44
1.0,5.715397897271445e-44,7.381585814742565e-44,5.663416466443198e-44
1.0,3.7200759760208356e-44,3.7200759760208356e-44,3.7200759760208356e-44
1.0,4.2492379396985846e-44,4.823028755056725e-44,4.276234278276192e-44
1.0,3.7200759760208356e-44,3.7200759760208356e-44,3.7200759760208356e-44
1.0,2.104839732486283e-43,1.0427977433895416e-42,2.0136793132079564e-43
1.0,3.7200759760208356e-44,3.7200759760208356e-44,3.7200759760208356e-44
1.0,4.038607115253315e-44,4.384412451925508e-44,4.038607115253315e-44
1.0,3.7200759760208356e-44,3.7200759760208356e-44,3.7200759760208356e-44
1.0,4.0176484381740443e-44,4.3390240083289866e-44,4.0176484381740443e-44
1.0,3.7200759760208356e-44,3.7200759760208356e-44,3.7200759760208356e-44
1.0,4.215601083753692e-44,4.3390240083289915e-44,4.466060467014392e-44
1.0,3.7200759760208356e-44,3.7200759760208356e-44,3.7200759760208356e-44
1.0,6.804213324445259e-44,9.929318838188736e-44,6.467835036771995e-44
1.0,3.7200759760208356e-44,3.7200759760208356e-44,3.7200759760208356e-44
1.0,3.972127087417642e-44,4.206641917193789e-44,4.004811237567332e-44
1.0,3.7200759760208356e-44,3.7200759760208356e-44,3.7200759760208356e-44
1.0,7.581285342154122e-44,1.4727293467328914e-43,7.95341744826014e-44
1.0,3.7200759760208356e-44,3.7200759760208356e-44,3.7200759760208356e-44
1.0,3.9051723737248827e-44,4.0598587810620836e-44,3.943282469668858e-44
1.0,3.7200759760208356e-44,3.7200759760208356e-44,3.7200759760208356e-44
1.0,5.757534140139905e-44,4.647117399950367e-44,4.685571840772333e-44
1.0,3.7200759760208356e-44,3.7200759760208356e-44,3.7200759760208356e-44
1.0,2.071151670567312e-42,9.059560865610367e-41,2.4020690422955938e-42
1.0,3.7200759760208356e-44,3.7200759760208356e-44,3.7200759760208356e-44
1.0,3.2386199942832833e-43,2.5500481845911158e-42,3.1319878099071905e-43
1.0,3.7200759760208356e-44,3.7200759760208356e-44,3.7200759760208356e-44
1.0,1.2529867553670727e-43,2.8750913211307686e-43,1.1691970656128545e-43
1.0,3.7200759760208356e-44,3.7200759760208356e-44,3.7200759760208356e-44
1.0,1.0913772669996029e-43,3.2018279911518986e-43,1.0913772669996029e-43
1.0,3.9519280900332176e-44,3.9519280900332176e-44,4.1982302860112593e-44
1.0,3.440415435450294e-43,1.497980597095674e-42,4.507087765992495e-43
1.0,3.7200759760208356e-44,3.7200759760208356e-44,3.7200759760208356e-44
1.0,7.578765530122014e-43,1.1117963987163163e-41,9.00127680531408e-43
1.0,3.7200759760208356e-44,3.7200759760208356e-44,3.7200759760208356e-44
1.0,3.7200759760208356e-44,3.7200759760208356e-44,3.7200759760208356e-44
1.0,3.7200759760208356e-44,3.7200759760208356e-44,3.7200759760208356e-44
1.0,3.7200759760208356e-44,3.7200759760208356e-44,3.7200759760208356e-44
1.0,3.7200759760208356e-44,3.7200759760208356e-44,3.7200759760208356e-44
1.0,3.7200759760208356e-44,3.7200759760208356e-44,3.7200759760208356e-44
1.0,3.7200759760208356e-44,3.7200759760208356e-44,3.7200759760208356e-44
1.0,3.7200759760208356e-44,3.7200759760208356e-44,3.7200759760208356e-44
1.0,3.7200759760208356e-44,3.7200759760208356e-44,3.7200759760208356e-44
1.0,3.7517252327202666e-44,3.7517252327202666e-44,3.78364375151437e-44
1.0,3.7200759760208356e-44,3.7200759760208356e-44,3.7200759760208356e-44
1.0,3.7200759760208356e-44,3.7200759760208356e-44,3.7200759760208356e-44
1.0,3.7200759760208356e-44,3.7200759760208356e-44,3.7200759760208356e-44
1.0,3.7200759760208356e-44,3.7200759760208356e-44,3.7200759760208356e-44
1.0,3.7200759760208356e-44,3.7200759760208356e-44,3.7200759760208356e-44
1.0,3.7200759760208356e-44,3.7200759760208356e-44,3.7200759760208356e-44
0.0,0.0,0.0,0.0
1.0,3.7929234889770793e-44,3.7929234889770793e-44,3.867197521224397e-44
1.0,3.7200759760208356e-44,3.7200759760208356e-44,3.7200759760208356e-44
1.0,3.7200759760208356e-44,3.7200759760208356e-44,3.7200759760208356e-44
1.0,3.7200759760208356e-44,3.7200759760208356e-44,3.7200759760208356e-44
1.0,3.7200759760208356e-44,3.7200759760208356e-44,3.7200759760208356e-44
1.0,3.7200759760208356e-44,3.7200759760208356e-44,3.7200759760208356e-44
1.0,3.7200759760208356e-44,3.7200759760208356e-44,3.7200759760208356e-44
1.0,3.7200759760208356e-44,3.7200759760208356e-44,3.7200759760208356e-44
1.0,3.7200759760208356e-44,3.7200759760208356e-44,3.7200759760208356e-44
1.0,3.7200759760208356e-44,3.7200759760208356e-44,3.7200759760208356e-44
1.0,3.7200759760208356e-44,3.7200759760208356e-44,3.7200759760208356e-44
1.0,3.7200759760208356e-44,3.7200759760208356e-44,3.7200759760208356e-44
1.0,3.7933178932703805e-44,3.7933178932703805e-44,3.8680018182845384e-44
1.0,3.7200759760208356e-44,3.7200759760208356e-44,3.7200759760208356e-44
1.0,3.7200759760208356e-44,3.7200759760208356e-44,3.7200759760208356e-44
1.0,3.7200759760208356e-44,3.7200759760208356e-44,3.7200759760208356e-44
1.0,3.7200759760208356e-44,3.7200759760208356e-44,3.7200759760208356e-44
1.0,3.7200759760208356e-44,3.7200759760208356e-44,3.7200759760208356e-44
1.0,3.7200759760208356e-44,3.7200759760208356e-44,3.7200759760208356e-44
1.0,3.7200759760208356e-44,3.7200759760208356e-44,3.7200759760208356e-44
1.0,4.531252144901701e-44,4.531252144901701e-44,5.519308243440323e-44
1.0,3.7200759760208356e-44,3.7200759760208356e-44,3.7200759760208356e-44
1.0,3.7200759760208356e-44,3.7200759760208356e-44,3.7200759760208356e-44
1.0,3.7200759760208356e-44,3.7200759760208356e-44,3.7200759760208356e-44
1.0,3.7200759760208356e-44,3.7200759760208356e-44,3.7200759760208356e-44
1.0,3.9468244272016947e-44,3.9468244272016947e-44,4.187393795063886e-44
1.0,3.7200759760208356e-44,3.7200759760208356e-44,3.7200759760208356e-44
1.0,3.7200759760208356e-44,3.7200759760208356e-44,3.7200759760208356e-44
1.0,3.7200759760208356e-44,3.7200759760208356e-44,3.7200759760208356e-44
1.0,3.7200759760208356e-44,3.7200759760208356e-44,3.7200759760208356e-44
1.0,3.7200759760208356e-44,3.7200759760208356e-44,3.7200759760208356e-44
1.0,3.7200759760208356e-44,3.7200759760208356e-44,3.7200759760208356e-44
1.0,3.7200759760208356e-44,3.7200759760208356e-44,3.7200759760208356e-44
1.0,3.7200759760208356e-44,3.7200759760208356e-44,3.7200759760208356e-44
1.0,3.7200759760208356e-44,3.7200759760208356e-44,3.7200759760208356e-44
1.0,3.7200759760208356e-44,3.7200759760208356e-44,3.7200759760208356e-44
1.0,3.7200759760208356e-44,3.7200759760208356e-44,3.7200759760208356e-44
1.0,3.763569882785207e-44,3.763569882785207e-44,3.807572306025506e-44
1.0,3.825453615872172e-44,3.825453615872172e-44,3.933816261151432e-44
1.0,3.7200759760208356e-44,3.7200759760208356e-44,3.7200759760208356e-44
1.0,3.7200759760208356e-44,3.7200759760208356e-44,3.7200759760208356e-44
1.0,3.7200759760208356e-44,3.7200759760208356e-44,3.7200759760208356e-44
1.0,3.7200759760208356e-44,3.7200759760208356e-44,3.7200759760208356e-44
1.0,3.7200759760208356e-44,3.7200759760208356e-44,3.7200759760208356e-44
1.0,4.4265209536400275e-44,4.4265209536400275e-44,5.267120316712694e-44
1.0,3.7200759760208356e-44,3.7200759760208356e-44,3.7200759760208356e-44
1.0,3.733318908114492e-44,3.733318908114492e-44,3.746608983129814e-44
1.0,3.7200759760208356e-44,3.7200759760208356e-44,3.7200759760208356e-44
1.0,4.320668869361401e-44,4.320668869361401e-44,5.018225326310945e-44
1.0,3.7200759760208356e-44,3.7200759760208356e-44,3.7200759760208356e-44
1.0,7.850693389008581e-41,2.496596397092095e-38,6.409816550234196e-41
1.3045573686640803e-18,2.9376139988319096e-31,1.0,2.487070322885776e-31
1.0,5.76218733173031e-36,2.779859197178893e-28,5.9695128671540856e-36
1.4974718775275707e-40,2.4007621456105607e-42,1.0,2.3819715444364222e-42
2.2715594525952972e-32,3.099318983736187e-38,1.0,3.0585014690566854e-38
0.2789785429747607,2.3361694126327236e-22,0.7210214570252393,1.3544693021473702e-22
1.0,5.415804565341857e-38,3.113819226384842e-33,2.6826157523004973e-38
0.9999999999999721,4.412937898401648e-29,2.7952844268062713e-14,4.882877745624985e-29
2.1474307161190327e-06,3.69381328474212e-25,0.999997852569284,5.89431755013255e-25
8.941668551688626e-36,9.456843371361852e-40,1.0,2.182069970526656e-39
1.0,3.471502938685279e-39,1.5152080196959684e-34,3.367573606433298e-39
0.9999999999999982,2.0333315401298223e-29,1.783897633232111e-15,1.8565341324980153e-29
1.0,3.7429166730505263e-44,3.7429166730505263e-44,3.7658976084635693e-44
1.0,3.7200759760208356e-44,3.7200759760208356e-44,3.7200759760208356e-44
1.0,3.7307217905837864e-44,3.7307217905837864e-44,3.74139807048356e-44
1.0,3.7481243694387183e-44,3.7481243694387183e-44,3.7763842403582666e-44
1.0,3.918964360203273e-44,3.918964360203273e-44,4.128486018979495e-44
1.0,3.7200759760208356e-44,3.7200759760208356e-44,3.7200759760208356e-44
1.0,2.9985016517073903e-40,8.63923271442704e-40,8.388530632914389e-37
1.0,3.7200759760208356e-44,3.7200759760208356e-44,3.7200759760208356e-44
1.0,3.7200759760208356e-44,3.7200759760208356e-44,3.7200759760208356e-44
1.0,3.7200759760208356e-44,3.7200759760208356e-44,3.7200759760208356e-44
1.0,3.975449735908647e-31,4.24835425529159e-18,3.975449735908647e-31
1.0,6.039956182259881e-44,8.343631342597133e-44,7.098955395705544e-44
1.0,3.9673579387561696e-41,2.327621846467549e-38,3.25078718989945e-41
1.0,3.7200759760208356e-44,3.7200759760208356e-44,3.7200759760208356e-44
1.0,3.7200759760208356e-44,3.7200759760208356e-44,3.7200759760208356e-44
1.0,3.7200759760208356e-44,3.7200759760208356e-44,3.7200759760208356e-44
0.9999999999999567,4.016264782895475e-29,4.336035852574423e-14,4.016264782895475e-29
1.0,3.7200759760208356e-44,3.7200759760208356e-44,3.7200759760208356e-44
1.0,3.7200759760208356e-44,3.7200759760208356e-44,3.7200759760208356e-44
1.0,3.7200759760208356e-44,3.7200759760208356e-44,3.7200759760208356e-44
1.0,4.2352644829746477e-44,4.821800779438181e-44,4.2352644829746477e-44
1.0,3.7200759760208356e-44,3.7200759760208356e-44,3.7200759760208356e-44
1.0,3.7200759760208356e-44,3.7200759760208356e-44,3.7200759760208356e-44
1.0,3.7200759760208356e-44,3.7200759760208356e-44,3.7200759760208356e-44
1.0,3.7200759760208356e-44,3.7200759760208356e-44,3.7200759760208356e-44
1.0,4.3689877781289744e-42,1.0184657587057908e-40,7.927010935735805e-42
1.0,3.7830749059567573e-44,3.781389807947795e-44,3.841475449036809e-44
1.0,9.218226739790567e-44,6.064281622509627e-44,5.974780271379495e-44
1.0,2.744637957294754e-42,2.744637957294754e-42,2.024968727837875e-40
1.0,3.7200759760208356e-44,3.7200759760208356e-44,3.7200759760208356e-44
1.0,3.7200759760208356e-44,3.7200759760208356e-44,3.7200759760208356e-44
1.0,3.7200759760208356e-44,3.7200759760208356e-44,3.7200759760208356e-44
1.0,3.764377006866951e-44,3.764588717201861e-44,3.8081346256880025e-44
1.0,3.8421417603539196e-44,3.869958168111077e-44,3.9396902133818517e-44
1.0,5.509171499577484e-44,5.509171499577484e-44,8.158696437222089e-44
1.0,3.7455523592993373e-44,3.7455523592993373e-44,3.7712032137738785e-44
1.0,3.7200759760208356e-44,3.7200759760208356e-44,3.7200759760208356e-44
1.0,3.7200759760208356e-44,3.7200759760208356e-44,3.7200759760208356e-44
1.0,3.7200759760208356e-44,3.7200759760208356e-44,3.7200759760208356e-44
1.0,3.7591087406108594e-44,3.761561842371672e-44,3.7960738308241087e-44
1.0,3.837827485879387e-44,3.837827485879387e-44,3.9593061825382544e-44
1.0,4.80846481647583e-44,4.80846481647583e-44,6.215285397481986e-44
1.0,3.7200759760208356e-44,3.7200759760208356e-44,3.7200759760208356e-44
1.0,3.7460762967230347e-44,3.7460762967230347e-44,3.7722583386269303e-44
1.0,3.7200759760208356e-44,3.7200759760208356e-44,3.7200759760208356e-44
1.0,3.7200759760208356e-44,3.7200759760208356e-44,3.7200759760208356e-44
1.0,3.7200759760208356e-44,3.7200759760208356e-44,3.7200759760208356e-44
1.0,3.7200759760208356e-44,3.7200759760208356e-44,3.7200759760208356e-44
1.0,3.7200759760208356e-44,3.7200759760208356e-44,3.7200759760208356e-44
1.0,3.7200759760208356e-44,3.7200759760208356e-44,3.7200759760208356e-44
1.0,3.7200759760208356e-44,3.7200759760208356e-44,3.7200759760208356e-44
1.0,3.7200759760208356e-44,3.7200759760208356e-44,3.7200759760208356e-44
1.0,3.7200759760208356e-44,3.7200759760208356e-44,3.7200759760208356e-44
1.0,3.802175438157794e-44,3.802175438157794e-44,3.886086777720553e-44
1.0,3.7200759760208356e-44,3.7200759760208356e-44,3.7200759760208356e-44
1.0,3.7200759760208356e-44,3.7200759760208356e-44,3.7200759760208356e-44
1.0,3.7200759760208356e-44,3.7200759760208356e-44,3.7200759760208356e-44
1.0,3.7669572242852103e-44,3.7669572242852103e-44,3.8144292807623724e-44
1.0,3.7200759760208356e-44,3.7200759760208356e-44,3.7200759760208356e-44
1.0,3.7589844818255763e-44,3.7589844818255763e-44,3.7982999341103844e-44
1.0,3.7200759760208356e-44,3.7200759760208356e-44,3.7200759760208356e-44
1.0,3.777866899384302e-44,3.777866899384302e-44,3.8365555976439977e-44
1.0,2.4419862173482304e-34,5.404732447665599e-35,1.0454519440253438e-33
1.0,3.7200759760208356e-44,3.7200759760208356e-44,3.7200759760208356e-44
2.949519372707573e-23,4.8694670202791016e-32,1.0,6.824938873720132e-33
1.0,3.7200759760208356e-44,3.7200759760208356e-44,3.7200759760208356e-44
1.0,3.7200759760208356e-44,3.7200759760208356e-44,3.7200759760208356e-44
1.0,1.1406516021760252e-31,6.345095739902511e-20,9.764408432525018e-32
1.0,3.7200759760208356e-44,3.7200759760208356e-44,3.7200759760208356e-44
1.0,3.7200759760208356e-44,3.7200759760208356e-44,3.7200759760208356e-44
1.0,7.374137750049919e-37,1.9025615977990752e-32,4.5194461905467594e-35
1.0,3.7200759760208356e-44,3.7200759760208356e-44,3.7200759760208356e-44
1.0,3.7200759760208356e-44,3.7200759760208356e-44,3.7200759760208356e-44
1.0,3.770013723189441e-44,3.7647257052009126e-44,3.7832662870364635e-44
1.0,3.7200759760208356e-44,3.7200759760208356e-44,3.7200759760208356e-44
1.0,3.781800539977934e-44,3.759462593539451e-44,3.776825109282908e-44
1.0,3.748838566020735e-44,3.744029403906133e-44,3.763303147989453e-44
1.0,3.7777642141576474e-44,3.770504543821789e-44,3.814272769693709e-44
1.0,3.7681177489111577e-44,3.7590628977777765e-44,3.7893306477284105e-44
1.0,3.7644182211806854e-44,3.7644182211806854e-44,3.809289013262249e-44
1.0,3.758649626131756e-44,3.758649626131756e-44,3.797623248311082e-44
1.0,3.763656289048183e-44,3.7618302908359213e-44,3.7874750797744105e-44
1.0,3.875900992634699e-44,3.875900992634699e-44,4.038253143629467e-44
1.0,3.7200759760208356e-44,3.7200759760208356e-44,3.7200759760208356e-44
1.0,3.9253057785938127e-44,3.876523459708292e-44,3.965940052977216e-44
1.0,3.7200759760208356e-44,3.7200759760208356e-44,3.7200759760208356e-44
1.0,3.758930148044667e-44,3.747375683832253e-44,3.7632722511723795e-44
1.0,3.7200759760208356e-44,3.7200759760208356e-44,3.7200759760208356e-44
1.0,3.763264116042079e-44,3.7552286568278603e-44,3.776156630273713e-44
1.0,3.7837743639357197e-44,3.7837743639357197e-44,3.848563451247376e-44
1.0,3.7560803804741284e-44,3.7488517297167327e-44,3.77057952438313e-44
1.0,3.7200759760208356e-44,3.7200759760208356e-44,3.7200759760208356e-44
1.0,3.762525985583959e-44,3.760154994430745e-44,3.788705768897241e-44
1.0,3.7200759760208356e-44,3.7200759760208356e-44,3.7200759760208356e-44
1.0,3.7533028567001155e-44,3.7442116588814726e-44,3.759375915295612e-44
1.0,3.7200759760208356e-44,3.7200759760208356e-44,3.7200759760208356e-44
1.0,3.7200759760208356e-44,3.7200759760208356e-44,3.7200759760208356e-44
1.0,3.7574009306414375e-44,3.749371326987506e-44,3.770821835118989e-44
1.0,3.7200759760208356e-44,3.7200759760208356e-44,3.7200759760208356e-44
1.0,3.7495581172630036e-44,3.7436430559930123e-44,3.7614162924591446e-44
1.0,3.7200759760208356e-44,3.7200759760208356e-44,3.7200759760208356e-44
1.0,4.513505854675637e-44,5.302522384109812e-44,4.4652876751207976e-44
1.0,3.7200759760208356e-44,3.7200759760208356e-44,3.7200759760208356e-44
1.0,4.071026156857795e-44,4.3069908064045073e-44,4.025407787091193e-44
1.0,3.7941663504826787e-44,3.869732335556597e-44,3.7941663504826787e-44
1.0,3.77823279299138e-44,3.837298789070622e-44,3.77823279299138e-44
1.0,3.7200759760208356e-44,3.7200759760208356e-44,3.7200759760208356e-44
1.0,3.76897217433817e-44,3.76897217433817e-44,3.8185110579730246e-44
1.0,3.8114289055921433e-44,3.857943207366235e-44,3.857943207366235e-44
1.0,3.7200759760208356e-44,3.7200759760208356e-44,3.7200759760208356e-44
1.0,2.2102899365921805e-43,1.2692840828755668e-42,2.1853447716186504e-43
1.0,3.834657861071117e-44,3.8114625662883363e-44,3.788407576513083e-44
1.0,4.375305773335787e-44,4.549021543342687e-44,4.347005058788278e-44
1.0,3.872767443671608e-44,4.0170097104583803e-44,3.886955467997733e-44
1.0,3.7200759760208356e-44,3.7200759760208356e-44,3.7200759760208356e-44
1.0,1.5951844743307058e-43,6.744217698560285e-43,1.6178913459177235e-43
1.0,3.7200759760208356e-44,3.7200759760208356e-44,3.7200759760208356e-44
1.0,3.7200759760208356e-44,3.7200759760208356e-44,3.7200759760208356e-44
1.0,3.7200759760208356e-44,3.7200759760208356e-44,3.7200759760208356e-44
1.0,3.7200759760208356e-44,3.7200759760208356e-44,3.7200759760208356e-44
1.0,3.7200759760208356e-44,3.7200759760208356e-44,3.7200759760208356e-44
1.0,3.7200759760208356e-44,3.7200759760208356e-44,3.7200759760208356e-44
1.0,3.7200759760208356e-44,3.7200759760208356e-44,3.7200759760208356e-44
1.0,3.832759119410727e-44,3.7948238405479393e-44,3.832759119410727e-44
1.0,3.7200759760208356e-44,3.7200759760208356e-44,3.7200759760208356e-44
1.0,3.7200759760208356e-44,3.7200759760208356e-44,3.7200759760208356e-44
1.0,3.744973490569172e-44,3.732503973621644e-44,3.732503973621644e-44
1.0,3.7299550757463764e-44,3.7299550757463764e-44,3.7398604105843496e-44
1.0,3.7200759760208356e-44,3.7200759760208356e-44,3.7200759760208356e-44
1.0,3.740866599841111e-44,3.740866599841111e-44,3.761773417535271e-44
1.0,3.8825376392029903e-44,3.806691978788525e-44,3.8192292397426767e-44
1.0,3.7849405364154296e-44,3.752368100304994e-44,3.752368100304994e-44
1.0,3.9559796364857694e-44,3.9559796364857694e-44,4.206842813202332e-44
1.0,3.7355055515248415e-44,3.7277827807585705e-44,3.7277827807585705e-44
1.0,3.7393240108847757e-44,3.7296875766544194e-44,3.7296875766544194e-44
1.0,3.848927539493007e-44,3.8015640118090994e-44,3.8370316208688497e-44
1.0,3.7200759760208356e-44,3.7200759760208356e-44,3.7200759760208356e-44
1.0,3.7288186007907497e-44,3.7288186007907497e-44,3.737581771777555e-44
1.0,3.7373609369853843e-44,3.7373609369853843e-44,3.754726210792309e-44
1.0,3.7200759760208356e-44,3.7200759760208356e-44,3.7200759760208356e-44
1.0,3.731247031498856e-44,3.731247031498856e-44,3.742451632657478e-44
1.0,3.728966316828619e-44,3.728966316828619e-44,3.737877904019573e-44
1.0,3.7702042614526225e-44,3.750072395057057e-44,3.760124854921703e-44
1.0,3.7200759760208356e-44,3.7200759760208356e-44,3.7200759760208356e-44
1.0,3.7200759760208356e-44,3.7200759760208356e-44,3.7200759760208356e-44
1.0,3.7200759760208356e-44,3.7200759760208356e-44,3.7200759760208356e-44
1.0,9.084786802508214e-44,2.2185931625866747e-43,9.084786802508214e-44
1.0,5.353902131447422e-43,5.353902131447422e-43,7.70529102574355e-42
1.0,2.6096365187664286e-43,2.6096365187664286e-43,1.8306622778613035e-42
1.0,3.686719286722166e-43,3.686719286722166e-43,3.653661695809728e-42
1.0,1.169819856110513e-42,1.169819856110513e-42,3.6786305026334566e-41
1.0,4.43930504021527e-43,4.43930504021527e-43,5.29758783613893e-42
1.0,2.0976799960997643e-42,4.698689232742056e-42,5.280671823297881e-41
1.0,3.7200759760208356e-44,3.7200759760208356e-44,3.7200759760208356e-44
1.0,3.7200759760208356e-44,3.7200759760208356e-44,3.7200759760208356e-44
1.0,3.7200759760208356e-44,3.7200759760208356e-44,3.7200759760208356e-44
1.0,3.7200759760208356e-44,3.7200759760208356e-44,3.7200759760208356e-44
1.0,3.7200759760208356e-44,3.7200759760208356e-44,3.7200759760208356e-44
1.0,3.7200759760208356e-44,3.7200759760208356e-44,3.7200759760208356e-44
1.0,3.7200759760208356e-44,3.7200759760208356e-44,3.7200759760208356e-44
1.0,3.8958510107153804e-44,4.079931484067891e-44,3.8958510107153804e-44
1.0,3.7200759760208356e-44,3.7200759760208356e-44,3.7200759760208356e-44
1.0,3.7439784608003033e-44,3.768034525448089e-44,3.7439784608003033e-44
1.0,3.822603462819776e-44,3.882454341235852e-44,3.807785465894575e-44
1.0,3.7200759760208356e-44,3.7200759760208356e-44,3.7200759760208356e-44
1.0,3.7200759760208356e-44,3.7200759760208356e-44,3.7200759760208356e-44
1.0,3.7200759760208356e-44,3.7200759760208356e-44,3.7200759760208356e-44
1.0,3.7200759760208356e-44,3.7200759760208356e-44,3.7200759760208356e-44
1.0,3.7200759760208356e-44,3.7200759760208356e-44,3.7200759760208356e-44
1.0,3.7200759760208356e-44,3.7200759760208356e-44,3.7200759760208356e-44
1.0,3.7200759760208356e-44,3.7200759760208356e-44,3.7200759760208356e-44
1.0,3.7200759760208356e-44,3.7200759760208356e-44,3.7200759760208356e-44
1.0,3.7200759760208356e-44,3.7200759760208356e-44,3.7200759760208356e-44
1.0,3.7200759760208356e-44,3.7200759760208356e-44,3.7200759760208356e-44
1.0,3.7200759760208356e-44,3.7200759760208356e-44,3.7200759760208356e-44
1.0,3.742332489304011e-44,3.764722159110502e-44,3.742332489304011e-44
1.0,3.7200759760208356e-44,3.7200759760208356e-44,3.7200759760208356e-44
1.0,3.7200759760208356e-44,3.7200759760208356e-44,3.7200759760208356e-44
1.0,3.732262147786312e-44,3.7444882388392714e-44,3.732262147786312e-44
1.0,3.75078977168735e-44,3.7817571474555245e-44,3.75078977168735e-44
1.0,3.7510781528215474e-44,3.7823386939601e-44,3.7510781528215474e-44
1.0,3.7200759760208356e-44,3.7200759760208356e-44,3.7200759760208356e-44
1.0,3.7200759760208356e-44,3.7200759760208356e-44,3.7200759760208356e-44
1.0,3.7200759760208356e-44,3.7200759760208356e-44,3.7200759760208356e-44
1.0,3.7200759760208356e-44,3.7200759760208356e-44,3.7200759760208356e-44
1.0,3.7200759760208356e-44,3.7200759760208356e-44,3.7200759760208356e-44
1.0,3.7200759760208356e-44,3.7200759760208356e-44,3.7200759760208356e-44
1.0,3.7200759760208356e-44,3.7200759760208356e-44,3.7200759760208356e-44
1.0,3.7200759760208356e-44,3.7200759760208356e-44,3.7200759760208356e-44
1.0,3.7200759760208356e-44,3.7200759760208356e-44,3.7200759760208356e-44
1.0,3.7200759760208356e-44,3.7200759760208356e-44,3.7200759760208356e-44
1.0,3.7200759760208356e-44,3.7200759760208356e-44,3.7200759760208356e-44
1.0,3.7200759760208356e-44,3.7200759760208356e-44,3.7200759760208356e-44
1.0,3.7200759760208356e-44,3.7200759760208356e-44,3.7200759760208356e-44
1.0,3.7200759760208356e-44,3.7200759760208356e-44,3.7200759760208356e-44
1.0,3.7200759760208356e-44,3.7200759760208356e-44,3.7200759760208356e-44
1.0,3.7200759760208356e-44,3.7200759760208356e-44,3.7200759760208356e-44
1.0,3.7200759760208356e-44,3.7200759760208356e-44,3.7200759760208356e-44
1.0,3.7200759760208356e-44,3.7200759760208356e-44,3.7200759760208356e-44
1.0,3.7200759760208356e-44,3.7200759760208356e-44,3.7200759760208356e-44
1.0,3.7200759760208356e-44,3.7200759760208356e-44,3.7200759760208356e-44
1.0,3.7339036967239666e-44,3.747782815802049e-44,3.7339036967239666e-44
1.0,3.9477118524437634e-44,4.18927703906598e-44,3.9477118524437634e-44
1.0,3.7200759760208356e-44,3.7200759760208356e-44,3.7200759760208356e-44
1.0,3.7200759760208356e-44,3.7200759760208356e-44,3.7200759760208356e-44
1.0,3.7200759760208356e-44,3.7200759760208356e-44,3.7200759760208356e-44
1.0,3.7200759760208356e-44,3.7200759760208356e-44,3.7200759760208356e-44
1.0,3.7200759760208356e-44,3.7200759760208356e-44,3.7200759760208356e-44
1.0,3.7200759760208356e-44,3.7200759760208356e-44,3.7200759760208356e-44
1.0,3.7200759760208356e-44,3.7200759760208356e-44,3.7200759760208356e-44
1.0,3.7200759760208356e-44,3.7200759760208356e-44,3.7200759760208356e-44
1.0,3.7200759760208356e-44,3.7200759760208356e-44,3.7200759760208356e-44
1.0,3.7200759760208356e-44,3.7200759760208356e-44,3.7200759760208356e-44
1.0,3.7200759760208356e-44,3.7200759760208356e-44,3.7200759760208356e-44
1.0,3.7200759760208356e-44,3.7200759760208356e-44,3.7200759760208356e-44
1.0,3.7200759760208356e-44,3.7200759760208356e-44,3.7200759760208356e-44
1.0,3.7200759760208356e-44,3.7200759760208356e-44,3.7200759760208356e-44
1.0,3.7200759760208356e-44,3.7200759760208356e-44,3.7200759760208356e-44
1.0,3.7200759760208356e-44,3.7200759760208356e-44,3.7200759760208356e-44
1.0,3.7200759760208356e-44,3.7200759760208356e-44,3.7200759760208356e-44
1.0,3.7200759760208356e-44,3.7200759760208356e-44,3.7200759760208356e-44
1.0,3.7200759760208356e-44,3.7200759760208356e-44,3.7200759760208356e-44
1.0,3.7200759760208356e-44,3.7200759760208356e-44,3.7200759760208356e-44
1.0,3.7200759760208356e-44,3.7200759760208356e-44,3.7200759760208356e-44
3.7200759760208356e-44,1.0,3.7200759760208356e-44,3.7200759760208356e-44
2.969807765970288e-38,1.0,3.556347058153023e-41,3.556347058153023e-41
1.183016736579366e-35,1.0,7.340262695855523e-40,7.340262695855523e-40
1.3988665617962786e-43,1.0,7.903777449181037e-44,8.659750047346917e-44
3.4366831815856237e-31,1.0,1.1306954736360928e-37,1.1306954736360928e-37
3.8252829300368574e-14,0.9999999999999617,3.772312703039352e-29,3.772312703039352e-29
7.439062142165514e-44,1.0,5.260596578259551e-44,5.260596578259551e-44
1.0,2.078380752726409e-43,8.793028094599499e-44,8.793028094599499e-44
4.324005394567213e-35,1.0,6.613648064836892e-35,4.738341660649113e-38
1.127482113949982e-32,1.0,3.3027603010984174e-35,2.5398755390869236e-37
2.844783888759452e-39,1.0,1.1116801155799043e-41,1.1116801155799043e-41
4.753671397476155e-44,4.610197054404925e-44,1.0,4.3361086119293244e-44
7.019982485741322e-44,1.0,5.347401480016643e-44,5.18812235825564e-44
0.002655952330476966,0.9973440476695231,9.92678333307146e-24,9.92678333307146e-24
7.03209017268311e-44,1.0,5.114675914719391e-44,5.114675914719391e-44
6.220257797299481e-16,0.9999999999999993,9.731662726060313e-30,6.3077588055964e-30
1.0,1.4656517177468882e-19,8.787663196787077e-31,1.8489859676962945e-31
9.251350906022746e-43,1.0,1.8551476558817104e-43,1.8551476558817104e-43
3.659757642462499e-41,1.0,4.1461397654755174e-42,1.852782316638687e-42
1.3478885131261433e-42,1.0,2.4949612189986867e-43,2.389348155453218e-43
0.004338326329818351,0.9956616736701817,1.2809520943718797e-23,1.3080153722688116e-23
5.049124158677537e-44,1.0,5.337486888490998e-44,4.64552598517843e-44
1.2157944830646114e-19,1.0,2.0760049543824162e-30,2.6298182631010234e-31
4.6042719135642444e-42,1.0,4.290153910870281e-43,4.6100522256881155e-43
6.5045002828571935e-43,1.0,1.6739635793640248e-43,1.6739635793640248e-43
1.4764531137595747e-43,1.0,7.411152243894442e-44,7.411152243894442e-44
2.4603138572352223e-35,1.0,9.566898386505379e-40,9.566898386505379e-40
3.4736112697524135e-40,1.0,3.594731955882265e-42,3.594731955882265e-42
7.34682540226285e-41,1.0,1.7164863649202738e-42,1.6740327966328017e-42
1.4943503189452426e-43,1.0,7.567049757904807e-44,7.794271666441482e-44
3.418988249333788e-25,1.0,1.1277808319280886e-34,1.1277808319280886e-34
2.2395634309247513e-43,1.0,1.4297512272197451e-43,1.0879875773060033e-43
1.0483770634646563e-43,1.0,9.587985402852334e-44,7.204417871719101e-44
3.1644104529270654e-43,1.0,1.2523466029508862e-43,1.1721134938648915e-43
3.49274082449985e-41,1.0,1.2320796822623216e-42,1.169819856110513e-42
5.468673729173321e-43,1.0,1.4263198014678899e-43,1.4263198014678899e-43
0.9999999999999999,9.464137775887515e-17,2.253499913475805e-30,2.1796939814222614e-30
1.0,4.940002786634348e-43,4.940002786634348e-43,6.559980949114441e-42
1.0,3.7200759760208356e-44,3.7200759760208356e-44,3.7200759760208356e-44
1.0,2.7574182047329244e-40,7.421593702142706e-40,7.593796083234602e-37
1.0,6.708524965774338e-42,2.4583620780668504e-41,3.301288380693325e-40
1.0,3.758269158136822e-42,3.796854461050767e-40,3.758269158136822e-42
1.0,7.183105428495553e-42,7.183105428495553e-42,1.3869878983512695e-39
1.0,2.875998713990085e-42,2.875998713990085e-42,2.223440772766179e-40
1.0,3.7200759760208356e-44,3.7200759760208356e-44,3.7200759760208356e-44
1.0,1.7111038002975584e-40,5.708509387607717e-40,2.35914447610379e-37
