0.0,0.0,0.0,-0.4621171572600098,0.0
0.0,0.0,0.0,-0.4621171572600098,0.0
0.0,0.0,0.0,-0.4621171572600098,0.0
0.0,0.0,0.0,-0.4621171572600098,0.0
0.0,0.0,0.0,-0.4621171572600098,0.0
0.0,0.0,0.0,-0.4621171572600098,0.0
0.0,0.0,0.0,-0.4621171572600098,0.0
0.0,0.0,0.0,-0.4621171572600098,0.0
0.0,0.0,0.0,-0.4621171572600098,0.0
0.0,0.0,0.0,-0.4621171572600098,0.0
0.0,0.0,0.0,-0.4621171572600098,0.0
0.0,0.0,0.0,-0.4621171572600098,0.0
0.0,0.0,0.0,-0.4621171572600098,0.0
0.0,0.0,0.0,-0.4621171572600098,0.0
0.0,0.0,0.0,-0.4621171572600098,0.0
0.0,0.0,0.0,-0.4621171572600098,0.0
0.0,0.0,0.0,-0.4621171572600098,0.0
0.0,0.0,0.0,-0.4621171572600098,0.0
0.0,0.0,0.0,-0.4621171572600098,0.0
0.0,0.0,0.0,-0.4621171572600098,0.0
0.0,0.0,0.0,-0.4621171572600098,0.0
0.0,0.0,0.0,-0.4621171572600098,0.0
0.0,0.0,0.0,-0.4621171572600098,0.0
0.0,0.0,0.0,-0.4621171572600098,0.0
0.0,0.0,0.0,-0.4621171572600098,0.0
0.0,0.0,0.0,-0.4621171572600098,0.0
0.0,0.0,0.0,-0.4621171572600098,0.0
0.0,0.0,0.0,-0.4621171572600098,0.0
0.0,0.0,0.0,-0.4621171572600098,0.0
0.0,0.0,0.0,-0.4621171572600098,0.0
0.0,0.0,0.0,-0.4621171572600098,0.0
0.0,0.0,0.0,-0.4621171572600098,0.0
0.0,0.0,0.0,-0.4621171572600098,0.0
0.0,0.0,0.0,-0.4621171572600098,0.0
0.0,0.0,0.0,-0.4621171572600098,0.0
0.0,0.0,0.0,-0.4621171572600098,0.0
0.0,0.0,0.0,-0.4621171572600098,0.0
0.0,-0.4621171572600098,0.0,0.0,0.0
0.0,-0.4621171572600098,0.0,0.0,0.0
-0.12456034525966464,-0.3581351742374158,0.0,-4.433803313574902e-05,0.0
-0.029139254643000045,-0.4388878565609604,0.0,0.0,0.0
-0.04604503961222339,-0.4219668807736152,0.0,-0.0038397829453460375,0.0
-0.22709395160961132,-0.2625793342878573,0.0,0.0,0.0
-0.21805275166791904,-0.2714136512452153,0.0,0.0,0.0
-0.15027606339265098,-0.33493578457749995,0.0,-0.00019970044667139142,0.0
-3.596992912369146e-05,-0.46206482198264043,0.0,-3.057443975873486e-05,0.0
-0.0001437627126046337,-0.46195653086243826,0.0,-6.046095424194764e-05,0.0
-0.00028479317549068295,-0.4618797106919277,0.0,-1.7087590989839363e-05,0.0
-0.08234378046928548,-0.3944315433883865,0.0,-0.00043209762717777433,0.0
-7.130737489013939e-05,-0.4620359099695248,0.0,-3.199689903254921e-05,0.0
-8.645184322619848e-05,-0.4619879667278063,0.0,-7.780665894019378e-05,0.0
-0.0001215657664812575,-0.4619889960639474,0.0,-4.138409089737838e-05,0.0
-6.976073013820194e-05,-0.4620510182679982,0.0,-1.4334396626125567e-05,0.0
-4.6068324411452366e-05,-0.46205542927500765,0.0,-3.241845052315284e-05,0.0
-0.07422977858851565,-0.40166565717289804,0.0,0.0,0.0
-0.027388312504407875,-0.4400794670538436,0.0,-0.0002754820866951446,0.0
-0.00026854287984368064,-0.46186368558934643,0.0,-5.3708577208100294e-05,0.0
-0.028776239417397598,-0.4391811460687114,0.0,0.0,0.0
-0.02484898412955372,-0.44234771471060397,0.0,0.0,0.0
-0.02318578054261411,-0.44368526332144687,0.0,0.0,0.0
-0.008575210140363443,-0.45525089754771375,0.0,-0.00012044129632948763,0.0
-0.04068423537088106,-0.429490459848893,0.0,-2.1572180512685613e-05,0.0
-0.01415820269297663,-0.4508930247142098,0.0,-2.022735547269061e-05,0.0
-0.01949105562318887,-0.4466491379632127,0.0,0.0,0.0
-0.016642665291585867,-0.4489271281884639,0.0,0.0,0.0
-0.02090055961150694,-0.4455196524159013,0.0,0.0,0.0
-0.006343628861466999,-0.4571135566693203,0.0,0.0,0.0
-0.030198810970520684,-0.43803124253227854,0.0,0.0,0.0
-0.002171172062765847,-0.4603737095081878,0.0,-4.342350946073825e-05,0.0
-0.020181380124088655,-0.445524733701512,0.0,-0.0007131433289900846,0.0
-0.030630634337607154,-0.4376818844649031,0.0,0.0,0.0
-0.02611781208366748,-0.441325923589155,0.0,0.0,0.0
-0.011804413167662342,-0.45278268352707973,0.0,0.0,0.0
-0.015947850307037714,-0.4494818874415967,0.0,0.0,0.0
-0.053972692665137156,-0.41858468119521586,0.0,0.0,0.0
-0.00458164767518443,-0.4585062856858879,0.0,0.0,0.0
-0.0052532349776696075,-0.457975708699084,0.0,0.0,0.0
-0.0016602384060233621,-0.460810464002129,0.0,0.0,0.0
-0.0027574776120332656,-0.45994577830350636,0.0,0.0,0.0
-0.002911482456570913,-0.4598243436255448,0.0,0.0,0.0
-0.003949426542871337,-0.4590054605581515,0.0,0.0,0.0
-0.0022347645695364182,-0.4603578148170917,0.0,0.0,0.0
-0.005340027936463598,-0.45790711519659266,0.0,0.0,0.0
-0.006959729950999249,-0.45662603280520275,0.0,0.0,0.0
-0.0027113454761025224,-0.45998215068076975,0.0,0.0,0.0
-0.007799767539361846,-0.4559608579563912,0.0,0.0,0.0
-0.0029845968557467017,-0.459766685980462,0.0,0.0,0.0
-0.0025620531506539423,-0.46009984793680525,0.0,0.0,0.0
-0.00400853010638369,-0.45895880728454286,0.0,0.0,0.0
-0.002761152670060274,-0.4599428806774821,0.0,0.0,0.0
-0.002855145445060492,-0.45986876804642707,0.0,0.0,0.0
-0.0071993578978354344,-0.4564363387815553,0.0,0.0,0.0
-0.0018948941443738265,-0.4606256159682922,0.0,0.0,0.0
-0.005019078312807235,-0.45816073797171486,0.0,0.0,0.0
-0.003117994372810573,-0.4596614793200846,0.0,0.0,0.0
0.0,-0.4621171572600098,0.0,0.0,0.0
0.0,-0.4621171572600098,0.0,0.0,0.0
0.0,-0.4621171572600098,0.0,0.0,0.0
0.0,-0.4621171572600098,0.0,0.0,0.0
0.0,-0.4621171572600098,0.0,0.0,0.0
0.0,-0.4621171572600098,0.0,0.0,0.0
0.0,-0.4621171572600098,0.0,0.0,0.0
0.0,-0.4621171572600098,0.0,0.0,0.0
0.0,-0.461954032342034,0.0,-0.00020740003021024744,0.0
0.0,-0.4621171572600098,0.0,0.0,0.0
0.0,-0.4621171572600098,0.0,0.0,0.0
0.0,-0.4621171572600098,0.0,0.0,0.0
0.0,-0.4621171572600098,0.0,0.0,0.0
0.0,-0.4621171572600098,0.0,0.0,0.0
0.0,-0.4621171572600098,0.0,0.0,0.0
0.0,-0.4621171572600098,0.0,0.0,0.0
0.0,-0.4621171572600098,0.0,0.0,0.0
0.0,-0.4621171572600098,0.0,0.0,0.0
0.0,-0.4621171572600098,0.0,0.0,0.0
0.0,-0.4621171572600098,0.0,0.0,0.0
0.0,-0.4621171572600098,0.0,0.0,0.0
0.0,-0.4621171572600098,0.0,0.0,0.0
0.0,-0.4621171572600098,0.0,0.0,0.0
0.0,-0.4621171572600098,0.0,0.0,0.0
0.0,-0.4621171572600098,0.0,0.0,0.0
0.0,-0.4621171572600098,0.0,0.0,0.0
0.0,-0.4621171572600098,0.0,0.0,0.0
0.0,-0.4621171572600098,0.0,0.0,0.0
0.0,-0.4621171572600098,0.0,0.0,0.0
0.0,-0.4621171572600098,0.0,0.0,0.0
0.0,-0.4621171572600098,0.0,0.0,0.0
0.0,-0.4621171572600098,0.0,0.0,0.0
0.0,-0.4621171572600098,0.0,0.0,0.0
0.0,-0.4621171572600098,0.0,0.0,0.0
0.0,-0.4621171572600098,0.0,0.0,0.0
0.0,-0.4621171572600098,0.0,0.0,0.0
0.0,-0.4621171572600098,0.0,0.0,0.0
0.0,-0.4621171572600098,0.0,0.0,0.0
-0.4563051335107112,-0.0073650697152612965,0.0,0.0,0.0
-0.1797310120933121,-0.30788399852737336,0.0,-8.915834498479658e-05,0.0
-0.07822757383204604,-0.3904571199691943,0.0,-0.009272731251494526,0.0
-0.4046372761203534,-0.0685098081328328,0.0,-0.0022009286056628996,0.0
-0.43325974464369543,-0.03608154213413939,0.0,0.0,0.0
-0.45447593744705994,-0.009672688835438814,0.0,0.0,0.0
-0.19134003361579632,-0.2945050037358804,0.0,-0.002780241946766404,0.0
-0.029521866552721154,-0.43783763818293586,0.0,-0.0009170943870560055,0.0
-0.3154740443267249,-0.17091268422268768,0.0,-0.0007804368862950328,0.0
-0.0019099293221807034,-0.3384421697490412,0.0,-0.14473441103717877,0.0
-0.09596758548860485,-0.3781715600628752,0.0,-0.005811742683597743,0.0
-0.04788117445612938,-0.4066042734978349,0.0,-0.020543165641446315,0.0
-0.0008530341581901579,-0.4591409936031663,0.0,-0.0029246809127196904,0.0
-0.07270415133287589,-0.3758552863213732,0.0,-0.03193218433942835,0.0
-0.007677103423101572,-0.3704813226158602,0.0,-0.10297554715747881,0.0
-0.001827873059483509,-0.4603783720899215,0.0,-0.0003808072930928663,0.0
-0.45577081996734237,-0.008039643009641328,0.0,0.0,0.0
-0.40117706574963863,-0.07463998705141506,0.0,-0.00016995241168793473,0.0
-0.10483863333382237,-0.37532649616474234,0.0,-0.00016605778658396186,0.0
-0.021742456706816293,-0.41699021420594107,0.0,-0.03419759462817973,0.0
-0.023192236599459126,-0.4419774653196644,0.0,-0.0021179286560154553,0.0
-0.17136224517218002,-0.3156761988317468,0.0,-9.279881190871198e-05,0.0
-0.054005527584589874,-0.41793632615641163,0.0,-0.0007528985175786485,0.0
-0.09257068227877419,-0.38543325386646654,0.0,-0.0007382033738497773,0.0
-0.015363707767600876,-0.4499480051691369,0.0,0.0,0.0
-0.0668974550725745,-0.4057567007449414,0.0,-0.0024813844852942246,0.0
-0.17340514475035917,-0.3137255596519397,0.0,-0.0001523925620633415,0.0
-0.19953743171626726,-0.2888312089899775,0.0,-0.0004586184678107008,0.0
0.0,-0.41676187038418944,0.0,-0.05617399433927761,0.0
0.0,-0.43837382659133173,0.0,-0.029775190803543627,0.0
-0.2835932630649797,-0.2054486158616201,0.0,0.0,0.0
-0.002835628613384711,-0.4177709822755242,0.0,-0.052128411780157036,0.0
-0.07611655581426235,-0.39561918298625187,0.0,-0.005291400303909843,0.0
-0.046347656067254994,-0.4243509366372107,0.0,-0.000632466535485432,0.0
-0.034641335891349545,-0.43407438616405847,0.0,-0.0004386734233442491,0.0
-0.006046146317141066,-0.4571008889524666,0.0,-0.0003135076930608216,0.0
-0.31501246029923213,-0.17216759170870666,0.0,0.0,0.0
-0.1634119434894935,-0.322680287315549,0.0,-0.000473709107152942,0.0
-0.0006555226855217144,-0.4606337056393641,0.0,-0.0012291045924700539,0.0
-0.16902309453570208,-0.31792684259378035,0.0,0.0,0.0
-0.003037525915078554,-0.4596821650119519,0.0,-5.424170096657299e-05,0.0
-0.008763068315230216,-0.4493231679775104,0.0,-0.007384662923297647,0.0
-0.02293473533550272,-0.44380008714191677,0.0,-0.00010820168752401216,0.0
-0.07368659385049325,-0.39663333303665005,0.0,-0.00653212424064209,0.0
-0.017072285843083956,-0.44533324665266993,0.0,-0.004062180131422344,0.0
-0.26626344890997633,-0.22333379457781544,0.0,0.0,0.0
-0.326910475492448,-0.15926734997850034,0.0,0.0,0.0
-0.004884508223165218,-0.36904958221386397,0.0,-0.10737750912589039,0.0
-0.00023698928364757066,-0.24996891688910416,0.0,-0.23963171439932474,0.0
-0.00537629228540959,-0.334630564573585,0.0,-0.14554891127916636,0.0
0.0,-0.330967456750622,0.0,-0.15483034174164412,0.0
-0.03412860726714728,-0.4348466977114728,0.0,0.0,0.0
-0.06573557276356934,-0.4080782280814267,0.0,-0.0008661906225353455,0.0
-0.00036807233588653787,-0.4555583835887931,0.0,-0.007939679619739182,0.0
-0.44753926785520715,-0.01551914345470995,0.0,-0.002860613012642288,0.0
-0.37828671306108086,-0.09138797421269618,0.0,-0.01029723161346685,0.0
-0.01729733259845212,-0.4273796328255197,0.0,-0.026008746999443222,0.0
-0.09470158087688119,-0.38407919774388544,0.0,-0.0001777935797782071,0.0
-0.3941373632834331,-0.07807840581758008,0.0,-0.005073387712563382,0.0
-0.0020694016941755766,-0.45210648985436097,0.0,-0.010585405306100526,0.0
-0.11491246219234041,-0.3636649715081174,0.0,-0.0034746830938169326,0.0
-0.002968486923617175,-0.45921284121301464,0.0,-0.0007181843062843418,0.0
-0.42627915590639576,-0.04417013602951425,0.0,-0.00046040512400657985,0.0
-0.43550211391548,-0.03313216591927115,0.0,-0.00018903591457242186,0.0
-0.3410950745577138,-0.1436678557912886,0.0,0.0,0.0
-0.2899176183392701,-0.1987925941746066,0.0,-4.852484468242935e-05,0.0
-0.008758260831466691,-0.45481058366650284,0.0,-0.0004926647291352282,0.0
-0.3001485051567726,-0.18805220225765396,0.0,0.0,0.0
-0.2707663683813796,-0.21871805737892835,0.0,0.0,0.0
-0.09560215184751397,-0.38288170640278696,0.0,-0.0006729474085109821,0.0
-0.013946346485935401,-0.45100672173783396,0.0,-8.940545349434004e-05,0.0
-0.003174172648698126,-0.4576066902257594,0.0,-0.0025459540282837256,0.0
-0.04192692941304954,-0.42255441015589157,0.0,-0.007250753394402065,0.0
-0.14859173184455154,-0.3255608848447681,0.0,-0.012444518241924829,0.0
-0.09248284297770637,-0.3849793662969606,0.0,-0.0013597725330392052,0.0
-0.016314514845078842,-0.4491891771957084,0.0,0.0,0.0
-0.09238764744803107,-0.3806224057451346,0.0,-0.006560745652831268,0.0
-0.43132549926759445,-0.038457024079345814,0.0,0.0,0.0
-0.3789632019373571,-0.1006539568480701,0.0,-0.0001556178014203713,0.0
-0.032643190157870206,-0.4357941745934033,0.0,-0.00031806614703511205,0.0
-0.04900295398253618,-0.42140564173080797,0.0,-0.0015578108792415613,0.0
-0.3274619646440705,-0.15866535282947059,0.0,0.0,0.0
-0.02691255586839525,-0.36766060528829203,0.0,-0.0871439881441124,0.0
-0.001557237798475386,-0.4600956846264542,0.0,-0.001010100666564262,0.0
-0.00636992021286209,-0.45709275787910353,0.0,0.0,0.0
-0.13695347455746787,-0.34685151915507784,0.0,-0.0003202869661793617,0.0
-0.058124299114565736,-0.4138884963882322,0.0,-0.0015156424466663543,0.0
-0.09788262382384094,-0.38149058874367103,0.0,0.0,0.0
-0.0016628425040833283,-0.44480972399809304,0.0,-0.020123429784900337,0.0
-5.062265865873883e-05,-0.40970246585751746,0.0,-0.06460564643347166,0.0
-0.0012226427457080469,-0.4611550690605565,0.0,0.0,0.0
-0.2788953923709613,-0.2103295278493399,0.0,0.0,0.0
-0.05899463276554551,-0.3989694280673757,0.0,-0.018512007863824564,0.0
-0.0021412307775611206,-0.45963915959027957,0.0,-0.0010050687054453666,0.0
-0.0057011925049835765,-0.4573962283451971,0.0,-0.000285062706075756,0.0
-0.011473965742925474,-0.45108906336665444,0.0,-0.002458809896110248,0.0
-0.06032297919768226,-0.41145731728043955,0.0,-0.0022394099372556875,0.0
-0.08718470191256944,-0.39003924312009597,0.0,-0.0007470649624069514,0.0
-0.3738186245367431,-0.10653397974707035,0.0,-0.00020552167964393853,0.0
-0.010224238196099078,-0.453267410339545,0.0,-0.0009704696800829637,0.0
-0.20351651885826294,-0.28535330088242206,0.0,-0.0001013993101370847,0.0
-0.006555329221062833,-0.4359527290183637,0.0,-0.026215684331225786,0.0
-0.04327929280413889,-0.42700080389546213,0.0,-0.0004707211100265507,0.0
-0.030671105627889772,-0.4375199369369037,0.0,-0.0001597954604487528,0.0
-0.009619741970527396,-0.4544699456002962,0.0,-6.050338811591782e-05,0.0
-0.12222534879286906,-0.36023898180280156,0.0,0.0,0.0
-0.02904222630307607,-0.42071715496578244,0.0,-0.022382766664369336,0.0
-6.094587998284329e-05,-0.4527679449442681,0.0,-0.011762012401314248,0.0
-0.011451350310413555,-0.4523237349846987,0.0,-0.0009302621298065139,0.0
-0.0011298269637906033,-0.4609855239477584,0.0,-0.0003081347478485208,0.0
-0.07675112720769195,-0.3978009449804527,0.0,-0.002063887952510113,0.0
-0.03842497296074854,-0.4206228250706414,0.0,-0.013106861731766783,0.0
-0.03092634253638149,-0.43006976898409754,0.0,-0.009081262454459393,0.0
-0.14409979339580792,-0.34070526360484354,0.0,0.0,0.0
-0.04699628042375992,-0.3594871451214332,0.0,-0.07652237524870065,0.0
-0.039248369625742074,-0.3347528102231234,0.0,-0.1120871312698547,0.0
-0.0007323323480261656,-0.29133774417002045,0.0,-0.19664501524319988,0.0
-0.3495052080498915,-0.13430364733309974,0.0,0.0,0.0
-0.10861833040555968,-0.36258742600434957,0.0,-0.011089227189838291,0.0
-0.06987467703144912,-0.40438859518796755,0.0,-0.0011268306236080772,0.0
-0.0473539601254529,-0.423409485108424,0.0,-0.0007716047851404895,0.0
-0.42713190001114487,-0.0408938250405525,0.0,-0.0027000765178928354,0.0
-0.4540544406412982,-0.010051443382090075,0.0,-0.00015229972468289166,0.0
-0.3563315548388599,-0.12226771356809873,0.0,-0.004439861536639,0.0
-0.29531825808466783,-0.18834166231579852,0.0,-0.004999958333749888,0.0
-0.3641956944054334,-0.11610540481509235,0.0,-0.0016538751790017292,0.0
-0.3250724174693882,-0.16008393862254056,0.0,-0.0012186623493518622,0.0
-0.007670418801142942,-0.45205732756432127,0.0,-0.005046384291872985,0.0
-0.0033821742512541997,-0.4436576226203922,0.0,-0.019839560980367543,0.0
-0.00829177747140808,-0.4540498713870824,0.0,-0.0019178676846517417,0.0
-0.03237877018302049,-0.43208587044502245,0.0,-0.0051513198986483655,0.0
-0.004905621025341311,-0.4454877577044486,0.0,-0.016036360973995967,0.0
-0.09209498736571986,-0.3641705210792817,0.0,-0.025951766846316837,0.0
-0.3078958643342442,-0.17764121973306202,0.0,-0.0022347645695364182,0.0
-0.4226068146801132,-0.04909909420099101,0.0,0.0,0.0
-0.04196083837149478,-0.41683368567052836,0.0,-0.01415984057330777,0.0
-0.4168238172742865,-0.05570362245547744,0.0,-0.00039687787306341704,0.0
-0.18020244291281595,-0.30729664688537295,0.0,-0.0002506768221831601,0.0
-0.0356314561776957,-0.4332179933010153,0.0,-0.0005020639988728703,0.0
-0.02024760056962871,-0.4459447590105192,0.0,-0.0001227295035565179,0.0
-0.08231366724290823,-0.38567049246736873,0.0,-0.010795262346342094,0.0
-0.033124587446819564,-0.4355677184187501,0.0,-0.00011566042048816172,0.0
-0.006163702394691883,-0.4566753243687438,0.0,-0.0007337832554451529,0.0
-0.023588500163082338,-0.4430482230005226,0.0,-0.0003899648833911584,0.0
-0.3838450638764428,-0.09514991808838547,0.0,0.0,0.0
-0.08235363206811164,-0.3870843688442446,0.0,-0.009093202073793494,0.0
-0.06093458272246055,-0.4091354589550059,0.0,-0.004417374167786425,0.0
-0.0002477547177549555,-0.4618492016445349,0.0,-9.290802079187088e-05,0.0
-0.3843710426761786,-0.09453845620989898,0.0,0.0,0.0
-0.06295124330068158,-0.4068735658700028,0.0,-0.0051065558924303645,0.0
-0.0003108808190004364,-0.39858783699246403,0.0,-0.0775640965935025,0.0
-9.105809481302352e-05,-0.45286535541986495,0.0,-0.011609385515958137,0.0
-0.3920900233090515,-0.08539562008430868,0.0,-0.00012853470366236408,0.0
-0.010256989853015819,-0.45401215368541004,0.0,0.0,0.0
-0.45049029039777855,-0.014683711540026456,0.0,0.0,0.0
-0.0729607710611141,-0.3996209116135141,0.0,-0.003711617502734632,0.0
-0.0702275359679333,-0.3994938927764786,0.0,-0.006610006333516938,0.0
-0.03928190917279695,-0.43034583910490676,0.0,-0.0003768181297268969,0.0
-0.024733154849515326,-0.44091391602284535,0.0,-0.0018970989534401461,0.0
-0.0016103831482191522,-0.45900284399718705,0.0,-0.0023423732291856236,0.0
-0.04137507958486708,-0.42757598256348195,0.0,-0.001674703686230239,0.0
-0.01359843641617231,-0.44909618309815547,0.0,-0.0028331746497282095,0.0
-0.26076317131500304,-0.22853092495572358,0.0,-0.00043402775052370224,0.0
-0.057488625259201065,-0.41360126947188247,0.0,-0.002499994791679505,0.0
-0.0002510460198308362,-0.4547144208414816,0.0,-0.009121085958996411,0.0
-0.014699824812109186,-0.4330382859545836,0.0,-0.021665541839717806,0.0
-0.008515868223932577,-0.45522464589855793,0.0,-0.0002129018490293344,0.0
-0.006908189526218078,-0.4565919256579263,0.0,-9.463423838518281e-05,0.0
-0.023749309817867936,-0.4429895104567515,0.0,-0.000302114794433761,0.0
-0.00930360263027541,-0.4418594049350191,0.0,-0.016155763146626145,0.0
-6.84556406379544e-05,-0.45790754095651975,0.0,-0.005271035520042933,0.0
-0.0028551772574472167,-0.4591930651953241,0.0,-0.0008565552953155864,0.0
-0.034716920400594375,-0.3994095202850668,0.0,-0.0422976941997012,0.0
-0.32527721543704613,-0.16104807334598858,0.0,0.0,0.0
-0.09305801264735758,-0.3708552756991582,0.0,-0.017255850691042185,0.0
-0.12777669847654682,-0.3553214078682213,0.0,0.0,0.0
-0.224722817781564,-0.264904180239111,0.0,0.0,0.0
-0.03458827300420464,-0.2958543364973545,0.0,-0.159065515820221,0.0
0.0,-0.4621171572600098,0.0,0.0,0.0
0.0,0.0,0.0,-0.4621171572600098,0.0
0.0,0.0,0.0,-0.4621171572600098,0.0
-0.00236586877499545,-0.18956943316701635,-0.2898063160535769,-0.00047317460252571664,-0.0069155190755785245
0.0,-0.4621063434944187,0.0,-1.3750051561789434e-05,0.0
0.0,0.0,0.0,-0.4621171572600098,0.0
0.0,-0.4621171572600098,0.0,0.0,0.0
0.0,0.0,0.0,-0.4621171572600098,0.0
0.0,-0.4621171572600098,0.0,0.0,0.0
0.0,-0.0005068968261130458,0.0,-0.46171841599683106,0.0
0.0,-0.4621171572600098,0.0,0.0,0.0
0.0,0.0,0.0,-0.4621171572600098,0.0
0.0,-0.4621171572600098,0.0,0.0,0.0
0.0,0.0,0.0,-0.4621171572600098,0.0
0.0,-0.4621171572600098,0.0,0.0,0.0
0.0,0.0,0.0,-0.4621171572600098,0.0
0.0,-0.4621171572600098,0.0,0.0,0.0
0.0,-0.4621171572600098,0.0,0.0,0.0
0.0,0.0,0.0,-0.4621171572600098,0.0
0.0,-0.4621171572600098,0.0,0.0,0.0
-2.5008753058330946e-05,0.0,0.0,-0.4620974889555567,0.0
0.0,-0.4621171572600098,0.0,0.0,0.0
0.0,-5.995922765322792e-05,0.0,-0.4620700011547412,0.0
0.0,-0.4621171572600098,0.0,0.0,0.0
0.0,0.0,0.0,-0.4621171572600098,0.0
0.0,-0.4621171572600098,0.0,0.0,0.0
0.0,0.0,0.0,-0.4621171572600098,0.0
0.0,-0.4621037027931658,0.0,-1.7107761789869613e-05,0.0
0.0,0.0,0.0,-0.4621171572600098,0.0
0.0,-0.4621121607540255,0.0,-6.353240152412454e-06,0.0
-0.00024610335844410525,0.0,0.0,-0.46192358781730747,0.0
0.0,-0.46211248818360995,0.0,-5.9369025992017654e-06,0.0
0.0,-0.4621171572600098,0.0,0.0,0.0
-0.07247715747040073,-0.40115032514743176,0.0,-0.0023764142559858925,0.0
0.0,-0.4621171572600098,0.0,0.0,0.0
-0.0009800837789001315,-0.45658615848006034,0.0,-0.0060300626261804435,0.0
0.0,-0.4621171572600098,0.0,0.0,0.0
-0.05685785637338647,-0.4121866933321283,0.0,-0.004838098145402481,0.0
0.0,-0.4621171572600098,0.0,0.0,0.0
-0.035218998394454526,-0.4173579757156133,0.0,-0.020275218751188873,0.0
-0.4621171572600098,0.0,0.0,0.0,0.0
-0.028201264879331167,-0.43750120910076795,0.0,-0.0026549344407177378,0.0
-7.562008455042069e-05,-0.462057683937633,0.0,0.0,0.0
-0.0023421858568014597,-0.4574237870824517,0.0,-0.0036092609363624906,0.0
-0.4610693123932077,-0.0013315571357989109,0.0,0.0,0.0
-0.0021094992201289298,-0.45093453386797333,0.0,-0.012017192429796708,0.0
0.0,-0.4621171572600098,0.0,0.0,0.0
-0.00364058388682853,-0.44965886717078585,0.0,-0.012086203349052416,0.0
-0.00010686614974009245,-0.46201209497315787,0.0,-2.671653753039127e-05,0.0
-0.0007444802384197757,-0.4612750922109671,0.0,-0.0003257101529655637,0.0
-0.4621171572600098,0.0,0.0,0.0,0.0
-0.046448320259936504,-0.4211417874164707,0.0,-0.004439034603652026,0.0
-0.4611117599384268,-0.0012776484304032332,0.0,0.0,0.0
-0.017697267142029904,-0.4353391543124997,0.0,-0.015833978012228633,0.0
0.0,-0.4619931140159873,0.0,-0.00015771449040102858,0.0
-0.055880023201683615,-0.4134265487291764,0.0,-0.004324519993623266,0.0
0.0,-0.4621171572600098,0.0,0.0,0.0
-0.0008274229790227183,-0.4576745089114851,0.0,-0.004806897570506674,0.0
0.0,-0.4619468151205294,0.0,-0.00021657522040829935,0.0
-0.06939761578078596,-0.4022654118009429,0.0,-0.004141862466403801,0.0
-0.46188713707962803,-0.0002924404069288844,0.0,0.0,0.0
-0.018414422832904842,-0.44630070197129124,0.0,-0.001512204507283843,0.0
0.0,-0.4621171572600098,0.0,0.0,0.0
-0.06023930771076769,-0.4093591669029122,0.0,-0.004846488709854713,0.0
-0.46205945554346484,-7.33675714017501e-05,0.0,0.0,0.0
-0.03843542527857302,-0.42793389686092953,0.0,-0.004180956171298433,0.0
-0.4619544171551605,-0.0002069108184831192,0.0,0.0,0.0
0.0,-0.4613191692000028,0.0,-0.0010141984352268762,0.0
-0.04232321304293063,-0.42334719263641307,0.0,-0.005888326329958948,0.0
-0.0001546431596735065,-0.445788970981261,0.0,-0.02041006245339616,0.0
0.0,-0.4621171572600098,0.0,0.0,0.0
-0.004323955334177065,-0.4508467144219457,0.0,-0.009913195607181291,0.0
-4.1774584318532426e-05,-0.46208430309863535,0.0,0.0,0.0
-0.012277802262596116,-0.4466967427790641,0.0,-0.007155512934849395,0.0
-0.4617448175623894,-0.0004733413763423622,0.0,0.0,0.0
-0.007667994570023318,-0.4491230965254751,0.0,-0.008730376851217692,0.0
0.0,-0.46156404459465206,0.0,-0.000703076547631909,0.0
-4.344048650606336e-05,-0.4580763073640953,0.0,-0.005082493160526891,0.0
-0.44799538152516116,-0.017808631817211706,0.0,0.0,0.0
-0.07798201810586392,-0.39712370384415263,0.0,-0.0016298882257193004,0.0
-0.4621171572600098,0.0,0.0,0.0,0.0
-0.02770284791010047,-0.42795148804427074,0.0,-0.01490277284783359,0.0
-0.4620645116973744,-6.693888469821996e-05,0.0,0.0,0.0
-0.03917425891656234,-0.42361289958081094,0.0,-0.008718597194057764,0.0
0.0,-0.4621171572600098,0.0,0.0,0.0
-0.038677234224312906,-0.42708422459885953,0.0,-0.00497846079239761,0.0
-0.4620470984584544,-8.907892369092174e-05,0.0,0.0,0.0
-0.0007386886929735548,-0.4606999379458082,0.0,-0.0010618647901845524,0.0
-0.46164649052356166,-0.0005983062614505208,0.0,0.0,0.0
-0.06685075020149511,-0.40560978346040766,0.0,-0.0027041578218099938,0.0
-0.4620599716162923,-7.271140829179235e-05,0.0,0.0,0.0
-0.006866810386329081,-0.45310082375723526,0.0,-0.004537756983070795,0.0
-0.00014398156936412665,-0.4620039157465171,0.0,0.0,0.0
-0.0012141491703979712,-0.4550166810854227,0.0,-0.007776964688250287,0.0
0.0,-0.4621171572600098,0.0,0.0,0.0
-0.017899440155553892,-0.4475421135601654,0.0,-0.00047609975454343534,0.0
0.0,-0.4621171572600098,0.0,0.0,0.0
-0.0018684959570182125,-0.4598005828517594,0.0,-0.0010731235149415985,0.0
0.0,-0.4621171572600098,0.0,0.0,0.0
-0.01659186823119574,-0.42793642794850806,0.0,-0.026032976356697435,0.0
0.0,-0.4621171572600098,0.0,0.0,0.0
-0.04223136365813063,-0.41810929320148305,0.0,-0.01234430667418418,0.0
-0.4473463860881428,-0.018620022047015405,0.0,0.0,0.0
-0.021742091724591184,-0.4406155699904778,0.0,-0.005260016137061951,0.0
-0.4621171572600098,0.0,0.0,0.0,0.0
-0.0004022525929461285,-0.457464717402029,0.0,-0.005497397019472494,0.0
0.0,-0.46188676646387294,0.0,-0.00029291153233779177,0.0
-0.0045922694773594674,-0.45018002036228255,0.0,-0.0104812820083805,0.0
-0.4613678012985324,-0.0009524169469634636,0.0,0.0,0.0
-0.000834918838266141,-0.44941085798784586,0.0,-0.01520212182062286,0.0
-0.4621171572600098,0.0,0.0,0.0,0.0
-0.4417290360439957,-0.025617419586272394,0.0,0.0,0.0
0.0,-0.4621171572600098,0.0,0.0,0.0
-0.4619038276432602,-0.0002712232100566814,0.0,0.0,0.0
-0.04102174262329372,-0.39831265068292643,0.0,-0.037296125406522274,0.0
-8.507742024754794e-05,-0.46205024568505193,0.0,0.0,0.0
0.0,-0.2449186624037092,0.0,-0.2449186624037092,0.0
-0.4606270345577145,-0.0018930935068778298,0.0,0.0,0.0
0.0,-0.2449186624037092,0.0,-0.2449186624037092,0.0
-4.2098172914339926e-05,-0.46205093865835445,0.0,-4.2098172914339926e-05,0.0
-2.364625206463522e-05,-0.4620985605154675,0.0,0.0,0.0
0.0,-0.4537096768303678,0.0,-0.01063789656645897,0.0
0.0,0.0,0.0,-0.4621171572600098,0.0
0.0,-0.4621171572600098,0.0,0.0,0.0
-0.46194815729897776,-0.00021486892664601687,0.0,0.0,0.0
-0.00028700992266283976,-0.4618914090155044,0.0,0.0,0.0
0.0,-0.4621171572600098,0.0,0.0,0.0
0.0,-0.462045717461267,0.0,-9.08347713007851e-05,0.0
-0.4620843825109564,-4.1673612244608194e-05,0.0,0.0,0.0
0.0,-0.2449186624037092,0.0,-0.2449186624037092,0.0
-8.223346060998171e-05,-0.4620524824836011,0.0,0.0,0.0
-0.46195166823622547,-0.00021040550569384475,0.0,0.0,0.0
0.0,-0.4621171572600098,0.0,0.0,0.0
0.0,-0.4621171572600098,0.0,0.0,0.0
-0.4598749162598127,-0.002847348331652566,0.0,0.0,0.0
-0.4617727108371351,-0.00043788888650853064,0.0,0.0,0.0
-0.05549847010902631,-0.14344818560194528,0.0,-0.2913126124515909,0.0
-0.4539527300612668,-0.010331832189649615,0.0,0.0,0.0
0.0,-0.2449186624037092,0.0,-0.2449186624037092,0.0
0.0,-0.46204354421728056,0.0,-9.359790313367977e-05,0.0
0.0,0.0,0.0,-0.4621171572600098,0.0
0.0,-0.4621171572600098,0.0,0.0,0.0
-0.4621171572600098,0.0,0.0,0.0,0.0
0.0,-0.0831409664335997,0.0,-0.39411856793081457,0.0
-0.4621171572600098,0.0,0.0,0.0,0.0
-0.4617714801686621,-0.00043945309671100663,0.0,0.0,0.0
0.0,-0.4621171572600098,0.0,0.0,0.0
-3.673634324774522e-05,-0.46136565422265396,0.0,-0.0009184083233918505,0.0
0.0,-0.4621171572600098,0.0,0.0,0.0
-5.584720199702797e-05,-0.4620732352210688,0.0,0.0,0.0
-0.45334397193281206,-0.011098245966717935,0.0,0.0,0.0
-0.4553345705223164,-0.008590097073599812,0.0,0.0,0.0
-3.511975836156811e-05,-0.46186854226512875,0.0,-0.0002809580596158101,0.0
-9.158068232517635e-05,-0.4620451307917791,0.0,0.0,0.0
-0.46178685118395335,-0.0004199159921154383,0.0,0.0,0.0
-0.4620570659167429,-7.640586782198255e-05,0.0,0.0,0.0
-0.4621171572600098,0.0,0.0,0.0,0.0
0.0,-0.4621171572600098,0.0,0.0,0.0
0.0,-0.4621171572600098,0.0,0.0,0.0
-5.9545075551836746e-05,-0.46207032688171057,0.0,0.0,0.0
-0.35965237942263406,-0.1228333651657042,0.0,-5.663155504209705e-05,0.0
-0.4571661178476458,-0.0062771844293266765,0.0,0.0,0.0
-0.46143718128640343,-0.000864271541908268,0.0,0.0,0.0
-0.4607807225816415,-0.0016979971552556483,0.0,0.0,0.0
-0.3723882785118454,-0.10832899830059672,0.0,-5.120327696506166e-05,0.0
0.0,-0.4620093686525625,0.0,-0.00013704887990961812,0.0
-0.00010911669987778705,-0.46203133835136934,0.0,0.0,0.0
0.0,-0.4621171572600098,0.0,0.0,0.0
-0.4621171572600098,0.0,0.0,0.0,0.0
-0.445889961955412,-0.02043864831554454,0.0,0.0,0.0
-0.44172236011214194,-0.025625708477212683,0.0,0.0,0.0
0.0,-0.46145458794801253,0.0,-0.0008421557200598562,0.0
-0.4609896956355084,-0.0014326637762528405,0.0,0.0,0.0
-0.00013975263692123097,-0.4619935016134977,0.0,-1.7469079727217007e-05,0.0
0.0,-0.4621171572600098,0.0,0.0,0.0
0.0,-0.4615458662995333,0.0,-0.0007261757186292073,0.0
-0.2733829826965112,-0.21602578493238156,0.0,0.0,0.0
0.0,0.0,0.0,-0.4621171572600098,0.0
0.0,-0.0031844021248290666,0.0,-0.4596091006551095,0.0
0.0,0.0,0.0,-0.4621171572600098,0.0
0.0,-0.0010836353697675216,0.0,-0.4612645077017623,0.0
0.0,-0.0007682175837318006,0.0,-0.46151277972489024,0.0
0.0,0.0,0.0,-0.4621171572600098,0.0
0.0,0.0,0.0,-0.4621171572600098,0.0
0.0,0.0,0.0,-0.4621171572600098,0.0
0.0,0.0,0.0,-0.4621171572600098,0.0
0.0,-0.001566132268022824,0.0,-0.46088458402995003,0.0
0.0,-0.004811688671176539,0.0,-0.45832458258071684,0.0
0.0,-0.002757208970092462,0.0,-0.45994599011579673,0.0
-0.0003651212189278441,-0.4617947863831807,0.0,-4.4708722642061716e-05,0.0
-0.0003877304648024493,-0.46177827897042956,0.0,-4.308116488804803e-05,0.0
-8.456897989650436e-05,-0.4620395597924738,0.0,-1.4094830015354276e-05,0.0
-7.256367449726131e-05,-0.4619744764568051,0.0,-0.00010884551150691646,0.0
-7.881462783165816e-05,-0.46180718289970135,0.0,-0.00031525850153546475,0.0
-0.00027440053347094207,-0.46190132821429286,0.0,0.0,0.0
-0.03709234986733001,-0.29737787145362127,0.0,-0.15499073037162336,0.0
0.0,-0.4621171572600098,0.0,0.0,0.0
0.0,-0.4621171572600098,0.0,0.0,0.0
0.0,-0.4621171572600098,0.0,0.0,0.0
0.0,-0.3484130125386121,0.0,-0.1355246470766871,0.0
-0.4566297247799922,-0.002318388427409168,0.0,-0.004636751932624805,0.0
-0.38182316614914247,-0.01854761972828356,0.0,-0.07909246423900163,0.0
-0.027770635492009754,-0.43999307928923514,0.0,0.0,0.0
0.0,-0.4621171572600098,0.0,0.0,0.0
-0.0384425844212164,-0.43133726987558463,0.0,0.0,0.0
0.0,-0.304810954186844,0.0,-0.18309693987867126,0.0
0.0,-0.4621171572600098,0.0,0.0,0.0
0.0,-0.4621171572600098,0.0,0.0,0.0
-0.46014085363740753,-0.0020080294295939938,0.0,-0.0005020079899578089,0.0
-0.4611480745446177,0.0,0.0,-0.0012315264709942264,0.0
0.0,-0.4621171572600098,0.0,0.0,0.0
0.0,-0.4621171572600098,0.0,0.0,0.0
0.0,-0.4621171572600098,0.0,0.0,0.0
0.0,-0.4621171572600098,0.0,0.0,0.0
-0.34041826150240584,-0.010308913138481035,0.0,-0.13430873791586861,0.0
-0.001556915958215055,-0.46082581422015423,0.0,-8.383400375278072e-05,0.0
-0.014255080035840528,-0.4448468623266879,0.0,-0.007486505455737369,0.0
-0.023008490851135543,-0.36336134654526664,0.0,-0.09593832933721058,0.0
0.0,-0.4621171572600098,0.0,0.0,0.0
0.0,-0.4621171572600098,0.0,0.0,0.0
0.0,-0.4621171572600098,0.0,0.0,0.0
-0.04202680819816618,-0.4283315534678621,0.0,-9.686629923044698e-05,0.0
-0.03933352421192515,-0.43046842571544564,0.0,-0.00017466400505228297,0.0
0.0,-0.45801123005145505,0.0,-0.0052082862388164175,0.0
-0.0007367274361884668,-0.4615108022556098,0.0,-3.40028108858359e-05,0.0
-0.005681757040452595,-0.4576369890189378,0.0,0.0,0.0
-0.4621171572600098,0.0,0.0,0.0,0.0
-0.4620904316427906,-3.398216614591831e-05,0.0,0.0,0.0
-3.2237058433803867e-06,-0.4620740564739205,0.0,-5.157929344690171e-05,0.0
-0.00035855820316599285,-0.46171634412615536,0.0,-0.00015097188034007836,0.0
-0.02830159987751013,-0.4385476011131859,0.0,-0.0012597006940860966,0.0
0.0,-0.4621171572600098,0.0,0.0,0.0
-0.0012111616632427546,-0.4611369275911792,0.0,-3.45224395719157e-05,0.0
-0.00034501659224972503,-0.4618457764747662,0.0,0.0,0.0
-0.4621171572600098,0.0,0.0,0.0,0.0
-0.0497420881082532,-0.4220059379616202,0.0,-8.673026864625122e-05,0.0
-0.03372324556235007,-0.4351757295957529,0.0,0.0,0.0
-0.01705666950820406,-0.44853986593959505,0.0,-7.078142683525357e-05,0.0
-0.013951258756787155,-0.45099842083923214,0.0,-9.49126800492417e-05,0.0
-0.03674252719059068,-0.43272196878903024,0.0,0.0,0.0
-0.03173707790658653,-0.4366119010488919,0.0,-0.00021523891187202882,0.0
-0.007873226846831005,-0.45577665767190956,0.0,-0.00015905837308194393,0.0
-0.03720573745089484,-0.4321748586168951,0.0,-0.00020911752100039038,0.0
-0.02345185746235756,-0.44347142388309013,0.0,0.0,0.0
-0.009996219937355,-0.454219168587773,0.0,0.0,0.0
0.0,-0.4621171572600098,0.0,0.0,0.0
-0.04319557996277301,-0.4273560388902884,0.0,-0.0001200624318880017,0.0
0.0,-0.4621171572600098,0.0,0.0,0.0
-0.020216538934609285,-0.44598738658670356,0.0,-0.00010059350132030076,0.0
-0.06119740021360209,-0.4124049883230305,0.0,-0.0002204099589609987,0.0
-0.020439059019550565,-0.44576920046356294,0.0,-0.00015030813053806824,0.0
0.0,-0.16698743217833167,0.0,-0.3198086406996494,0.0
-0.0691353716751637,-0.40595138068209624,0.0,0.0,0.0
-7.060401725145216e-05,-0.10084047275267549,0.0,-0.3788746354998632,0.0
-0.05061060126636685,-0.42128965962055,0.0,-8.718395793083644e-05,0.0
-0.08182823136333728,-0.3952344106718423,0.0,0.0,0.0
0.0,-1.4906861928176696e-06,0.0,-0.46211598491242545,0.0
-0.005330632558255943,-0.45784313244993224,0.0,-9.03505599276766e-05,0.0
-0.040047259518617095,-0.4299504634198107,0.0,-9.540164061860867e-05,0.0
0.0,0.0,0.0,-0.4621171572600098,0.0
-0.010244677483229103,-0.4540219291154638,0.0,0.0,0.0
-0.010312909797259184,-0.4539061896084988,0.0,-7.754342416210758e-05,0.0
-0.014532037664741093,-0.4505662206521148,0.0,-5.643907082752975e-05,0.0
0.0,-0.4621171572600098,0.0,0.0,0.0
-0.00982710454192215,-0.454290823944141,0.0,-7.884644480826708e-05,0.0
-0.01366760050786009,-0.4512638840362093,0.0,-4.5329819737705e-05,0.0
-0.015625876981651632,-0.44968626491918406,0.0,-6.590106807491392e-05,0.0
-0.01922563776040709,-0.44680720796406614,0.0,-6.80369817745996e-05,0.0
-0.013759193734811825,-0.45106430344468273,0.0,-0.00020430678422878046,0.0
-0.019814785213096986,-0.4463095029371338,0.0,-0.00010034115960699808,0.0
-0.013673153342591227,-0.45123764671045463,0.0,-7.272198372754168e-05,0.0
-0.028682277155464897,-0.43909734447570636,0.0,-0.00019786307616742604,0.0
-0.006419664894954158,-0.45695573159049796,0.0,-0.00012345678949621242,0.0
-0.013632499034286538,-0.4511707777539329,0.0,-0.0001973463468594172,0.0
-0.012352939234900662,-0.4523464400134074,0.0,0.0,0.0
-0.019594037830437783,-0.4465158961399289,0.0,-6.341337905080291e-05,0.0
-0.008611742522662613,-0.4552600432932059,0.0,-7.236937315469039e-05,0.0
-0.020253249804810358,-0.4459953074035511,0.0,-5.3980065880310235e-05,0.0
-0.021994467530593975,-0.4443102341406283,0.0,-0.0004134965030627713,0.0
-0.01833049830788125,-0.4475391046377438,0.0,-4.8662661543685815e-05,0.0
-0.021445266091194792,-0.44508276165974026,0.0,0.0,0.0
-0.010474804840808205,-0.4537771088041126,0.0,-7.819548856236036e-05,0.0
-0.013192436727830215,-0.45167835565690206,0.0,0.0,0.0
-0.015164986554646931,-0.4500606725761521,0.0,-5.749108881780707e-05,0.0
-0.018084271944289187,-0.44770373021211973,0.0,-8.909479662799757e-05,0.0
-0.013078537298499171,-0.4517690290633888,0.0,0.0,0.0
-0.01814403528580877,-0.4476735390309525,0.0,-6.707088040591724e-05,0.0
0.0,-0.4621171572600098,0.0,0.0,0.0
-0.019447050838422464,-0.446645543421473,0.0,-4.851180698950408e-05,0.0
-4.896200544446394e-05,-0.4620786503305615,0.0,0.0,0.0
-0.002301010477200882,-0.45735364635177267,0.0,-0.003739131198749579,0.0
0.0,-0.4621171572600098,0.0,0.0,0.0
-0.008192134754738678,-0.451874666809422,0.0,-0.00475419464013771,0.0
-0.0010065823915546002,-0.4609729313543999,0.0,-0.0004473700730496244,0.0
-0.0006517904145627584,-0.4613931801970915,0.0,-0.00026838431991138556,0.0
-0.46157444904506584,-0.0005083145303250713,0.0,-0.0001815409173290261,0.0
-0.4608378660593446,-0.0013351901969334001,0.0,-0.00029025890279710254,0.0
-0.4614290241429859,-0.0007580173475282281,0.0,-0.00011661807527318935,0.0
-0.4619146839593461,-8.580744787578531e-05,0.0,-0.00017161489448824785,0.0
-0.0031680334784826014,-0.45042566793979655,0.0,-0.011597276169055148,0.0
-0.013160172993558428,-0.4500944747583522,0.0,-0.0020203158843450364,0.0
-0.0005280814618456864,-0.4530549137904345,0.0,-0.010933957883461631,0.0
-0.001426329085524758,-0.46064360827627704,0.0,-0.0004457281119738532,0.0
-0.4619273104221695,-0.00018102823842791604,0.0,-6.0342746728614394e-05,0.0
-0.45473771892222914,-0.0005950963353685834,0.0,-0.008747694021548513,0.0
0.0,-0.4621171572600098,0.0,0.0,0.0
0.0,-0.4621171572600098,0.0,0.0,0.0
0.0,-0.4621171572600098,0.0,0.0,0.0
0.0,-0.4621171572600098,0.0,0.0,0.0
0.0,-0.4621171572600098,0.0,0.0,0.0
0.0,-0.4621171572600098,0.0,0.0,0.0
-0.0067336344044235386,-0.4568049756839365,0.0,0.0,0.0
-0.026038622890192764,-0.44131215473409136,0.0,-9.634220722287701e-05,0.0
-0.00549073966426028,-0.45778799282841687,0.0,0.0,0.0
-0.008885452989219278,-0.45510040125616136,0.0,0.0,0.0
-0.004643878661511502,-0.45844417428184836,0.0,-1.6409583195153843e-05,0.0
-0.022617860898100584,-0.44413103596164694,0.0,-1.304597401174945e-05,0.0
-0.010545704164310776,-0.45378289635013813,0.0,0.0,0.0
-0.007313447716168819,-0.4563246013391766,0.0,-2.7037257334106002e-05,0.0
-0.00033865504268970614,-0.4617619705016286,0.0,-0.00011288501806605566,0.0
-0.009963879265393216,-0.4542107512934771,0.0,-4.294917678104859e-05,0.0
-0.006385609245532664,-0.456838257456614,0.0,-0.00030598125907577156,0.0
-0.003932391404382618,-0.45901082373079216,0.0,-1.0240655401450027e-05,0.0
-0.0029978823327340143,-0.45974619080534995,0.0,-1.2702929294672316e-05,0.0
-0.013324983887217257,-0.45149382269752336,0.0,-9.923447656701168e-05,0.0
-0.01920422733140581,-0.4468788018581866,0.0,0.0,0.0
-0.007811439663930497,-0.4559333321062403,0.0,-2.307710058890855e-05,0.0
-0.015190362126091594,-0.4500682776339844,0.0,-2.257285388218566e-05,0.0
-0.01570884848715992,-0.4496726300700393,0.0,0.0,0.0
-0.022146225090729943,-0.44450839388310115,0.0,-1.4737090307970213e-05,0.0
-0.023029998618679826,-0.44380115564750755,0.0,-1.155748693959513e-05,0.0
-0.0016647273491782189,-0.4607757077935173,0.0,-3.963640205084662e-05,0.0
-0.009923290588244038,-0.4542770553388966,0.0,0.0,0.0
-0.006080883478760013,-0.45732138372359554,0.0,0.0,0.0
-0.012609096363624839,-0.45214264170722607,0.0,0.0,0.0
-0.03514177322837275,-0.41480940197652194,0.0,-0.023433209408330713,0.0
-0.016482023753905506,-0.38557635760813,0.0,-0.0767717131252813,0.0
-0.04909344970841201,-0.39371161664173493,0.0,-0.034668181869562886,0.0
-0.03047836218715949,-0.39067945690688377,0.0,-0.05684920770503754,0.0
-0.015623728558408767,-0.3446633983585722,0.0,-0.12435300177159614,0.0
-0.06838624372115831,-0.3478658152099757,0.0,-0.06838624372115831,0.0
-0.03446909775439,-0.3828955685971498,0.0,-0.0619893800928174,0.0
-0.04079367533232914,-0.4294186492486969,0.0,0.0,0.0
-0.030293758217371014,-0.43795443948732726,0.0,0.0,0.0
0.0,-0.4621171572600098,0.0,0.0,0.0
-0.016665123628238465,-0.44890919084960423,0.0,0.0,0.0
-0.0384425844212164,-0.43133726987558463,0.0,0.0,0.0
-0.027770635492009754,-0.43999307928923514,0.0,0.0,0.0
-0.020830319774729267,-0.44557597326244924,0.0,0.0,0.0
-0.46194939843990934,-4.5705231693671244e-05,0.0,-0.00016758584809140054,0.0
-0.4620923639856953,-3.1525188615266764e-05,0.0,0.0,0.0
-0.46206172106139964,-4.699137704755607e-05,0.0,-2.3495688536767645e-05,0.0
-0.46201569764871553,-5.160091845057835e-05,0.0,-7.740137759004728e-05,0.0
-0.4621054478153066,-1.4888928591694217e-05,0.0,0.0,0.0
-0.4621171572600098,0.0,0.0,0.0,0.0
-0.4620876043744885,-3.7577032899971385e-05,0.0,0.0,0.0
-0.4621171572600098,0.0,0.0,0.0,0.0
-0.4621055873497564,-1.4711507340003926e-05,0.0,0.0,0.0
-0.4621171572600098,0.0,0.0,0.0,0.0
-0.4621171572600098,0.0,0.0,0.0,0.0
-0.4621171572600098,0.0,0.0,0.0,0.0
-0.4621171572600098,0.0,0.0,0.0,0.0
-0.4621171572600098,0.0,0.0,0.0,0.0
-0.4621171572600098,0.0,0.0,0.0,0.0
-0.4619589000286475,-0.00017885487971325276,0.0,-2.2356860198913253e-05,0.0
-0.4620413370760382,-9.640412579803304e-05,0.0,0.0,0.0
-0.4621171572600098,0.0,0.0,0.0,0.0
-0.46203858742596204,-8.562865684802468e-05,0.0,-1.4271442841828907e-05,0.0
-0.46208251128014377,0.0,0.0,-4.40528634075843e-05,0.0
-0.46209262232789194,0.0,0.0,-3.1196705617686504e-05,0.0
-0.4621171572600098,0.0,0.0,0.0,0.0
-0.4621093896861074,-9.876738305547583e-06,0.0,0.0,0.0
-0.4621171572600098,0.0,0.0,0.0,0.0
-0.4621171572600098,0.0,0.0,0.0,0.0
-0.4621171572600098,0.0,0.0,0.0,0.0
-0.4621171572600098,0.0,0.0,0.0,0.0
-0.4621171572600098,0.0,0.0,0.0,0.0
-0.4621171572600098,0.0,0.0,0.0,0.0
-0.4621171572600098,0.0,0.0,0.0,0.0
-0.4621171572600098,0.0,0.0,0.0,0.0
-0.4621171572600098,0.0,0.0,0.0,0.0
-0.4621171572600098,0.0,0.0,0.0,0.0
-0.462106324577656,-1.3774104682284793e-05,0.0,0.0,0.0
-0.4621171572600098,0.0,0.0,0.0,0.0
-0.46210718626398206,0.0,0.0,-1.26784491715215e-05,0.0
-0.02325162235730116,-0.44363235283329405,0.0,0.0,0.0
-0.02221856496567498,-0.4444621429396447,0.0,0.0,0.0
0.0,-0.4621171572600098,0.0,0.0,0.0
0.0,-0.4621171572600098,0.0,0.0,0.0
-0.4621171572600098,0.0,0.0,0.0,0.0
-0.4620798114700623,-3.561422668141301e-05,0.0,-1.1871408898245228e-05,0.0
-0.46183032660013845,-0.0001343466904246693,0.0,-0.0002303086094700424,0.0
-0.4621171572600098,0.0,0.0,0.0,0.0
-0.4621171572600098,0.0,0.0,0.0,0.0
-0.4621171572600098,0.0,0.0,0.0,0.0
-0.4621089156065311,-1.0479543929853286e-05,0.0,0.0,0.0
-0.4621171572600098,0.0,0.0,0.0,0.0
-0.4621171572600098,0.0,0.0,0.0,0.0
-0.4621171572600098,0.0,0.0,0.0,0.0
-0.4621171572600098,0.0,0.0,0.0,0.0
-0.4621171572600098,0.0,0.0,0.0,0.0
-0.4621171572600098,0.0,0.0,0.0,0.0
-0.4621171572600098,0.0,0.0,0.0,0.0
-0.004716946148250023,-0.45839942180331494,0.0,0.0,0.0
-0.4115700556740225,-0.062418746747512466,0.0,0.0,0.0
0.0,-0.4621171572600098,0.0,0.0,0.0
0.0,-0.4621171572600098,0.0,0.0,0.0
0.0,-0.4621171572600098,0.0,0.0,0.0
0.0,-0.4621171572600098,0.0,0.0,0.0
0.0,-0.4621171572600098,0.0,0.0,0.0
0.0,-0.4621171572600098,0.0,0.0,0.0
0.0,-0.4621171572600098,0.0,0.0,0.0
0.0,-0.4621171572600098,0.0,0.0,0.0
0.0,0.0,0.0,-0.4621171572600098,0.0
0.0,0.0,0.0,-0.4621171572600098,0.0
0.0,0.0,0.0,-0.4621171572600098,0.0
0.0,0.0,0.0,-0.4621171572600098,0.0
0.0,0.0,0.0,-0.4621171572600098,0.0
0.0,0.0,0.0,-0.4621171572600098,0.0
0.0,0.0,0.0,-0.4621171572600098,0.0
0.0,0.0,0.0,-0.4621171572600098,0.0
0.0,0.0,0.0,-0.4621171572600098,0.0
0.0,0.0,0.0,-0.4621171572600098,0.0
0.0,0.0,0.0,-0.4621171572600098,0.0
0.0,0.0,0.0,-0.4621171572600098,0.0
0.0,0.0,0.0,-0.4621171572600098,0.0
0.0,0.0,0.0,-0.4621171572600098,0.0
0.0,0.0,0.0,-0.4621171572600098,0.0
0.0,0.0,0.0,-0.4621171572600098,0.0
0.0,0.0,0.0,-0.4621171572600098,0.0
0.0,0.0,0.0,-0.4621171572600098,0.0
0.0,0.0,0.0,-0.4621171572600098,0.0
0.0,0.0,0.0,-0.4621171572600098,0.0
0.0,0.0,0.0,-0.4621171572600098,0.0
0.0,0.0,0.0,-0.4621171572600098,0.0
0.0,0.0,0.0,-0.4621171572600098,0.0
0.0,0.0,0.0,-0.4621171572600098,0.0
0.0,0.0,0.0,-0.4621171572600098,0.0
0.0,0.0,0.0,-0.4621171572600098,0.0
0.0,0.0,0.0,-0.4621171572600098,0.0
0.0,0.0,0.0,-0.4621171572600098,0.0
0.0,0.0,0.0,-0.4621171572600098,0.0
0.0,0.0,0.0,-0.4621171572600098,0.0
0.0,0.0,0.0,-0.4621171572600098,0.0
0.0,0.0,0.0,-0.4621171572600098,0.0
0.0,0.0,0.0,-0.4621171572600098,0.0
0.0,0.0,0.0,-0.4621171572600098,0.0
0.0,0.0,0.0,-0.4621171572600098,0.0
0.0,0.0,0.0,-0.4621171572600098,0.0
0.0,0.0,0.0,-0.4621171572600098,0.0
-0.031735371381751865,-0.4074415714300924,0.0,-0.03569910881226934,0.0
-0.03598445605792988,-0.4069913819036223,0.0,-0.03198908180540394,0.0
-0.030759524234168167,-0.3499481045527467,0.0,-0.10347446396187099,0.0
-0.014562077349081437,-0.31423969285747533,0.0,-0.15883778596945608,0.0
-0.02026749448420384,-0.4017010848093814,0.0,-0.05400146973095288,0.0
-0.055062361596524334,-0.35061232601961945,0.0,-0.07857783005699503,0.0
-0.03396750966267892,-0.38657501328522725,0.0,-0.05818662629760096,0.0
-0.04834936902395004,-0.392982657004633,0.0,-0.03627439966814272,0.0
-0.009523521588389872,-0.2869487968817832,0.0,-0.19279465440365495,0.0
