0.0,-0.4621171572600098,0.0,0.0
0.0,-0.4621171572600098,0.0,0.0
0.0,-0.453525997169815,-0.01086913716715665,0.0
0.0,-0.4621171572600098,0.0,0.0
0.0,-0.4621171572600098,0.0,0.0
0.0,-0.4621171572600098,0.0,0.0
0.0,-0.4621171572600098,0.0,0.0
0.0,-0.4621171572600098,0.0,0.0
0.0,-0.4621171572600098,0.0,0.0
0.0,-0.4621171572600098,0.0,0.0
0.0,-0.4621171572600098,0.0,0.0
0.0,-0.4621171572600098,0.0,0.0
0.0,-0.4621171572600098,0.0,0.0
0.0,0.0,0.0,0.0
0.0,-0.4621171572600098,0.0,0.0
0.0,-0.4621171572600098,0.0,0.0
0.0,-0.4621171572600098,0.0,0.0
0.0,-0.4621171572600098,0.0,0.0
0.0,0.0,0.0,0.0
0.0,-0.4621171572600098,0.0,0.0
0.0,-0.4041267397578592,-0.07130734166794328,0.0
0.0,-0.4621171572600098,0.0,0.0
0.0,-0.4621171572600098,0.0,0.0
0.0,-0.4621171572600098,0.0,0.0
0.0,-0.4621171572600098,0.0,0.0
0.0,-0.4621171572600098,0.0,0.0
0.0,0.0,0.0,0.0
-0.4621171572600098,0.0,0.0,0.0
0.0,-0.4621171572600098,0.0,0.0
0.0,-0.4621171572600098,0.0,0.0
0.0,-0.4621171572600098,0.0,0.0
0.0,0.0,0.0,0.0
-0.029403286738412193,-0.4267222807608775,-0.014704822332012202,0.0
0.0,-0.4621171572600098,0.0,0.0
0.0,-0.4621171572600098,0.0,0.0
0.0,0.0,0.0,0.0
0.0,-0.4621171572600098,0.0,0.0
-0.4621171572600098,0.0,0.0,0.0
-0.4621171572600098,0.0,0.0,0.0
-0.4620786804736535,0.0,0.0,-4.892367902176176e-05
-0.4621171572600098,0.0,0.0,0.0
-0.4620840513907013,-4.209462870041758e-05,0.0,0.0
-0.4621171572600098,0.0,0.0,0.0
-0.4621171572600098,0.0,0.0,0.0
-0.4621171572600098,0.0,0.0,0.0
-0.46210132759752076,-1.8298060771027025e-06,-1.8298060769583735e-05,0.0
-0.46209321542536497,0.0,-2.905882612591615e-05,-1.3837536255723037e-06
-0.4621171572600098,0.0,0.0,0.0
-0.46203297064821536,-9.73103421408883e-06,0.0,-9.731034183602105e-05
-0.4621149415036164,0.0,-2.8174199193653493e-06,0.0
-0.4621054664750168,0.0,-1.4865202344060968e-05,0.0
-0.4621171572600098,0.0,0.0,0.0
-0.46211485702057453,0.0,0.0,-2.9248432282802383e-06
-0.4620939202352179,-1.7380241446041111e-06,-2.7808386306782396e-05,0.0
-0.4621171572600098,0.0,0.0,0.0
-0.4621171572600098,0.0,0.0,0.0
-0.4620951975050356,0.0,-2.7922353512122022e-05,0.0
-0.4621171572600098,0.0,0.0,0.0
-0.4621171572600098,0.0,0.0,0.0
-0.4621171572600098,0.0,0.0,0.0
-0.4620187865891523,0.0,0.0,-0.00012507504437464512
-0.46209956395628726,0.0,0.0,-2.2370363738533072e-05
-0.4621171572600098,0.0,0.0,0.0
-0.4621171572600098,0.0,0.0,0.0
-0.4621171572600098,0.0,0.0,0.0
-0.4621171572600098,0.0,0.0,0.0
-0.4621171572600098,0.0,0.0,0.0
-0.4621171572600098,0.0,0.0,0.0
-0.4620824623700521,0.0,0.0,-4.4115052027171586e-05
-0.4615344301781735,0.0,0.0,-0.0007407073524169361
-0.4621171572600098,0.0,0.0,0.0
-0.4621171572600098,0.0,0.0,0.0
-0.4621171572600098,0.0,0.0,0.0
-0.4621171572600098,0.0,0.0,0.0
-0.4621171572600098,0.0,0.0,0.0
-0.4621171572600098,0.0,0.0,0.0
-0.4621171572600098,0.0,0.0,0.0
-0.4621171572600098,0.0,0.0,0.0
-0.4621171572600098,0.0,0.0,0.0
-0.4621171572600098,0.0,0.0,0.0
-0.4621171572600098,0.0,0.0,0.0
-0.4621171572600098,0.0,0.0,0.0
-0.4621171572600098,0.0,0.0,0.0
-0.4621171572600098,0.0,0.0,0.0
-0.4621171572600098,0.0,0.0,0.0
-0.4621171572600098,0.0,0.0,0.0
-0.4621171572600098,0.0,0.0,0.0
-0.4621171572600098,0.0,0.0,0.0
-0.4621171572600098,0.0,0.0,0.0
-0.4621171572600098,0.0,0.0,0.0
-0.4621171572600098,0.0,0.0,0.0
-0.4621171572600098,0.0,0.0,0.0
-0.4621171572600098,0.0,0.0,0.0
-0.4621171572600098,0.0,0.0,0.0
-0.4621171572600098,0.0,0.0,0.0
-0.4621171572600098,0.0,0.0,0.0
-0.4621171572600098,0.0,0.0,0.0
-0.4621171572600098,0.0,0.0,0.0
-0.4621171572600098,0.0,0.0,0.0
-0.4621171572600098,0.0,0.0,0.0
-0.4621171572600098,0.0,0.0,0.0
-0.4621171572600098,0.0,0.0,0.0
-0.4621171572600098,0.0,0.0,0.0
-0.46195362530463824,0.0,0.0,-0.00020791749534054826
-0.4621171572600098,0.0,0.0,0.0
-0.4621171572600098,0.0,0.0,0.0
-0.4621171572600098,0.0,0.0,0.0
-0.4621171572600098,0.0,0.0,0.0
-0.4621171572600098,0.0,0.0,0.0
-0.4621171572600098,0.0,0.0,0.0
-0.4621171572600098,0.0,0.0,0.0
-0.4621171572600098,0.0,0.0,0.0
-0.4621171572600098,0.0,0.0,0.0
-0.4621171572600098,0.0,0.0,0.0
-0.4621171572600098,0.0,0.0,0.0
-0.4621171572600098,0.0,0.0,0.0
-0.4621171572600098,0.0,0.0,0.0
-0.4621171572600098,0.0,0.0,0.0
-0.4621171572600098,0.0,0.0,0.0
-0.4621171572600098,0.0,0.0,0.0
-0.4621171572600098,0.0,0.0,0.0
-0.4621171572600098,0.0,0.0,0.0
-0.4621171572600098,0.0,0.0,0.0
-0.4621171572600098,0.0,0.0,0.0
-0.4621171572600098,0.0,0.0,0.0
-0.4621171572600098,0.0,0.0,0.0
-0.4621171572600098,0.0,0.0,0.0
-0.4621171572600098,0.0,0.0,0.0
-0.4621171572600098,0.0,0.0,0.0
-0.4621171572600098,0.0,0.0,0.0
-0.4621171572600098,0.0,0.0,0.0
-0.4621171572600098,0.0,0.0,0.0
-0.4621171572600098,0.0,0.0,0.0
-0.4621171572600098,0.0,0.0,0.0
-0.46204545039752265,-9.11743250574526e-05,0.0,0.0
-0.45514577645857746,-0.0007088541150660488,-0.0030931722461771116,-0.005026378600273773
-0.4603603456635329,-0.0019690181956966146,0.0,-0.0002625360926818976
-0.4621171572600098,0.0,0.0,0.0
-0.4621171572600098,0.0,0.0,0.0
-0.4598047480704739,-0.002114161754978583,0.0,-0.0008221750555242879
-0.4619703645091172,-0.00018663680261099547,0.0,0.0
-0.46200681793376086,-0.0001402918060380287,0.0,0.0
-0.35054250034014844,-0.0034396362161266403,-0.12817373305522994,-0.0016155916733673337
-0.45960862119784573,-0.0008203839487579412,-0.002075086298660156,-0.0002895473328986542
-0.44804122402007995,-0.0007811388838717681,-0.008450303042447316,-0.008521310569123974
-0.460138341138042,-0.00019841269580900267,-0.0013888879958282585,-0.0009259256613153299
-0.43515172299160076,-0.0020870571963139684,-0.031519073206834225,-0.0001490757293667322
-0.37946973456766875,-0.007932638081715737,-0.0024109457097343245,-0.08997224652072677
-0.46198839052273777,-8.185985574371557e-05,-8.185985574371557e-05,0.0
-0.4621171572600098,0.0,0.0,0.0
-0.46198180873616235,-8.60437099923228e-05,-8.60437099923228e-05,0.0
-0.46202604397983627,0.0,-0.00011584800689590224,0.0
-0.4392958717867901,-0.023938060917393367,-0.003403000962054925,-0.0012963855968817217
-0.4606622742427037,-0.0015344899722736782,-0.00024412359143954898,-6.974959882666276e-05
-0.46204109508591407,-9.671179853798506e-05,0.0,0.0
-0.4617858935364165,0.0,-0.0004211332063438489,0.0
-0.46204579740874374,0.0,-6.048874901876111e-05,-3.024437453702511e-05
-0.4621171572600098,0.0,0.0,0.0
-0.46174269484218,-0.00047603931662743015,0.0,0.0
-0.461989767140922,-0.00016196954830816068,0.0,0.0
-0.4620865222534061,-3.895294482292311e-05,0.0,0.0
-0.43887309898059523,-0.002223159581080436,-0.001376243043877401,-0.02556080835930008
-0.4576061518609609,-0.0017162454545192052,0.0,-0.004004555252532405
-0.4621171572600098,0.0,0.0,0.0
-0.440124680702492,-0.01791817602820056,-0.0051703417064061785,-0.0045240584415261464
-0.46047421129561983,-0.0008944541442909015,-0.00019876763801052189,-0.0009938378759311028
-0.4618833763879763,-7.430524581353293e-05,-0.00014861049080650002,-7.430524581353293e-05
-0.4620444963852347,0.0,0.0,-9.238728724647594e-05
-0.46197321248630296,-9.150805245328186e-05,-4.5754026322342156e-05,-4.5754026322342156e-05
-0.4621171572600098,0.0,0.0,0.0
-0.4618505908318904,-8.472422245253686e-05,-0.00021181055347052613,-4.236211130237422e-05
-0.461197914067187,-0.00025033377314198635,-0.0006675566431615376,-0.00025033377314198635
-0.4621171572600098,0.0,0.0,0.0
-0.46207293390370585,-5.623031932877609e-05,0.0,0.0
-0.45794568326553275,-0.0002568581059303465,-0.004674783576675168,-0.00035960134071055805
-0.4621171572600098,0.0,0.0,0.0
-0.45912946090378504,-0.0011115465541144953,-0.0025500140882973588,-0.0001307702359487628
-0.46006054446035316,-0.0003636844381081916,-0.0021821032614304237,-6.612444611153734e-05
-0.4621171572600098,0.0,0.0,0.0
-0.4621171572600098,0.0,0.0,0.0
-0.373798705093916,-0.0017921127767795975,-0.019949563099899037,-0.08521695052406619
-0.3558721733971252,-0.06231112046318488,-0.001335847075899732,-0.06403296542022585
-0.338414449674998,-0.11835172347313427,-0.0016348976581254115,-0.027148602660463705
-0.3310107919819737,-0.11626828660295774,-0.004625088734194427,-0.034601565567307535
-0.4621171572600098,0.0,0.0,0.0
-0.46169252582592046,-0.00017993378242553426,-0.0002519072927860133,-0.00010796027020087973
-0.4556658657681292,-5.52181114843453e-05,-0.008061669634088497,-5.52181114843453e-05
-0.4598628080276813,-0.0028627038378754577,0.0,0.0
-0.45842312091932347,-0.0006695680284964922,0.0,-0.00401738715839417
-0.44337928516462477,-0.0004967036528213953,-0.02284439475687805,-0.0002257744023770325
-0.4619743495036345,-0.00018157058356993439,0.0,0.0
-0.4616950092091695,-0.0005366451493427071,0.0,0.0
-0.4536070755534718,-0.010605172334574142,-0.00016191709703050616,0.0
-0.45963132707866006,-0.00031562334564771977,-0.0027879990887845763,-5.260389263961329e-05
-0.4615966490148209,0.0,-0.0005089576107767391,-0.00015268729523021385
-0.4616958169459614,0.0,-0.00048205673823598083,-5.356186390181872e-05
-0.46201785251010885,-0.00012626262559167767,0.0,0.0
-0.4621171572600098,0.0,0.0,0.0
-0.46207818858790517,0.0,0.0,-4.9549103120827276e-05
-0.4620287082492748,0.0,-5.623031932877609e-05,-5.623031932877609e-05
-0.4621171572600098,0.0,0.0,0.0
-0.4621171572600098,0.0,0.0,0.0
-0.4619315665372571,0.0,-0.0001179801787823953,-0.0001179801787823953
-0.46207982033509476,0.0,0.0,-4.7474363807809006e-05
-0.4603955121763088,-0.0005719668308381554,-0.001614963941532821,0.0
-0.4572673501857516,-0.00021204410199593404,-0.0058311468001847055,-0.0001060220521895694
-0.45245789218973753,-0.0035038399008009424,-0.007207803896710052,-0.0015016506882788994
-0.46100313765655854,-0.00011796626110194275,-0.000943729813023042,-0.0003538987701730001
-0.4621171572600098,0.0,0.0,0.0
-0.4575562597092089,-0.0015836935048774148,-0.003993643988682516,-0.00020656888778702864
-0.4621171572600098,0.0,0.0,0.0
-0.4621171572600098,0.0,0.0,0.0
-0.4618666593409779,-0.0003184713268127304,0.0,0.0
-0.46207094873557897,-5.8754406512928625e-05,0.0,0.0
-0.4621171572600098,0.0,0.0,0.0
-0.3883221081044551,-0.008710310116757713,-0.0017498815550115454,-0.07954847461128489
-0.4617792109396103,-0.0002577762445051812,-0.0001718508317847256,0.0
-0.4621171572600098,0.0,0.0,0.0
-0.4620652003503182,-6.606328853431265e-05,0.0,0.0
-0.461796695703636,-0.00023280176508777561,-0.00017460132519586669,0.0
-0.4621171572600098,0.0,0.0,0.0
-0.4532242357583427,-0.001495929951627617,-0.002692669413760229,-0.0070606773027055425
-0.4274600278978301,-0.004673377016910507,-0.0006597755805357597,-0.03786400949942281
-0.4621171572600098,0.0,0.0,0.0
-0.4621171572600098,0.0,0.0,0.0
-0.4474706973850856,-0.0007623886705879768,-0.017533145860892052,-0.00016941973577833114
-0.4615270997095021,0.0,-0.0007500219188349977,0.0
-0.4619379659188605,-7.594167664615181e-05,0.0,-0.00015188335241644868
-0.46159833196899336,-0.00014132278029144185,-0.00014132278029144185,-0.000376860732111739
-0.4619298871983879,-7.9365079198368e-05,-7.9365079198368e-05,-7.9365079198368e-05
-0.4617435546373545,-0.00011873664156980546,0.0,-0.0003562099113171291
-0.46208906134988426,0.0,-3.572449269706457e-05,0.0
-0.46181165349645503,0.0,-0.00028246592003511317,-0.00010592472243431406
-0.46203636783377666,-0.00010272213625917015,0.0,0.0
-0.44272073126140643,-0.0006097560219913145,-0.02316658594179799,-0.0006097560219913145
-0.46186483765761355,-0.00010692899873709916,-0.0002138579950289321,0.0
-0.46198392587198833,0.0,-0.00011293054723304774,-5.6465273796657556e-05
-0.4621171572600098,0.0,0.0,0.0
-0.4621171572600098,0.0,0.0,0.0
-0.44509062050277504,-0.000328983429298102,-0.02012010482738391,-0.0009869500030473821
-0.4518424641921197,-0.0012130720466139167,-0.011559353812988005,-0.00021407163937303686
-0.46200847991447624,-6.90894015757948e-05,-3.454470082897565e-05,-3.454470082897565e-05
-0.46207644988196417,-5.17598343222625e-05,0.0,0.0
-0.46104593467082977,-0.00028163724377405774,-0.00107960904356319,0.0
-0.4581193683637178,-0.0020365757323707046,-0.0006788594117288493,-0.0023560374902920067
-0.4584394084815512,-0.002177629160105443,-0.0005444080967837994,-0.0019443123733899892
-0.4621171572600098,0.0,0.0,0.0
-0.4285108494769633,-0.0036036910697105906,-0.0006292185418319551,-0.03767807086850794
-0.37400501871088454,-0.006973492236280521,-0.014845939758379001,-0.08490308256945389
-0.2816073062291843,-0.1268890226724697,-0.004487591928664214,-0.07834782602107138
-0.4621171572600098,0.0,0.0,0.0
-0.4552990297613737,-0.0012575446087277342,-0.006790640085453048,-0.0005868543927232128
-0.46206616054763006,-6.484243279725188e-05,0.0,0.0
-0.46201071566890817,-6.766815526282333e-05,-6.766815526282333e-05,0.0
-0.46002911743864594,-0.0025819900751956615,-6.978367050769485e-05,0.0
-0.46199735480918713,-0.00015232292342204357,0.0,0.0
-0.46102127416482674,-0.0012533066825881622,-6.962818537681326e-05,-6.962818537681326e-05
-0.4617690563739898,-0.0003793146865749275,-6.321911737705577e-05,0.0
-0.4620114737654668,-0.0001343724797071566,0.0,0.0
-0.46115265868678457,-0.0009630534581743788,-0.00017510068110304644,-8.755034122254202e-05
-0.45996658694953896,-0.0016806706864671561,-0.0008403359366486729,-0.00021008403052280578
-0.45589850192466497,-0.003645327220830108,-0.0018814653246063129,-0.002351830094768692
-0.4612291614543934,-0.0004751722141778103,-0.000356379172367971,-0.00029698264748156955
-0.458139417765026,-3.630291147749265e-05,-0.004973457867371578,-3.630291147749265e-05
-0.4524258689149079,-0.0038721500425632494,-0.0004411331936186036,-0.007940231123917285
-0.45263428736029176,-0.0020061982933190503,-0.009027659172601843,-0.0009575047228839173
-0.4608803049238934,-0.0004835589565072018,-0.0006648935190417538,-0.0004231140946732159
-0.4621171572600098,0.0,0.0,0.0
-0.45295498550950797,-0.00025866528134954603,-0.010708333556023075,-0.0006207966093350059
-0.4618032317199344,-6.651589720130247e-05,0.0,-0.00033257947423515066
-0.4619393903103588,-5.650355966402287e-05,-0.00016951067754911175,0.0
-0.46188906506762106,-0.0002319916441386738,-5.79979120101104e-05,0.0
-0.4620159092531789,-0.00012873326396456442,0.0,0.0
-0.45824854791170333,-0.004158121911076784,0.0,-0.0007498294436563135
-0.4621171572600098,0.0,0.0,0.0
-0.46188052757894116,0.0,-0.00022563176512413463,-7.521058950932247e-05
-0.46201172878165,0.0,-0.00013404825656981867,0.0
-0.4621171572600098,0.0,0.0,0.0
-0.46013798653436644,-0.001848290073328318,0.0,-0.0006653850858930888
-0.46102473726556015,-0.0013881649941567265,0.0,0.0
-0.4620923884524135,-3.1494079102745154e-05,0.0,0.0
-0.4621171572600098,0.0,0.0,0.0
-0.4600254000099788,-0.0018391097036341009,-0.0006470947942250893,-0.0001702881258658362
-0.4205578645003831,-0.004132675747786085,-0.00668015425443369,-0.04079482876306917
-0.46092122621046727,-0.00044117644196528527,0.0,-0.0010784309544721316
-0.4620115021615051,0.0,-0.0001343363774831685,0.0
-0.4621171572600098,0.0,0.0,0.0
-0.4621171572600098,0.0,0.0,0.0
-0.46034243559923405,-0.0008265702956767873,-0.001427711683977928,0.0
-0.45827986465936643,-0.0016596576928160633,-0.000442575762207964,-0.002766091639670898
-0.4620207970224761,-8.167932678060374e-05,0.0,-4.083966345858059e-05
-0.46155722391130494,-0.0004379961395249987,-0.0002737475978703552,0.0
-0.4610470813531733,-0.0005539886621013235,-0.0002518130486660608,-0.0005539886621013235
-0.4615658591741707,-0.0007007707332212787,0.0,0.0
-0.4611679582341265,-0.00012062726117612055,-0.0010856449293272785,0.0
-0.46198425608708094,0.0,-0.0001689760037989485,0.0
-0.4611420668805839,-0.0007885545284546103,-0.0001689760037989485,-0.00028162666823305926
-0.4579893261636687,-0.0005150214136914189,-0.004377654438862066,-0.00034334762599264046
-0.44496915329163234,-0.00017341541489213075,-0.021370196056703428,-4.3353854130567804e-05
-0.46202955554337244,0.0,-0.00011138338113902968,0.0
-0.4621171572600098,0.0,0.0,0.0
-0.4619876696794546,-4.115903850165914e-05,-0.00012347711494697933,0.0
-0.4494486630247957,-0.00033932811727810375,-0.015607826431020877,-4.241601626220337e-05
-0.4579737345863305,-7.007708467843266e-05,-0.005115582565666021,-7.007708467843266e-05
-0.4616567988900041,-0.00035112358107591835,-0.00023408239272837417,0.0
-0.42724930729230737,-0.0002961383471828949,-0.04309104382649809,-5.9227671098782686e-05
-0.4621171572600098,0.0,0.0,0.0
-0.44881344462467565,-0.0005138745693614721,-0.01567189250749501,-0.00059952031186572
-0.4621171572600098,0.0,0.0,0.0
-0.4621171572600098,0.0,0.0,0.0
-0.32561416639452356,-0.010660932080030383,-0.006996387589356057,-0.14343187001043434
-0.4621171572600098,0.0,0.0,0.0
0.0,0.0,0.0,0.0
0.0,0.0,0.0,0.0
-0.4621171572600098,0.0,0.0,0.0
-0.46210598160922,0.0,0.0,-1.4210197236574906e-05
-0.35674737022273684,-0.0031889424084723395,-0.10761901341839142,-0.01561840848473961
-0.4621171572600098,0.0,0.0,0.0
-0.27799854723278716,-0.004145732303707517,-0.18087392893557752,-0.02744964489516666
-0.4621171572600098,0.0,0.0,0.0
-0.3956753446695068,-0.002357893014597323,-0.04359345523361613,-0.03549501665002597
-0.4621171572600098,0.0,0.0,0.0
-0.42733734842004456,-0.004637607784673481,-0.029962649146632936,-0.008755919372811505
-0.4621171572600098,0.0,0.0,0.0
-0.38927356143489455,-0.02485166733747446,-0.019849897740513267,-0.044318089808345174
-0.4621171572600098,0.0,0.0,0.0
-0.3751670230431604,-0.024472967542738533,-0.02180812520869435,-0.05921814510650436
-0.4621171572600098,0.0,0.0,0.0
-0.4621171572600098,0.0,0.0,0.0
-0.3794904834057953,-0.0017148133193959358,-0.08653762304457457,-0.012065703926399496
-0.4621171572600098,0.0,0.0,0.0
-0.2768704852515941,-0.0051742165582424615,-0.1810645563755383,-0.027446188317209574
-0.4621171572600098,0.0,0.0,0.0
-0.38404643548955586,-0.015127674866914909,-0.0112291742519387,-0.06873541427818375
-0.4621171572600098,0.0,0.0,0.0
-0.34896313503648035,-0.0012757264724109207,-0.08931739086391155,-0.04487543628367907
-0.4621171572600098,0.0,0.0,0.0
-0.40425844274350187,-0.009739490122061878,-0.05085896702383064,-0.010628065609801673
-0.4621033044076437,0.0,0.0,-1.761431691504889e-05
-0.42413245022879376,-0.0046890848034214505,-0.03485633961769685,-0.007720053878640942
-0.46211197806682736,0.0,0.0,-6.585532901226543e-06
-0.3324464705476369,-0.0631199779497752,-0.013188799092095138,-0.07787224685904304
-0.4621123581463571,0.0,0.0,-6.102249289097195e-06
-0.4621171572600098,0.0,0.0,0.0
-0.46170539241616737,0.0,-0.0005158627347410238,-7.586217360300296e-06
-0.4621171572600098,0.0,0.0,0.0
-0.46016056968401187,-6.945730679686068e-05,-0.0009106622166191736,-0.0015049071802759606
-0.4621171572600098,0.0,0.0,0.0
-0.4615792937421763,0.0,-0.0006477149148179651,-3.5984166951053e-05
-0.4621171572600098,0.0,0.0,0.0
-0.46141013511025486,-4.4931703780171084e-05,-0.0008537021649992482,0.0
-0.4621171572600098,0.0,0.0,0.0
-0.46184968423220285,0.0,-0.00034004929404241047,0.0
-0.4621171572600098,0.0,0.0,0.0
-0.45977934811598276,0.0,-0.002848195122371888,-0.00012034659762172328
-0.4621171572600098,0.0,0.0,0.0
-0.45288426289927375,-0.0021025361222372085,-0.008167374590904553,-0.001407083011214172
-0.4621171572600098,0.0,0.0,0.0
-0.4604245688757225,-0.0005189797873322854,-0.0015569382437419232,-7.41399761392536e-05
-0.4620953281876118,0.0,0.0,-2.7756189623140415e-05
-0.4618332889252732,-0.0003222230703318063,0.0,-3.8666769758943786e-05
-0.4621171572600098,0.0,0.0,0.0
-0.4612965081076629,-0.00011174849093009698,-0.0008939876930003088,-3.724949711458869e-05
-0.4621171572600098,0.0,0.0,0.0
-0.45643467326230147,-0.0004519213640679087,-0.005802022478573754,-0.0009475768345887925
-0.46198390867311556,0.0,0.0,-0.00016941768558575987
-0.45919686460564124,-3.782577446476143e-05,-0.0036690836600767884,0.0
-0.4621171572600098,0.0,0.0,0.0
-0.4604291056073967,-9.440323640186321e-05,-0.001443019901969378,-0.0006068778755965454
-0.46193880575461843,0.0,0.0,-0.00022675736572796978
-0.4600489352032492,-5.3604931602335704e-05,-0.0025462287508912773,-2.680246582043022e-05
-0.4621171572600098,0.0,0.0,0.0
-0.46129951994948903,-5.469262737944902e-05,-0.0009297743984507667,-5.469262737944902e-05
-0.4621171572600098,0.0,0.0,0.0
-0.46050911611588574,-3.404603021972541e-05,-0.0019746671868872134,-3.404603021972541e-05
-0.4621171572600098,0.0,0.0,0.0
-0.45962956078590067,-4.119747319830669e-05,-0.003021138844610083,-9.612743722109407e-05
-0.4621171572600098,0.0,0.0,0.0
-0.4612821309982199,0.0,0.0,-0.0010612488435542966
-0.457468053526614,-3.4884532184364936e-05,-0.005302399200231345,-0.0005581524572135788
-0.44706541116590137,-0.0026373738251785905,-0.015586833908141529,-0.0007479135749209886
-0.4621171572600098,0.0,0.0,0.0
-0.45881809772677795,-0.0001610305944211854,-0.003864715058187529,-0.0001610305944211854
-0.4621171572600098,0.0,0.0,0.0
-0.4615635535527921,0.0,-0.0006209122473853634,-8.278831010144483e-05
-0.4621171572600098,0.0,0.0,0.0
-0.4616336242067417,-0.0001418439706799557,-0.0004728132035379806,0.0
-0.4615421753110013,0.0,0.0,-0.0007308657998195134
-0.46060687506891107,-0.00022841479730684178,-0.001507536546398014,-0.00018273183898942502
-0.4621171572600098,0.0,0.0,0.0
-0.4615940262701075,0.0,-0.0006333121382555706,-3.166561113576716e-05
-0.4621171572600098,0.0,0.0,0.0
-0.4554505190672965,-0.00022137887051376648,-0.008222458585162573,0.0
-0.4621171572600098,0.0,0.0,0.0
-0.46179403985661727,0.0,-0.0004107788135694346,0.0
-0.4621171572600098,0.0,0.0,0.0
-0.4618145071815397,0.0,-0.0003847633515400295,0.0
-0.4621171572600098,0.0,0.0,0.0
-0.46166314179985846,-4.809542127881539e-05,-0.00019238168289015256,-0.0003366679364912306
-0.4621171572600098,0.0,0.0,0.0
-0.46001214804874224,-0.0003456858269382801,-0.002235431379635777,-9.218289059431672e-05
-0.4621171572600098,0.0,0.0,0.0
-0.46185932988928236,0.0,-0.0002868147098276097,-4.09735310760162e-05
-0.4621171572600098,0.0,0.0,0.0
-0.45931304360952563,0.0,-0.003320086376967235,-0.000239594738022042
-0.4621171572600098,0.0,0.0,0.0
-0.46192619485238706,0.0,-0.00019423132707097057,-4.855783234014588e-05
-0.4621171572600098,0.0,0.0,0.0
-0.4612417725903609,-0.001071310435112105,0.0,-4.120426324438764e-05
-0.4621171572600098,0.0,0.0,0.0
-0.4462585069382704,-0.00011625541261894856,-0.019005471243744965,-0.0008573834618377241
-0.4621171572600098,0.0,0.0,0.0
-0.4536983628836476,-0.00016739712529290074,-0.010484763086561877,0.0
-0.4621171572600098,0.0,0.0,0.0
-0.45777631521468887,-0.0005662869840783458,-0.004719023675019307,-0.00022022273601063347
-0.4621171572600098,0.0,0.0,0.0
-0.4578744517606975,0.0,-0.005381355290894785,0.0
-0.461879382898275,0.0,0.0,-0.0003022974514931276
-0.45380513691354163,-0.0006040792385817451,-0.007959465196372362,-0.0019543717566092855
-0.4621171572600098,0.0,0.0,0.0
-0.4503382648970866,-0.00019547284633170126,-0.013623614608289869,-0.00105555299160498
-0.4621171572600098,0.0,0.0,0.0
-0.4621171572600098,0.0,0.0,0.0
-0.4621171572600098,0.0,0.0,0.0
-0.4621171572600098,0.0,0.0,0.0
-0.4621171572600098,0.0,0.0,0.0
-0.4621171572600098,0.0,0.0,0.0
-0.4621171572600098,0.0,0.0,0.0
-0.4621171572600098,0.0,0.0,0.0
-0.4621171572600098,0.0,0.0,0.0
-0.46208384384391366,0.0,0.0,-4.2358522509333696e-05
-0.4621171572600098,0.0,0.0,0.0
-0.4621171572600098,0.0,0.0,0.0
-0.4621171572600098,0.0,0.0,0.0
-0.4621171572600098,0.0,0.0,0.0
-0.4621171572600098,0.0,0.0,0.0
-0.4621171572600098,0.0,0.0,0.0
0.0,0.0,0.0,0.0
-0.46204089594204556,0.0,0.0,-9.696499533284886e-05
-0.4621171572600098,0.0,0.0,0.0
-0.4621171572600098,0.0,0.0,0.0
-0.4621171572600098,0.0,0.0,0.0
-0.4621171572600098,0.0,0.0,0.0
-0.4621171572600098,0.0,0.0,0.0
-0.4621171572600098,0.0,0.0,0.0
-0.4621171572600098,0.0,0.0,0.0
-0.4621171572600098,0.0,0.0,0.0
-0.4621171572600098,0.0,0.0,0.0
-0.4621171572600098,0.0,0.0,0.0
-0.4621171572600098,0.0,0.0,0.0
-0.46204048703568723,0.0,0.0,-9.748488953331691e-05
-0.4621171572600098,0.0,0.0,0.0
-0.4621171572600098,0.0,0.0,0.0
-0.4621171572600098,0.0,0.0,0.0
-0.4621171572600098,0.0,0.0,0.0
-0.4621171572600098,0.0,0.0,0.0
-0.4621171572600098,0.0,0.0,0.0
-0.4621171572600098,0.0,0.0,0.0
-0.4613411531544981,0.0,0.0,-0.000986270786409671
-0.4621171572600098,0.0,0.0,0.0
-0.4621171572600098,0.0,0.0,0.0
-0.4621171572600098,0.0,0.0,0.0
-0.4621171572600098,0.0,0.0,0.0
-0.4618844658198126,0.0,0.0,-0.00029583609816652423
-0.4621171572600098,0.0,0.0,0.0
-0.4621171572600098,0.0,0.0,0.0
-0.4621171572600098,0.0,0.0,0.0
-0.4621171572600098,0.0,0.0,0.0
-0.4621171572600098,0.0,0.0,0.0
-0.4621171572600098,0.0,0.0,0.0
-0.4621171572600098,0.0,0.0,0.0
-0.4621171572600098,0.0,0.0,0.0
-0.4621171572600098,0.0,0.0,0.0
-0.4621171572600098,0.0,0.0,0.0
-0.4621171572600098,0.0,0.0,0.0
-0.4620714482715762,0.0,0.0,-5.811926065757422e-05
-0.4620073111022379,0.0,0.0,-0.00013966480356109034
-0.4621171572600098,0.0,0.0,0.0
-0.4621171572600098,0.0,0.0,0.0
-0.4621171572600098,0.0,0.0,0.0
-0.4621171572600098,0.0,0.0,0.0
-0.4621171572600098,0.0,0.0,0.0
-0.4614331849213602,0.0,0.0,-0.0008693490109962232
-0.4621171572600098,0.0,0.0,0.0
-0.46210318380152826,0.0,0.0,-1.7767669945767395e-05
-0.4621171572600098,0.0,0.0,0.0
-0.4615284308377784,0.0,0.0,-0.0007483305073301416
-0.4621171572600098,0.0,0.0,0.0
-0.4336197416800923,-0.0026191220949025595,-0.031419192228843706,-0.0016052706724958288
-0.14549702593187552,-0.0009275993914535929,-0.33853794928178305,-9.513842612329793e-05
-0.38602683385638203,-0.001413926240514507,-0.08963155507189169,-0.0015906667390125362
-0.020715231991124128,-5.238481883163004e-05,-0.4456157701365032,-1.3096204719120763e-05
-0.06759749430923301,-0.00017676432711732915,-0.40700141081651575,-0.00011047770514949207
-0.24098898402089797,-0.0031651028472979847,-0.24545578573474847,-0.00043959905731671967
-0.4086273041381866,-0.004917664090886231,-0.05964409622807387,-0.00140505728493856
-0.31592150496599836,-0.0006577614918630292,-0.16941917086737956,-0.0011637315127125403
-0.2128155447586455,-8.496898611554116e-05,-0.2741770096490924,-0.0024216113764972125
-0.045930393706496986,-0.00019111323226472798,-0.4214668973639534,-0.0043716873909069864
-0.41676367953003135,-0.000987841623966479,-0.054353673670420544,-0.0008358660667325823
-0.3209688901674591,-0.002400440103416668,-0.16150052689636696,-0.0019456211552514313
-0.462093087392353,0.0,0.0,-3.060537429422361e-05
-0.4621171572600098,0.0,0.0,0.0
-0.4621059202918766,0.0,0.0,-1.4288163684095245e-05
-0.46208761991372005,0.0,0.0,-3.7557274826571785e-05
-0.46191232851780617,0.0,0.0,-0.0002604166607798053
-0.4621171572600098,0.0,0.0,0.0
-0.42602197932726016,0.0,-0.00529095591812434,-0.03966172337684615
-0.4621171572600098,0.0,0.0,0.0
-0.4621171572600098,0.0,0.0,0.0
-0.4621171572600098,0.0,0.0,0.0
-0.3363755443363322,0.0,-0.14888503362331795,0.0
-0.46020925451418704,0.0,-0.0016155074798781532,-0.0008077542669716609
-0.435071555965183,-0.0009960156068898884,-0.032856694614747495,0.0
-0.4621171572600098,0.0,0.0,0.0
-0.4621171572600098,0.0,0.0,0.0
-0.4621171572600098,0.0,0.0,0.0
-0.31575332099978315,0.0,-0.17136917391549567,0.0
-0.4621171572600098,0.0,0.0,0.0
-0.4621171572600098,0.0,0.0,0.0
-0.4621171572600098,0.0,0.0,0.0
-0.4616069864549742,0.0,-0.0006485083396967628,0.0
-0.4621171572600098,0.0,0.0,0.0
-0.4621171572600098,0.0,0.0,0.0
-0.4621171572600098,0.0,0.0,0.0
-0.4621171572600098,0.0,0.0,0.0
-0.4441965164599416,-0.0012765950511932633,-0.017019632962922526,-0.004255293464383247
-0.4620530072385731,-2.3990077703262003e-06,-1.713576978090714e-07,-7.899589856052991e-05
-0.46027693603471287,-0.0021997971657825577,-0.00010596770109172482,-3.162386902011427e-05
-0.4450371950379943,0.0,0.0,-0.021502061679769424
-0.4621171572600098,0.0,0.0,0.0
-0.4621171572600098,0.0,0.0,0.0
-0.4621171572600098,0.0,0.0,0.0
-0.46207082617679196,-2.8119444639429503e-07,-5.62388893121657e-07,-5.8066653141453095e-05
-0.4619901920453464,0.0,-3.606868249750317e-05,-0.00012536066417523362
-0.4605716842669787,0.0,0.0,-0.0019633482626044696
-0.4620903192810666,0.0,0.0,-3.412503411193146e-05
-0.4621171572600098,0.0,0.0,0.0
-0.4621171572600098,0.0,0.0,0.0
-0.4621171572600098,0.0,0.0,0.0
-0.4620761123474688,0.0,-3.2618126546424264e-06,-4.8927189779002234e-05
-0.46199461061658387,0.0,0.0,-0.00015581177810963798
-0.4611074138037178,0.0,0.0,-0.0012831681780544058
-0.4621171572600098,0.0,0.0,0.0
-0.462089769250429,0.0,0.0,-3.4824397959209996e-05
-0.4621171572600098,0.0,0.0,0.0
-0.4621171572600098,0.0,0.0,0.0
-0.4621171572600098,0.0,0.0,0.0
-0.4621171572600098,0.0,0.0,0.0
-0.4621171572600098,0.0,0.0,0.0
-0.4621171572600098,0.0,0.0,0.0
-0.4621171572600098,0.0,0.0,0.0
-0.4621171572600098,0.0,0.0,0.0
-0.4621171572600098,0.0,0.0,0.0
-0.46203131493311,0.0,0.0,-0.00010914647413551304
-0.4621171572600098,0.0,0.0,0.0
-0.4621171572600098,0.0,0.0,0.0
-0.4621171572600098,0.0,0.0,0.0
-0.46206791051675977,0.0,0.0,-6.261740755764134e-05
-0.4621171572600098,0.0,0.0,0.0
-0.4620762423375384,0.0,0.0,-5.202372277079981e-05
-0.4621171572600098,0.0,0.0,0.0
-0.46205653788705925,0.0,0.0,-7.707723123318022e-05
-0.392962658173467,-0.02831595077535487,-0.020779921150083647,-0.035579610513927995
-0.4621171572600098,0.0,0.0,0.0
-0.112683174820844,-0.012053571365240101,-0.35622264149446503,-0.0022292204828465723
-0.4621171572600098,0.0,0.0,0.0
-0.4621171572600098,0.0,0.0,0.0
-0.34395442158087286,-0.0023279758632334113,-0.13668959513020607,-0.0015507748712600966
-0.4621171572600098,0.0,0.0,0.0
-0.4621171572600098,0.0,0.0,0.0
-0.3962133525307867,-0.0031607422231678672,-0.05389920531123904,-0.023734197994365713
-0.4621171572600098,0.0,0.0,0.0
-0.4621171572600098,0.0,0.0,0.0
-0.46207576049070465,-1.4036368229053409e-05,-7.018184114748749e-06,-3.158182850715452e-05
-0.4621171572600098,0.0,0.0,0.0
-0.46207574219693803,-2.9621048049821574e-05,0.0,-2.3038592930291202e-05
-0.4620919185178737,-6.4183204537826555e-06,0.0,-2.5673281810023596e-05
-0.4620642090729369,-9.617665728156588e-06,0.0,-5.7705994306544994e-05
-0.4620761603042486,-1.2029544560809846e-05,0.0,-4.009848184993725e-05
-0.4620705619657187,0.0,0.0,-5.924617316643843e-05
-0.46207659265933576,0.0,0.0,-5.1578295807486185e-05
-0.4620770830327593,-7.279256545200674e-06,-4.852837696911472e-06,-3.882270155519674e-05
-0.4619557862517534,0.0,0.0,-0.000205170288463008
-0.4621171572600098,0.0,0.0,0.0
-0.4619609410054375,-6.988377213867913e-05,-7.356186552787136e-06,-0.00012137707752668536
-0.4621171572600098,0.0,0.0,0.0
-0.46208840548140995,-1.5393022341769758e-05,0.0,-2.116540571828196e-05
-0.4621171572600098,0.0,0.0,0.0
-0.46208185453387074,-1.2825116707748663e-05,-2.1375194514394735e-06,-2.99252723110488e-05
-0.4620503933734381,0.0,0.0,-8.488964325947812e-05
-0.4620868568714638,-9.631869930970538e-06,0.0,-2.889560978547312e-05
-0.4621171572600098,0.0,0.0,0.0
-0.4620774968434662,-6.303580433630884e-06,-3.151790216815442e-06,-4.09732727959522e-05
-0.4621171572600098,0.0,0.0,0.0
-0.46209172710005164,-1.2125621437486522e-05,0.0,-2.0209369060664173e-05
-0.4621171572600098,0.0,0.0,0.0
-0.4621171572600098,0.0,0.0,0.0
-0.4620863118746361,-1.0696483708771964e-05,0.0,-2.8523956550174923e-05
-0.4621171572600098,0.0,0.0,0.0
-0.462092324320053,-7.893905904388099e-06,0.0,-2.3681717709611583e-05
-0.4621171572600098,0.0,0.0,0.0
-0.46139886873559566,-5.3702808605060603e-05,-0.0008592447270497905,0.0
-0.4621171572600098,0.0,0.0,0.0
-0.46180691737858903,-5.634437677159987e-05,-0.00033806624810805985,0.0
-0.46203960752451456,0.0,-9.860312211262823e-05,0.0
-0.4620561570334807,0.0,-7.756146730752977e-05,0.0
-0.4621171572600098,0.0,0.0,0.0
-0.4620658075955145,0.0,0.0,-6.529119865350541e-05
-0.4620217555356184,0.0,-6.065016974610149e-05,-6.065016974610149e-05
-0.4621171572600098,0.0,0.0,0.0
-0.4551262598216743,-5.675046813047313e-05,-0.00879609570401052,0.0
-0.4620455809215087,-6.067224843897545e-05,-3.0336124247409835e-05,0.0
-0.4616066552909909,-0.00016223231525436255,-0.0003569110815352383,-0.0001297858526134732
-0.46195896723090935,0.0,-0.00018284209552688058,-1.828420975436007e-05
-0.4621171572600098,0.0,0.0,0.0
-0.4563732647382258,0.0,-0.0072083557118154395,-7.067137797422962e-05
-0.4621171572600098,0.0,0.0,0.0
-0.4621171572600098,0.0,0.0,0.0
-0.4621171572600098,0.0,0.0,0.0
-0.4621171572600098,0.0,0.0,0.0
-0.4621171572600098,0.0,0.0,0.0
-0.4621171572600098,0.0,0.0,0.0
-0.4621171572600098,0.0,0.0,0.0
-0.4620389261046054,-4.9734747969543136e-05,0.0,-4.9734747969543136e-05
-0.4621171572600098,0.0,0.0,0.0
-0.4621171572600098,0.0,0.0,0.0
-0.4621040422649533,-1.6676116464386936e-05,0.0,0.0
-0.46210672851455514,0.0,0.0,-1.3260489045929802e-05
-0.4621171572600098,0.0,0.0,0.0
-0.46209524180940875,0.0,0.0,-2.7866020167688355e-05
-0.46202664618097256,-9.864202776033171e-05,0.0,-1.644033801184719e-05
-0.4620831700759762,-4.321521172745424e-05,0.0,0.0
-0.461875352467484,0.0,0.0,-0.00030742086285606707
-0.4621090193099515,-1.0347682118716506e-05,0.0,0.0
-0.46210701053422787,-1.2901893997163683e-05,0.0,0.0
-0.46203194738928044,-6.190992098575876e-05,0.0,-4.643244076529829e-05
-0.4621171572600098,0.0,0.0,0.0
-0.4621079268194277,0.0,0.0,-1.1736813689267045e-05
-0.4620989286266751,0.0,0.0,-2.3178193951034487e-05
-0.4621171572600098,0.0,0.0,0.0
-0.4621053667112778,0.0,0.0,-1.4992054210072325e-05
-0.4621077710463459,0.0,0.0,-1.1934883276110142e-05
-0.46208557665527883,-2.6770178015445012e-05,0.0,-1.3385089009942952e-05
-0.4621171572600098,0.0,0.0,0.0
-0.4621171572600098,0.0,0.0,0.0
-0.4621171572600098,0.0,0.0,0.0
-0.45859899520348735,0.0,-0.0044642560570118395,0.0
-0.45156680604154353,0.0,0.0,-0.013332543266058927
-0.45442256093877686,0.0,0.0,-0.009739951723832352
-0.45305061044744777,0.0,0.0,-0.011467387211081315
-0.4484501756159296,0.0,0.0,-0.017239671092999065
-0.4523121372009298,0.0,0.0,-0.012396059220738498
-0.4461144289133422,0.0,-0.004032236211022444,-0.01612763377089188
-0.4621171572600098,0.0,0.0,0.0
-0.4621171572600098,0.0,0.0,0.0
-0.4621171572600098,0.0,0.0,0.0
-0.4621171572600098,0.0,0.0,0.0
-0.4621171572600098,0.0,0.0,0.0
-0.4621171572600098,0.0,0.0,0.0
-0.4621171572600098,0.0,0.0,0.0
-0.4619355940969331,0.0,-0.00023084025444064515,0.0
-0.4621171572600098,0.0,0.0,0.0
-0.4620919720237967,0.0,-3.202356933607042e-05,0.0
-0.4620255166714252,-1.9419738219617066e-05,-9.709869080465339e-05,0.0
-0.4621171572600098,0.0,0.0,0.0
-0.4621171572600098,0.0,0.0,0.0
-0.4621171572600098,0.0,0.0,0.0
-0.4621171572600098,0.0,0.0,0.0
-0.4621171572600098,0.0,0.0,0.0
-0.4621171572600098,0.0,0.0,0.0
-0.4621171572600098,0.0,0.0,0.0
-0.4621171572600098,0.0,0.0,0.0
-0.4621171572600098,0.0,0.0,0.0
-0.4621171572600098,0.0,0.0,0.0
-0.4621171572600098,0.0,0.0,0.0
-0.4620937011899753,0.0,-2.9824927665789147e-05,0.0
-0.4621171572600098,0.0,0.0,0.0
-0.4621171572600098,0.0,0.0,0.0
-0.4621042970435755,0.0,-1.6352160118970893e-05,0.0
-0.46208482447452803,0.0,-4.111165924325366e-05,0.0
-0.46208452214269646,0.0,-4.1496071681468294e-05,0.0
-0.4621171572600098,0.0,0.0,0.0
-0.4621171572600098,0.0,0.0,0.0
-0.4621171572600098,0.0,0.0,0.0
-0.4621171572600098,0.0,0.0,0.0
-0.4621171572600098,0.0,0.0,0.0
-0.4621171572600098,0.0,0.0,0.0
-0.4621171572600098,0.0,0.0,0.0
-0.4621171572600098,0.0,0.0,0.0
-0.4621171572600098,0.0,0.0,0.0
-0.4621171572600098,0.0,0.0,0.0
-0.4621171572600098,0.0,0.0,0.0
-0.4621171572600098,0.0,0.0,0.0
-0.4621171572600098,0.0,0.0,0.0
-0.4621171572600098,0.0,0.0,0.0
-0.4621171572600098,0.0,0.0,0.0
-0.4621171572600098,0.0,0.0,0.0
-0.4621171572600098,0.0,0.0,0.0
-0.4621171572600098,0.0,0.0,0.0
-0.4621171572600098,0.0,0.0,0.0
-0.4621171572600098,0.0,0.0,0.0
-0.4621025678919455,0.0,-1.8550810668482853e-05,0.0
-0.461883581531346,0.0,-0.0002969601986030357,0.0
-0.4621171572600098,0.0,0.0,0.0
-0.4621171572600098,0.0,0.0,0.0
-0.4621171572600098,0.0,0.0,0.0
-0.4621171572600098,0.0,0.0,0.0
-0.4621171572600098,0.0,0.0,0.0
-0.4621171572600098,0.0,0.0,0.0
-0.4621171572600098,0.0,0.0,0.0
-0.4621171572600098,0.0,0.0,0.0
-0.4621171572600098,0.0,0.0,0.0
-0.4621171572600098,0.0,0.0,0.0
-0.4621171572600098,0.0,0.0,0.0
-0.4621171572600098,0.0,0.0,0.0
-0.4621171572600098,0.0,0.0,0.0
-0.4621171572600098,0.0,0.0,0.0
-0.4621171572600098,0.0,0.0,0.0
-0.4621171572600098,0.0,0.0,0.0
-0.4621171572600098,0.0,0.0,0.0
-0.4621171572600098,0.0,0.0,0.0
-0.4621171572600098,0.0,0.0,0.0
-0.4621171572600098,0.0,0.0,0.0
-0.4621171572600098,0.0,0.0,0.0
0.0,-0.4621171572600098,0.0,0.0
-0.0337937529216521,-0.434844406683199,-0.00016903312888383315,-0.00016903312888383315
-0.04865259054558391,-0.4225589190905067,-0.0002529404271338631,-0.0002529404271338631
-0.0029687055970133436,-0.45923878549557295,-0.00011418131943974341,-0.0005709065376542366
-0.07449764344762655,-0.4014397347253702,0.0,0.0
-0.17106503874574341,-0.31603537525630576,0.0,0.0
-0.0017324999990998569,-0.46075354483073294,0.0,0.0
-0.4587278707170329,-0.004301048746793379,0.0,0.0
-0.03406806170609211,-0.40508120633256306,-0.03619020509985449,0.0
-0.05366220780012576,-0.3982164763987658,-0.02454395769958051,-0.00020981955210341852
-0.027910546780817058,-0.43956738594822,-0.00019387359198730358,-0.00019387359198730358
-0.0004596996305051837,-0.00030646643232989934,-0.46151439436842145,0.0
-0.0015119432083591233,-0.46080818069725404,-0.00015119443489264306,0.0
-0.2309372277720695,-0.2587989698353915,0.0,0.0
-0.0015918483848119669,-0.46086433010127004,0.0,0.0
-0.15986349941788602,-0.32418304973616574,-0.0023035189609069695,-0.0001355013541841643
-0.34007194745304126,-0.1364827536436789,-0.008139757876055698,-0.0003463803117447206
-0.008033853615854958,-0.45577540703166386,0.0,0.0
-0.015064492729697454,-0.44673087879472684,-0.004176586692978712,-0.00014916467669801037
-0.0087584265556514,-0.4548581498578924,-0.00032439445228893415,-0.00010813148746791068
-0.23205272864501514,-0.2576013151710903,0.0,-0.00010453690114553549
-0.0004165509339747464,-0.46124312080726937,-0.0006942514852389392,0.0
-0.13430754271957435,-0.3389383165586298,-0.011156561877256,-0.0008264460928337769
-0.011865678246790967,-0.45244804394238236,0.0,-0.0003595828683568003
-0.006969806432160719,-0.4563276561441395,-0.00018341892677664617,-0.00018341892677664617
-0.0034461955271736233,-0.45940258151334135,0.0,0.0
-0.05073093849382326,-0.42126213538448576,0.0,0.0
-0.022850499271774516,-0.44395464490406933,0.0,0.0
-0.018905836164450296,-0.4470174673236613,-0.0001252191328290353,0.0
-0.003402353735252772,-0.4593204584703279,0.0,-0.00014792899300375417
-0.10873024876605708,-0.37208261372250273,0.0,0.0
-0.0037073000885616825,-0.45796384733049256,-0.001463413589472884,-9.7560975300226e-05
-0.0018756676824823737,-0.4595141770301534,-0.001429080842075492,0.0
-0.00507609853307367,-0.45767961657674083,-0.0004414036349830175,-0.00011035091546474085
-0.016980478134808408,-0.4484501756159296,-0.00025926885600024985,0.0
-0.006719591674924863,-0.4568160885375755,0.0,0.0
-0.3291055631693146,-0.15605695876939452,-0.000499500457958657,-0.0003330003206916121
-0.45188701290784516,0.0,0.0,-0.012930313791079118
-0.4621171572600098,0.0,0.0,0.0
-0.4263649450621978,0.0,-0.004950454608645183,-0.03958326745532004
-0.44144648067770365,0.0,-0.006493415227455723,-0.01947805562959215
-0.44377602485286405,0.0,-0.023072827454140632,0.0
-0.4411712768290652,0.0,0.0,-0.02630971641232127
-0.44484971833988096,0.0,0.0,-0.021735706518313802
-0.4621171572600098,0.0,0.0,0.0
-0.42831503436930474,0.0,-0.006024023515641463,-0.03612884640725367
